<gpx xmlns:ns3="http://www.garmin.com/xmlschemas/TrackPointExtension/v1" xmlns="http://www.topografix.com/GPX/1/1" xmlns:xsi="http://www.w3.org/2001/XMLSchema-instance" xmlns:ns2="http://www.garmin.com/xmlschemas/GpxExtensions/v3" creator="Garmin Connect" version="1.1" xsi:schemaLocation="http://www.topografix.com/GPX/1/1 http://www.topografix.com/GPX/11.xsd">
  <extensions>
<distance>6004.56</distance>
<average_hr>147.0</average_hr>
<average_speed>3.223000049591065</average_speed>
<start_time>2026-08-23T11:57:55+00:00</start_time>
<end_time>2026-08-23T12:28:58.186000+00:00</end_time>
<moving_time>1847.408</moving_time>
<elapsed_time>3439.826</elapsed_time>
</extensions>
<metadata>
    <link href="connect.garmin.com">
      <text>Garmin Connect</text>
    </link>
    <time>2026-08-23T11:57:55.000Z</time>
  </metadata>
  <trk>
    <name>深圳市 - 乳酸阈值</name>
    <type>running</type>
    <trkseg>
      <trkpt lat="22.60191430337727069854736328125" lon="113.8944179378449916839599609375">
        <ele>24</ele>
        <time>2026-08-23T11:57:55.000Z</time>
        <extensions>
          <ns3:TrackPointExtension>
            <ns3:atemp>31.0</ns3:atemp>
            <ns3:hr>72</ns3:hr>
            <ns3:cad>50</ns3:cad>
          </ns3:TrackPointExtension>
        </extensions>
      </trkpt>
      <trkpt lat="22.6023877970874309539794921875" lon="113.89464248903095722198486328125">
        <ele>24</ele>
        <time>2026-08-23T11:57:56.000Z</time>
        <extensions>
          <ns3:TrackPointExtension>
            <ns3:atemp>31.0</ns3:atemp>
            <ns3:hr>73</ns3:hr>
            <ns3:cad>50</ns3:cad>
          </ns3:TrackPointExtension>
        </extensions>
      </trkpt>
      <trkpt lat="22.60241604410111904144287109375" lon="113.8946201093494892120361328125">
        <ele>23.799999237060546875</ele>
        <time>2026-08-23T11:57:57.000Z</time>
        <extensions>
          <ns3:TrackPointExtension>
            <ns3:atemp>31.0</ns3:atemp>
            <ns3:hr>73</ns3:hr>
            <ns3:cad>50</ns3:cad>
          </ns3:TrackPointExtension>
        </extensions>
      </trkpt>
      <trkpt lat="22.6024437882006168365478515625" lon="113.89458348043262958526611328125">
        <ele>23.6000003814697265625</ele>
        <time>2026-08-23T11:57:58.000Z</time>
        <extensions>
          <ns3:TrackPointExtension>
            <ns3:atemp>31.0</ns3:atemp>
            <ns3:hr>73</ns3:hr>
            <ns3:cad>0</ns3:cad>
          </ns3:TrackPointExtension>
        </extensions>
      </trkpt>
      <trkpt lat="22.6024494878947734832763671875" lon="113.89456302858889102935791015625">
        <ele>23.6000003814697265625</ele>
        <time>2026-08-23T11:57:59.000Z</time>
        <extensions>
          <ns3:TrackPointExtension>
            <ns3:atemp>31.0</ns3:atemp>
            <ns3:hr>73</ns3:hr>
            <ns3:cad>0</ns3:cad>
          </ns3:TrackPointExtension>
        </extensions>
      </trkpt>
      <trkpt lat="22.60245166718959808349609375" lon="113.8945436663925647735595703125">
        <ele>23.6000003814697265625</ele>
        <time>2026-08-23T11:58:00.000Z</time>
        <extensions>
          <ns3:TrackPointExtension>
            <ns3:atemp>31.0</ns3:atemp>
            <ns3:hr>75</ns3:hr>
            <ns3:cad>83</ns3:cad>
          </ns3:TrackPointExtension>
        </extensions>
      </trkpt>
      <trkpt lat="22.60245434939861297607421875" lon="113.8945247232913970947265625">
        <ele>23.6000003814697265625</ele>
        <time>2026-08-23T11:58:01.000Z</time>
        <extensions>
          <ns3:TrackPointExtension>
            <ns3:atemp>31.0</ns3:atemp>
            <ns3:hr>77</ns3:hr>
            <ns3:cad>83</ns3:cad>
          </ns3:TrackPointExtension>
        </extensions>
      </trkpt>
      <trkpt lat="22.60246180929243564605712890625" lon="113.8945005834102630615234375">
        <ele>23.6000003814697265625</ele>
        <time>2026-08-23T11:58:02.000Z</time>
        <extensions>
          <ns3:TrackPointExtension>
            <ns3:atemp>31.0</ns3:atemp>
            <ns3:hr>78</ns3:hr>
            <ns3:cad>85</ns3:cad>
          </ns3:TrackPointExtension>
        </extensions>
      </trkpt>
      <trkpt lat="22.60247002355754375457763671875" lon="113.89446781016886234283447265625">
        <ele>23.6000003814697265625</ele>
        <time>2026-08-23T11:58:03.000Z</time>
        <extensions>
          <ns3:TrackPointExtension>
            <ns3:atemp>31.0</ns3:atemp>
            <ns3:hr>79</ns3:hr>
            <ns3:cad>86</ns3:cad>
          </ns3:TrackPointExtension>
        </extensions>
      </trkpt>
      <trkpt lat="22.602470777928829193115234375" lon="113.89444216154515743255615234375">
        <ele>23.6000003814697265625</ele>
        <time>2026-08-23T11:58:04.000Z</time>
        <extensions>
          <ns3:TrackPointExtension>
            <ns3:atemp>31.0</ns3:atemp>
            <ns3:hr>81</ns3:hr>
            <ns3:cad>86</ns3:cad>
          </ns3:TrackPointExtension>
        </extensions>
      </trkpt>
      <trkpt lat="22.602472789585590362548828125" lon="113.89440628699958324432373046875">
        <ele>23.6000003814697265625</ele>
        <time>2026-08-23T11:58:05.000Z</time>
        <extensions>
          <ns3:TrackPointExtension>
            <ns3:atemp>31.0</ns3:atemp>
            <ns3:hr>82</ns3:hr>
            <ns3:cad>86</ns3:cad>
          </ns3:TrackPointExtension>
        </extensions>
      </trkpt>
      <trkpt lat="22.60247488506138324737548828125" lon="113.8943793810904026031494140625">
        <ele>23.6000003814697265625</ele>
        <time>2026-08-23T11:58:06.000Z</time>
        <extensions>
          <ns3:TrackPointExtension>
            <ns3:atemp>31.0</ns3:atemp>
            <ns3:hr>84</ns3:hr>
            <ns3:cad>86</ns3:cad>
          </ns3:TrackPointExtension>
        </extensions>
      </trkpt>
      <trkpt lat="22.60247488506138324737548828125" lon="113.89433118514716625213623046875">
        <ele>23.6000003814697265625</ele>
        <time>2026-08-23T11:58:07.000Z</time>
        <extensions>
          <ns3:TrackPointExtension>
            <ns3:atemp>31.0</ns3:atemp>
            <ns3:hr>85</ns3:hr>
            <ns3:cad>86</ns3:cad>
          </ns3:TrackPointExtension>
        </extensions>
      </trkpt>
      <trkpt lat="22.6024766452610492706298828125" lon="113.89430184848606586456298828125">
        <ele>23.6000003814697265625</ele>
        <time>2026-08-23T11:58:08.000Z</time>
        <extensions>
          <ns3:TrackPointExtension>
            <ns3:atemp>31.0</ns3:atemp>
            <ns3:hr>87</ns3:hr>
            <ns3:cad>85</ns3:cad>
          </ns3:TrackPointExtension>
        </extensions>
      </trkpt>
      <trkpt lat="22.6024756394326686859130859375" lon="113.89427569694817066192626953125">
        <ele>23.6000003814697265625</ele>
        <time>2026-08-23T11:58:09.000Z</time>
        <extensions>
          <ns3:TrackPointExtension>
            <ns3:atemp>31.0</ns3:atemp>
            <ns3:hr>88</ns3:hr>
            <ns3:cad>85</ns3:cad>
          </ns3:TrackPointExtension>
        </extensions>
      </trkpt>
      <trkpt lat="22.60247580707073211669921875" lon="113.89424686320126056671142578125">
        <ele>23.6000003814697265625</ele>
        <time>2026-08-23T11:58:10.000Z</time>
        <extensions>
          <ns3:TrackPointExtension>
            <ns3:atemp>31.0</ns3:atemp>
            <ns3:hr>89</ns3:hr>
            <ns3:cad>85</ns3:cad>
          </ns3:TrackPointExtension>
        </extensions>
      </trkpt>
      <trkpt lat="22.60247312486171722412109375" lon="113.89422808773815631866455078125">
        <ele>23.6000003814697265625</ele>
        <time>2026-08-23T11:58:11.000Z</time>
        <extensions>
          <ns3:TrackPointExtension>
            <ns3:atemp>31.0</ns3:atemp>
            <ns3:hr>91</ns3:hr>
            <ns3:cad>85</ns3:cad>
          </ns3:TrackPointExtension>
        </extensions>
      </trkpt>
      <trkpt lat="22.6024799980223178863525390625" lon="113.894199170172214508056640625">
        <ele>23.6000003814697265625</ele>
        <time>2026-08-23T11:58:12.000Z</time>
        <extensions>
          <ns3:TrackPointExtension>
            <ns3:atemp>31.0</ns3:atemp>
            <ns3:hr>92</ns3:hr>
            <ns3:cad>85</ns3:cad>
          </ns3:TrackPointExtension>
        </extensions>
      </trkpt>
      <trkpt lat="22.60248720645904541015625" lon="113.89416723512113094329833984375">
        <ele>23.3999996185302734375</ele>
        <time>2026-08-23T11:58:13.000Z</time>
        <extensions>
          <ns3:TrackPointExtension>
            <ns3:atemp>31.0</ns3:atemp>
            <ns3:hr>93</ns3:hr>
            <ns3:cad>85</ns3:cad>
          </ns3:TrackPointExtension>
        </extensions>
      </trkpt>
      <trkpt lat="22.60248921811580657958984375" lon="113.89414728619158267974853515625">
        <ele>23.3999996185302734375</ele>
        <time>2026-08-23T11:58:14.000Z</time>
        <extensions>
          <ns3:TrackPointExtension>
            <ns3:atemp>31.0</ns3:atemp>
            <ns3:hr>95</ns3:hr>
            <ns3:cad>84</ns3:cad>
          </ns3:TrackPointExtension>
        </extensions>
      </trkpt>
      <trkpt lat="22.60248796083033084869384765625" lon="113.89412633143365383148193359375">
        <ele>23.3999996185302734375</ele>
        <time>2026-08-23T11:58:15.000Z</time>
        <extensions>
          <ns3:TrackPointExtension>
            <ns3:atemp>31.0</ns3:atemp>
            <ns3:hr>96</ns3:hr>
            <ns3:cad>84</ns3:cad>
          </ns3:TrackPointExtension>
        </extensions>
      </trkpt>
      <trkpt lat="22.602486200630664825439453125" lon="113.89411107636988162994384765625">
        <ele>23.3999996185302734375</ele>
        <time>2026-08-23T11:58:16.000Z</time>
        <extensions>
          <ns3:TrackPointExtension>
            <ns3:atemp>31.0</ns3:atemp>
            <ns3:hr>97</ns3:hr>
            <ns3:cad>84</ns3:cad>
          </ns3:TrackPointExtension>
        </extensions>
      </trkpt>
      <trkpt lat="22.60248511098325252532958984375" lon="113.8940883614122867584228515625">
        <ele>23.3999996185302734375</ele>
        <time>2026-08-23T11:58:17.000Z</time>
        <extensions>
          <ns3:TrackPointExtension>
            <ns3:atemp>31.0</ns3:atemp>
            <ns3:hr>98</ns3:hr>
            <ns3:cad>85</ns3:cad>
          </ns3:TrackPointExtension>
        </extensions>
      </trkpt>
      <trkpt lat="22.60248385369777679443359375" lon="113.89406631700694561004638671875">
        <ele>23.3999996185302734375</ele>
        <time>2026-08-23T11:58:18.000Z</time>
        <extensions>
          <ns3:TrackPointExtension>
            <ns3:atemp>31.0</ns3:atemp>
            <ns3:hr>100</ns3:hr>
            <ns3:cad>85</ns3:cad>
          </ns3:TrackPointExtension>
        </extensions>
      </trkpt>
      <trkpt lat="22.60248879902064800262451171875" lon="113.89404418878257274627685546875">
        <ele>23.3999996185302734375</ele>
        <time>2026-08-23T11:58:19.000Z</time>
        <extensions>
          <ns3:TrackPointExtension>
            <ns3:atemp>31.0</ns3:atemp>
            <ns3:hr>101</ns3:hr>
            <ns3:cad>85</ns3:cad>
          </ns3:TrackPointExtension>
        </extensions>
      </trkpt>
      <trkpt lat="22.6024912297725677490234375" lon="113.89401309192180633544921875">
        <ele>23.6000003814697265625</ele>
        <time>2026-08-23T11:58:20.000Z</time>
        <extensions>
          <ns3:TrackPointExtension>
            <ns3:atemp>31.0</ns3:atemp>
            <ns3:hr>102</ns3:hr>
            <ns3:cad>85</ns3:cad>
          </ns3:TrackPointExtension>
        </extensions>
      </trkpt>
      <trkpt lat="22.602493576705455780029296875" lon="113.893987275660037994384765625">
        <ele>23.3999996185302734375</ele>
        <time>2026-08-23T11:58:21.000Z</time>
        <extensions>
          <ns3:TrackPointExtension>
            <ns3:atemp>32.0</ns3:atemp>
            <ns3:hr>103</ns3:hr>
            <ns3:cad>85</ns3:cad>
          </ns3:TrackPointExtension>
        </extensions>
      </trkpt>
      <trkpt lat="22.60249600745737552642822265625" lon="113.893954418599605560302734375">
        <ele>23.3999996185302734375</ele>
        <time>2026-08-23T11:58:22.000Z</time>
        <extensions>
          <ns3:TrackPointExtension>
            <ns3:atemp>31.0</ns3:atemp>
            <ns3:hr>104</ns3:hr>
            <ns3:cad>85</ns3:cad>
          </ns3:TrackPointExtension>
        </extensions>
      </trkpt>
      <trkpt lat="22.60249550454318523406982421875" lon="113.89393690042197704315185546875">
        <ele>23.3999996185302734375</ele>
        <time>2026-08-23T11:58:23.000Z</time>
        <extensions>
          <ns3:TrackPointExtension>
            <ns3:atemp>31.0</ns3:atemp>
            <ns3:hr>105</ns3:hr>
            <ns3:cad>85</ns3:cad>
          </ns3:TrackPointExtension>
        </extensions>
      </trkpt>
      <trkpt lat="22.60249332524836063385009765625" lon="113.8938985951244831085205078125">
        <ele>23.3999996185302734375</ele>
        <time>2026-08-23T11:58:24.000Z</time>
        <extensions>
          <ns3:TrackPointExtension>
            <ns3:atemp>32.0</ns3:atemp>
            <ns3:hr>106</ns3:hr>
            <ns3:cad>86</ns3:cad>
          </ns3:TrackPointExtension>
        </extensions>
      </trkpt>
      <trkpt lat="22.60249449871480464935302734375" lon="113.89387470670044422149658203125">
        <ele>23.200000762939453125</ele>
        <time>2026-08-23T11:58:25.000Z</time>
        <extensions>
          <ns3:TrackPointExtension>
            <ns3:atemp>32.0</ns3:atemp>
            <ns3:hr>108</ns3:hr>
            <ns3:cad>86</ns3:cad>
          </ns3:TrackPointExtension>
        </extensions>
      </trkpt>
      <trkpt lat="22.60249231941998004913330078125" lon="113.893847800791263580322265625">
        <ele>23.200000762939453125</ele>
        <time>2026-08-23T11:58:26.000Z</time>
        <extensions>
          <ns3:TrackPointExtension>
            <ns3:atemp>32.0</ns3:atemp>
            <ns3:hr>109</ns3:hr>
            <ns3:cad>86</ns3:cad>
          </ns3:TrackPointExtension>
        </extensions>
      </trkpt>
      <trkpt lat="22.60248812846839427947998046875" lon="113.89382240362465381622314453125">
        <ele>23.200000762939453125</ele>
        <time>2026-08-23T11:58:27.000Z</time>
        <extensions>
          <ns3:TrackPointExtension>
            <ns3:atemp>31.0</ns3:atemp>
            <ns3:hr>110</ns3:hr>
            <ns3:cad>85</ns3:cad>
          </ns3:TrackPointExtension>
        </extensions>
      </trkpt>
      <trkpt lat="22.6024830155074596405029296875" lon="113.89380027540028095245361328125">
        <ele>23.200000762939453125</ele>
        <time>2026-08-23T11:58:28.000Z</time>
        <extensions>
          <ns3:TrackPointExtension>
            <ns3:atemp>31.0</ns3:atemp>
            <ns3:hr>111</ns3:hr>
            <ns3:cad>85</ns3:cad>
          </ns3:TrackPointExtension>
        </extensions>
      </trkpt>
      <trkpt lat="22.60248326696455478668212890625" lon="113.8937745429575443267822265625">
        <ele>23.200000762939453125</ele>
        <time>2026-08-23T11:58:29.000Z</time>
        <extensions>
          <ns3:TrackPointExtension>
            <ns3:atemp>31.0</ns3:atemp>
            <ns3:hr>111</ns3:hr>
            <ns3:cad>85</ns3:cad>
          </ns3:TrackPointExtension>
        </extensions>
      </trkpt>
      <trkpt lat="22.602479495108127593994140625" lon="113.8937574438750743865966796875">
        <ele>23.200000762939453125</ele>
        <time>2026-08-23T11:58:30.000Z</time>
        <extensions>
          <ns3:TrackPointExtension>
            <ns3:atemp>31.0</ns3:atemp>
            <ns3:hr>112</ns3:hr>
            <ns3:cad>85</ns3:cad>
          </ns3:TrackPointExtension>
        </extensions>
      </trkpt>
      <trkpt lat="22.60248921811580657958984375" lon="113.89373405836522579193115234375">
        <ele>23.200000762939453125</ele>
        <time>2026-08-23T11:58:31.000Z</time>
        <extensions>
          <ns3:TrackPointExtension>
            <ns3:atemp>31.0</ns3:atemp>
            <ns3:hr>113</ns3:hr>
            <ns3:cad>85</ns3:cad>
          </ns3:TrackPointExtension>
        </extensions>
      </trkpt>
      <trkpt lat="22.6025001145899295806884765625" lon="113.89373011887073516845703125">
        <ele>23.200000762939453125</ele>
        <time>2026-08-23T11:58:32.000Z</time>
        <extensions>
          <ns3:TrackPointExtension>
            <ns3:atemp>32.0</ns3:atemp>
            <ns3:hr>113</ns3:hr>
            <ns3:cad>85</ns3:cad>
          </ns3:TrackPointExtension>
        </extensions>
      </trkpt>
      <trkpt lat="22.60250455699861049652099609375" lon="113.89371536672115325927734375">
        <ele>23.200000762939453125</ele>
        <time>2026-08-23T11:58:33.000Z</time>
        <extensions>
          <ns3:TrackPointExtension>
            <ns3:atemp>32.0</ns3:atemp>
            <ns3:hr>114</ns3:hr>
            <ns3:cad>85</ns3:cad>
          </ns3:TrackPointExtension>
        </extensions>
      </trkpt>
      <trkpt lat="22.60251360945403575897216796875" lon="113.89369918964803218841552734375">
        <ele>23.200000762939453125</ele>
        <time>2026-08-23T11:58:34.000Z</time>
        <extensions>
          <ns3:TrackPointExtension>
            <ns3:atemp>31.0</ns3:atemp>
            <ns3:hr>114</ns3:hr>
            <ns3:cad>85</ns3:cad>
          </ns3:TrackPointExtension>
        </extensions>
      </trkpt>
      <trkpt lat="22.6025115139782428741455078125" lon="113.89367404393851757049560546875">
        <ele>23.200000762939453125</ele>
        <time>2026-08-23T11:58:35.000Z</time>
        <extensions>
          <ns3:TrackPointExtension>
            <ns3:atemp>31.0</ns3:atemp>
            <ns3:hr>115</ns3:hr>
            <ns3:cad>85</ns3:cad>
          </ns3:TrackPointExtension>
        </extensions>
      </trkpt>
      <trkpt lat="22.60251243598759174346923828125" lon="113.8936411030590534210205078125">
        <ele>23.3999996185302734375</ele>
        <time>2026-08-23T11:58:36.000Z</time>
        <extensions>
          <ns3:TrackPointExtension>
            <ns3:atemp>32.0</ns3:atemp>
            <ns3:hr>115</ns3:hr>
            <ns3:cad>85</ns3:cad>
          </ns3:TrackPointExtension>
        </extensions>
      </trkpt>
      <trkpt lat="22.60251478292047977447509765625" lon="113.8936095871031284332275390625">
        <ele>23.3999996185302734375</ele>
        <time>2026-08-23T11:58:37.000Z</time>
        <extensions>
          <ns3:TrackPointExtension>
            <ns3:atemp>31.0</ns3:atemp>
            <ns3:hr>116</ns3:hr>
            <ns3:cad>84</ns3:cad>
          </ns3:TrackPointExtension>
        </extensions>
      </trkpt>
      <trkpt lat="22.602519057691097259521484375" lon="113.89358720742166042327880859375">
        <ele>23.3999996185302734375</ele>
        <time>2026-08-23T11:58:38.000Z</time>
        <extensions>
          <ns3:TrackPointExtension>
            <ns3:atemp>31.0</ns3:atemp>
            <ns3:hr>116</ns3:hr>
            <ns3:cad>84</ns3:cad>
          </ns3:TrackPointExtension>
        </extensions>
      </trkpt>
      <trkpt lat="22.60252333246171474456787109375" lon="113.89355820603668689727783203125">
        <ele>23.3999996185302734375</ele>
        <time>2026-08-23T11:58:39.000Z</time>
        <extensions>
          <ns3:TrackPointExtension>
            <ns3:atemp>32.0</ns3:atemp>
            <ns3:hr>117</ns3:hr>
            <ns3:cad>83</ns3:cad>
          </ns3:TrackPointExtension>
        </extensions>
      </trkpt>
      <trkpt lat="22.60252819396555423736572265625" lon="113.89353607781231403350830078125">
        <ele>23.3999996185302734375</ele>
        <time>2026-08-23T11:58:40.000Z</time>
        <extensions>
          <ns3:TrackPointExtension>
            <ns3:atemp>32.0</ns3:atemp>
            <ns3:hr>117</ns3:hr>
            <ns3:cad>83</ns3:cad>
          </ns3:TrackPointExtension>
        </extensions>
      </trkpt>
      <trkpt lat="22.60253204964101314544677734375" lon="113.89350841753184795379638671875">
        <ele>23.3999996185302734375</ele>
        <time>2026-08-23T11:58:41.000Z</time>
        <extensions>
          <ns3:TrackPointExtension>
            <ns3:atemp>32.0</ns3:atemp>
            <ns3:hr>118</ns3:hr>
            <ns3:cad>83</ns3:cad>
          </ns3:TrackPointExtension>
        </extensions>
      </trkpt>
      <trkpt lat="22.6025339774787425994873046875" lon="113.8934882171452045440673828125">
        <ele>23.3999996185302734375</ele>
        <time>2026-08-23T11:58:42.000Z</time>
        <extensions>
          <ns3:TrackPointExtension>
            <ns3:atemp>32.0</ns3:atemp>
            <ns3:hr>118</ns3:hr>
            <ns3:cad>83</ns3:cad>
          </ns3:TrackPointExtension>
        </extensions>
      </trkpt>
      <trkpt lat="22.6025314629077911376953125" lon="113.89347220771014690399169921875">
        <ele>23.200000762939453125</ele>
        <time>2026-08-23T11:58:43.000Z</time>
        <extensions>
          <ns3:TrackPointExtension>
            <ns3:atemp>31.0</ns3:atemp>
            <ns3:hr>119</ns3:hr>
            <ns3:cad>83</ns3:cad>
          </ns3:TrackPointExtension>
        </extensions>
      </trkpt>
      <trkpt lat="22.6025302894413471221923828125" lon="113.893444798886775970458984375">
        <ele>23.200000762939453125</ele>
        <time>2026-08-23T11:58:44.000Z</time>
        <extensions>
          <ns3:TrackPointExtension>
            <ns3:atemp>32.0</ns3:atemp>
            <ns3:hr>120</ns3:hr>
            <ns3:cad>83</ns3:cad>
          </ns3:TrackPointExtension>
        </extensions>
      </trkpt>
      <trkpt lat="22.60252836160361766815185546875" lon="113.89341537840664386749267578125">
        <ele>23.200000762939453125</ele>
        <time>2026-08-23T11:58:45.000Z</time>
        <extensions>
          <ns3:TrackPointExtension>
            <ns3:atemp>31.0</ns3:atemp>
            <ns3:hr>120</ns3:hr>
            <ns3:cad>83</ns3:cad>
          </ns3:TrackPointExtension>
        </extensions>
      </trkpt>
      <trkpt lat="22.60252769105136394500732421875" lon="113.89338553883135318756103515625">
        <ele>23</ele>
        <time>2026-08-23T11:58:46.000Z</time>
        <extensions>
          <ns3:TrackPointExtension>
            <ns3:atemp>32.0</ns3:atemp>
            <ns3:hr>121</ns3:hr>
            <ns3:cad>83</ns3:cad>
          </ns3:TrackPointExtension>
        </extensions>
      </trkpt>
      <trkpt lat="22.602525092661380767822265625" lon="113.8933552801609039306640625">
        <ele>23</ele>
        <time>2026-08-23T11:58:47.000Z</time>
        <extensions>
          <ns3:TrackPointExtension>
            <ns3:atemp>32.0</ns3:atemp>
            <ns3:hr>121</ns3:hr>
            <ns3:cad>84</ns3:cad>
          </ns3:TrackPointExtension>
        </extensions>
      </trkpt>
      <trkpt lat="22.6025287806987762451171875" lon="113.89331362210214138031005859375">
        <ele>22.799999237060546875</ele>
        <time>2026-08-23T11:58:48.000Z</time>
        <extensions>
          <ns3:TrackPointExtension>
            <ns3:atemp>32.0</ns3:atemp>
            <ns3:hr>121</ns3:hr>
            <ns3:cad>84</ns3:cad>
          </ns3:TrackPointExtension>
        </extensions>
      </trkpt>
      <trkpt lat="22.60252752341330051422119140625" lon="113.89328361488878726959228515625">
        <ele>22.799999237060546875</ele>
        <time>2026-08-23T11:58:49.000Z</time>
        <extensions>
          <ns3:TrackPointExtension>
            <ns3:atemp>31.0</ns3:atemp>
            <ns3:hr>121</ns3:hr>
            <ns3:cad>83</ns3:cad>
          </ns3:TrackPointExtension>
        </extensions>
      </trkpt>
      <trkpt lat="22.602531798183917999267578125" lon="113.893251009285449981689453125">
        <ele>22.799999237060546875</ele>
        <time>2026-08-23T11:58:50.000Z</time>
        <extensions>
          <ns3:TrackPointExtension>
            <ns3:atemp>32.0</ns3:atemp>
            <ns3:hr>121</ns3:hr>
            <ns3:cad>83</ns3:cad>
          </ns3:TrackPointExtension>
        </extensions>
      </trkpt>
      <trkpt lat="22.6025396771728992462158203125" lon="113.89321823604404926300048828125">
        <ele>22.6000003814697265625</ele>
        <time>2026-08-23T11:58:51.000Z</time>
        <extensions>
          <ns3:TrackPointExtension>
            <ns3:atemp>31.0</ns3:atemp>
            <ns3:hr>122</ns3:hr>
            <ns3:cad>83</ns3:cad>
          </ns3:TrackPointExtension>
        </extensions>
      </trkpt>
      <trkpt lat="22.60254914872348308563232421875" lon="113.89319107867777347564697265625">
        <ele>22.6000003814697265625</ele>
        <time>2026-08-23T11:58:52.000Z</time>
        <extensions>
          <ns3:TrackPointExtension>
            <ns3:atemp>32.0</ns3:atemp>
            <ns3:hr>122</ns3:hr>
            <ns3:cad>85</ns3:cad>
          </ns3:TrackPointExtension>
        </extensions>
      </trkpt>
      <trkpt lat="22.6025651581585407257080078125" lon="113.8931621611118316650390625">
        <ele>22.6000003814697265625</ele>
        <time>2026-08-23T11:58:53.000Z</time>
        <extensions>
          <ns3:TrackPointExtension>
            <ns3:atemp>32.0</ns3:atemp>
            <ns3:hr>123</ns3:hr>
            <ns3:cad>85</ns3:cad>
          </ns3:TrackPointExtension>
        </extensions>
      </trkpt>
      <trkpt lat="22.602581083774566650390625" lon="113.89311681501567363739013671875">
        <ele>22.6000003814697265625</ele>
        <time>2026-08-23T11:58:54.000Z</time>
        <extensions>
          <ns3:TrackPointExtension>
            <ns3:atemp>32.0</ns3:atemp>
            <ns3:hr>125</ns3:hr>
            <ns3:cad>84</ns3:cad>
          </ns3:TrackPointExtension>
        </extensions>
      </trkpt>
      <trkpt lat="22.6025877892971038818359375" lon="113.89308772981166839599609375">
        <ele>22.6000003814697265625</ele>
        <time>2026-08-23T11:58:55.000Z</time>
        <extensions>
          <ns3:TrackPointExtension>
            <ns3:atemp>32.0</ns3:atemp>
            <ns3:hr>126</ns3:hr>
            <ns3:cad>84</ns3:cad>
          </ns3:TrackPointExtension>
        </extensions>
      </trkpt>
      <trkpt lat="22.6025976799428462982177734375" lon="113.893043138086795806884765625">
        <ele>22.3999996185302734375</ele>
        <time>2026-08-23T11:58:56.000Z</time>
        <extensions>
          <ns3:TrackPointExtension>
            <ns3:atemp>32.0</ns3:atemp>
            <ns3:hr>126</ns3:hr>
            <ns3:cad>85</ns3:cad>
          </ns3:TrackPointExtension>
        </extensions>
      </trkpt>
      <trkpt lat="22.60260279290378093719482421875" lon="113.89300583861768245697021484375">
        <ele>22.3999996185302734375</ele>
        <time>2026-08-23T11:58:57.000Z</time>
        <extensions>
          <ns3:TrackPointExtension>
            <ns3:atemp>31.0</ns3:atemp>
            <ns3:hr>127</ns3:hr>
            <ns3:cad>85</ns3:cad>
          </ns3:TrackPointExtension>
        </extensions>
      </trkpt>
      <trkpt lat="22.60261000134050846099853515625" lon="113.89295152388513088226318359375">
        <ele>22.3999996185302734375</ele>
        <time>2026-08-23T11:58:58.000Z</time>
        <extensions>
          <ns3:TrackPointExtension>
            <ns3:atemp>32.0</ns3:atemp>
            <ns3:hr>129</ns3:hr>
            <ns3:cad>85</ns3:cad>
          </ns3:TrackPointExtension>
        </extensions>
      </trkpt>
      <trkpt lat="22.60262223891913890838623046875" lon="113.8928991369903087615966796875">
        <ele>22.200000762939453125</ele>
        <time>2026-08-23T11:58:59.000Z</time>
        <extensions>
          <ns3:TrackPointExtension>
            <ns3:atemp>32.0</ns3:atemp>
            <ns3:hr>129</ns3:hr>
            <ns3:cad>85</ns3:cad>
          </ns3:TrackPointExtension>
        </extensions>
      </trkpt>
      <trkpt lat="22.60262592695653438568115234375" lon="113.8928615860641002655029296875">
        <ele>22.200000762939453125</ele>
        <time>2026-08-23T11:59:00.000Z</time>
        <extensions>
          <ns3:TrackPointExtension>
            <ns3:atemp>32.0</ns3:atemp>
            <ns3:hr>131</ns3:hr>
            <ns3:cad>84</ns3:cad>
          </ns3:TrackPointExtension>
        </extensions>
      </trkpt>
      <trkpt lat="22.6026288606226444244384765625" lon="113.89282763935625553131103515625">
        <ele>22.200000762939453125</ele>
        <time>2026-08-23T11:59:01.000Z</time>
        <extensions>
          <ns3:TrackPointExtension>
            <ns3:atemp>32.0</ns3:atemp>
            <ns3:hr>131</ns3:hr>
            <ns3:cad>84</ns3:cad>
          </ns3:TrackPointExtension>
        </extensions>
      </trkpt>
      <trkpt lat="22.60262810625135898590087890625" lon="113.89278774149715900421142578125">
        <ele>22</ele>
        <time>2026-08-23T11:59:02.000Z</time>
        <extensions>
          <ns3:TrackPointExtension>
            <ns3:atemp>32.0</ns3:atemp>
            <ns3:hr>130</ns3:hr>
            <ns3:cad>84</ns3:cad>
          </ns3:TrackPointExtension>
        </extensions>
      </trkpt>
      <trkpt lat="22.602628357708454132080078125" lon="113.89276058413088321685791015625">
        <ele>22</ele>
        <time>2026-08-23T11:59:03.000Z</time>
        <extensions>
          <ns3:TrackPointExtension>
            <ns3:atemp>32.0</ns3:atemp>
            <ns3:hr>128</ns3:hr>
            <ns3:cad>84</ns3:cad>
          </ns3:TrackPointExtension>
        </extensions>
      </trkpt>
      <trkpt lat="22.60263581760227680206298828125" lon="113.89271448366343975067138671875">
        <ele>22</ele>
        <time>2026-08-23T11:59:04.000Z</time>
        <extensions>
          <ns3:TrackPointExtension>
            <ns3:atemp>32.0</ns3:atemp>
            <ns3:hr>127</ns3:hr>
            <ns3:cad>83</ns3:cad>
          </ns3:TrackPointExtension>
        </extensions>
      </trkpt>
      <trkpt lat="22.60263673961162567138671875" lon="113.8926872424781322479248046875">
        <ele>22</ele>
        <time>2026-08-23T11:59:05.000Z</time>
        <extensions>
          <ns3:TrackPointExtension>
            <ns3:atemp>32.0</ns3:atemp>
            <ns3:hr>127</ns3:hr>
            <ns3:cad>83</ns3:cad>
          </ns3:TrackPointExtension>
        </extensions>
      </trkpt>
      <trkpt lat="22.60264470241963863372802734375" lon="113.892658241093158721923828125">
        <ele>21.799999237060546875</ele>
        <time>2026-08-23T11:59:06.000Z</time>
        <extensions>
          <ns3:TrackPointExtension>
            <ns3:atemp>32.0</ns3:atemp>
            <ns3:hr>128</ns3:hr>
            <ns3:cad>83</ns3:cad>
          </ns3:TrackPointExtension>
        </extensions>
      </trkpt>
      <trkpt lat="22.602647803723812103271484375" lon="113.89263452030718326568603515625">
        <ele>21.799999237060546875</ele>
        <time>2026-08-23T11:59:07.000Z</time>
        <extensions>
          <ns3:TrackPointExtension>
            <ns3:atemp>32.0</ns3:atemp>
            <ns3:hr>128</ns3:hr>
            <ns3:cad>83</ns3:cad>
          </ns3:TrackPointExtension>
        </extensions>
      </trkpt>
      <trkpt lat="22.60265375487506389617919921875" lon="113.89260954223573207855224609375">
        <ele>21.799999237060546875</ele>
        <time>2026-08-23T11:59:08.000Z</time>
        <extensions>
          <ns3:TrackPointExtension>
            <ns3:atemp>32.0</ns3:atemp>
            <ns3:hr>128</ns3:hr>
            <ns3:cad>83</ns3:cad>
          </ns3:TrackPointExtension>
        </extensions>
      </trkpt>
      <trkpt lat="22.60266867466270923614501953125" lon="113.89258489944040775299072265625">
        <ele>21.799999237060546875</ele>
        <time>2026-08-23T11:59:09.000Z</time>
        <extensions>
          <ns3:TrackPointExtension>
            <ns3:atemp>32.0</ns3:atemp>
            <ns3:hr>129</ns3:hr>
            <ns3:cad>83</ns3:cad>
          </ns3:TrackPointExtension>
        </extensions>
      </trkpt>
      <trkpt lat="22.6026778109371662139892578125" lon="113.89256310649216175079345703125">
        <ele>21.799999237060546875</ele>
        <time>2026-08-23T11:59:10.000Z</time>
        <extensions>
          <ns3:TrackPointExtension>
            <ns3:atemp>32.0</ns3:atemp>
            <ns3:hr>129</ns3:hr>
            <ns3:cad>83</ns3:cad>
          </ns3:TrackPointExtension>
        </extensions>
      </trkpt>
      <trkpt lat="22.6026898808777332305908203125" lon="113.89253460802137851715087890625">
        <ele>21.799999237060546875</ele>
        <time>2026-08-23T11:59:11.000Z</time>
        <extensions>
          <ns3:TrackPointExtension>
            <ns3:atemp>32.0</ns3:atemp>
            <ns3:hr>129</ns3:hr>
            <ns3:cad>83</ns3:cad>
          </ns3:TrackPointExtension>
        </extensions>
      </trkpt>
      <trkpt lat="22.602700106799602508544921875" lon="113.89251013286411762237548828125">
        <ele>22</ele>
        <time>2026-08-23T11:59:12.000Z</time>
        <extensions>
          <ns3:TrackPointExtension>
            <ns3:atemp>32.0</ns3:atemp>
            <ns3:hr>129</ns3:hr>
            <ns3:cad>83</ns3:cad>
          </ns3:TrackPointExtension>
        </extensions>
      </trkpt>
      <trkpt lat="22.60270421393215656280517578125" lon="113.89248247258365154266357421875">
        <ele>22</ele>
        <time>2026-08-23T11:59:13.000Z</time>
        <extensions>
          <ns3:TrackPointExtension>
            <ns3:atemp>32.0</ns3:atemp>
            <ns3:hr>129</ns3:hr>
            <ns3:cad>83</ns3:cad>
          </ns3:TrackPointExtension>
        </extensions>
      </trkpt>
      <trkpt lat="22.6027150265872478485107421875" lon="113.892450034618377685546875">
        <ele>22</ele>
        <time>2026-08-23T11:59:14.000Z</time>
        <extensions>
          <ns3:TrackPointExtension>
            <ns3:atemp>32.0</ns3:atemp>
            <ns3:hr>129</ns3:hr>
            <ns3:cad>83</ns3:cad>
          </ns3:TrackPointExtension>
        </extensions>
      </trkpt>
      <trkpt lat="22.60271913371980190277099609375" lon="113.8924260623753070831298828125">
        <ele>22</ele>
        <time>2026-08-23T11:59:15.000Z</time>
        <extensions>
          <ns3:TrackPointExtension>
            <ns3:atemp>32.0</ns3:atemp>
            <ns3:hr>129</ns3:hr>
            <ns3:cad>83</ns3:cad>
          </ns3:TrackPointExtension>
        </extensions>
      </trkpt>
      <trkpt lat="22.6027260906994342803955078125" lon="113.89239446260035037994384765625">
        <ele>22.200000762939453125</ele>
        <time>2026-08-23T11:59:16.000Z</time>
        <extensions>
          <ns3:TrackPointExtension>
            <ns3:atemp>32.0</ns3:atemp>
            <ns3:hr>129</ns3:hr>
            <ns3:cad>84</ns3:cad>
          </ns3:TrackPointExtension>
        </extensions>
      </trkpt>
      <trkpt lat="22.60273053310811519622802734375" lon="113.89237149618566036224365234375">
        <ele>22.200000762939453125</ele>
        <time>2026-08-23T11:59:17.000Z</time>
        <extensions>
          <ns3:TrackPointExtension>
            <ns3:atemp>32.0</ns3:atemp>
            <ns3:hr>129</ns3:hr>
            <ns3:cad>84</ns3:cad>
          </ns3:TrackPointExtension>
        </extensions>
      </trkpt>
      <trkpt lat="22.6027314551174640655517578125" lon="113.89234735630452632904052734375">
        <ele>22.200000762939453125</ele>
        <time>2026-08-23T11:59:18.000Z</time>
        <extensions>
          <ns3:TrackPointExtension>
            <ns3:atemp>32.0</ns3:atemp>
            <ns3:hr>128</ns3:hr>
            <ns3:cad>84</ns3:cad>
          </ns3:TrackPointExtension>
        </extensions>
      </trkpt>
      <trkpt lat="22.60274142958223819732666015625" lon="113.8923154212534427642822265625">
        <ele>22.200000762939453125</ele>
        <time>2026-08-23T11:59:19.000Z</time>
        <extensions>
          <ns3:TrackPointExtension>
            <ns3:atemp>32.0</ns3:atemp>
            <ns3:hr>129</ns3:hr>
            <ns3:cad>84</ns3:cad>
          </ns3:TrackPointExtension>
        </extensions>
      </trkpt>
      <trkpt lat="22.6027445308864116668701171875" lon="113.8922855816781520843505859375">
        <ele>22.3999996185302734375</ele>
        <time>2026-08-23T11:59:20.000Z</time>
        <extensions>
          <ns3:TrackPointExtension>
            <ns3:atemp>32.0</ns3:atemp>
            <ns3:hr>129</ns3:hr>
            <ns3:cad>83</ns3:cad>
          </ns3:TrackPointExtension>
        </extensions>
      </trkpt>
      <trkpt lat="22.60274612344801425933837890625" lon="113.8922476954758167266845703125">
        <ele>22.3999996185302734375</ele>
        <time>2026-08-23T11:59:21.000Z</time>
        <extensions>
          <ns3:TrackPointExtension>
            <ns3:atemp>32.0</ns3:atemp>
            <ns3:hr>128</ns3:hr>
            <ns3:cad>83</ns3:cad>
          </ns3:TrackPointExtension>
        </extensions>
      </trkpt>
      <trkpt lat="22.60275148786604404449462890625" lon="113.89221156947314739227294921875">
        <ele>22.3999996185302734375</ele>
        <time>2026-08-23T11:59:22.000Z</time>
        <extensions>
          <ns3:TrackPointExtension>
            <ns3:atemp>32.0</ns3:atemp>
            <ns3:hr>128</ns3:hr>
            <ns3:cad>83</ns3:cad>
          </ns3:TrackPointExtension>
        </extensions>
      </trkpt>
      <trkpt lat="22.60275081731379032135009765625" lon="113.8921769522130489349365234375">
        <ele>22.3999996185302734375</ele>
        <time>2026-08-23T11:59:23.000Z</time>
        <extensions>
          <ns3:TrackPointExtension>
            <ns3:atemp>32.0</ns3:atemp>
            <ns3:hr>128</ns3:hr>
            <ns3:cad>83</ns3:cad>
          </ns3:TrackPointExtension>
        </extensions>
      </trkpt>
      <trkpt lat="22.602756433188915252685546875" lon="113.89214082621037960052490234375">
        <ele>22.6000003814697265625</ele>
        <time>2026-08-23T11:59:24.000Z</time>
        <extensions>
          <ns3:TrackPointExtension>
            <ns3:atemp>32.0</ns3:atemp>
            <ns3:hr>128</ns3:hr>
            <ns3:cad>83</ns3:cad>
          </ns3:TrackPointExtension>
        </extensions>
      </trkpt>
      <trkpt lat="22.60276355780661106109619140625" lon="113.892106376588344573974609375">
        <ele>22.6000003814697265625</ele>
        <time>2026-08-23T11:59:25.000Z</time>
        <extensions>
          <ns3:TrackPointExtension>
            <ns3:atemp>32.0</ns3:atemp>
            <ns3:hr>129</ns3:hr>
            <ns3:cad>82</ns3:cad>
          </ns3:TrackPointExtension>
        </extensions>
      </trkpt>
      <trkpt lat="22.6027633063495159149169921875" lon="113.8920730166137218475341796875">
        <ele>22.6000003814697265625</ele>
        <time>2026-08-23T11:59:26.000Z</time>
        <extensions>
          <ns3:TrackPointExtension>
            <ns3:atemp>32.0</ns3:atemp>
            <ns3:hr>129</ns3:hr>
            <ns3:cad>82</ns3:cad>
          </ns3:TrackPointExtension>
        </extensions>
      </trkpt>
      <trkpt lat="22.60277227498590946197509765625" lon="113.8920445181429386138916015625">
        <ele>22.6000003814697265625</ele>
        <time>2026-08-23T11:59:27.000Z</time>
        <extensions>
          <ns3:TrackPointExtension>
            <ns3:atemp>32.0</ns3:atemp>
            <ns3:hr>129</ns3:hr>
            <ns3:cad>83</ns3:cad>
          </ns3:TrackPointExtension>
        </extensions>
      </trkpt>
      <trkpt lat="22.60277428664267063140869140625" lon="113.8920168578624725341796875">
        <ele>22.6000003814697265625</ele>
        <time>2026-08-23T11:59:28.000Z</time>
        <extensions>
          <ns3:TrackPointExtension>
            <ns3:atemp>32.0</ns3:atemp>
            <ns3:hr>129</ns3:hr>
            <ns3:cad>83</ns3:cad>
          </ns3:TrackPointExtension>
        </extensions>
      </trkpt>
      <trkpt lat="22.6027757115662097930908203125" lon="113.8919995911419391632080078125">
        <ele>22.6000003814697265625</ele>
        <time>2026-08-23T11:59:29.000Z</time>
        <extensions>
          <ns3:TrackPointExtension>
            <ns3:atemp>32.0</ns3:atemp>
            <ns3:hr>129</ns3:hr>
            <ns3:cad>83</ns3:cad>
          </ns3:TrackPointExtension>
        </extensions>
      </trkpt>
      <trkpt lat="22.60277847759425640106201171875" lon="113.89197687618434429168701171875">
        <ele>22.6000003814697265625</ele>
        <time>2026-08-23T11:59:30.000Z</time>
        <extensions>
          <ns3:TrackPointExtension>
            <ns3:atemp>32.0</ns3:atemp>
            <ns3:hr>129</ns3:hr>
            <ns3:cad>83</ns3:cad>
          </ns3:TrackPointExtension>
        </extensions>
      </trkpt>
      <trkpt lat="22.602784931659698486328125" lon="113.891961537301540374755859375">
        <ele>22.6000003814697265625</ele>
        <time>2026-08-23T11:59:31.000Z</time>
        <extensions>
          <ns3:TrackPointExtension>
            <ns3:atemp>32.0</ns3:atemp>
            <ns3:hr>129</ns3:hr>
            <ns3:cad>83</ns3:cad>
          </ns3:TrackPointExtension>
        </extensions>
      </trkpt>
      <trkpt lat="22.60279356501996517181396484375" lon="113.89193865470588207244873046875">
        <ele>22.6000003814697265625</ele>
        <time>2026-08-23T11:59:32.000Z</time>
        <extensions>
          <ns3:TrackPointExtension>
            <ns3:atemp>32.0</ns3:atemp>
            <ns3:hr>129</ns3:hr>
            <ns3:cad>83</ns3:cad>
          </ns3:TrackPointExtension>
        </extensions>
      </trkpt>
      <trkpt lat="22.602801024913787841796875" lon="113.89191987924277782440185546875">
        <ele>22.6000003814697265625</ele>
        <time>2026-08-23T11:59:33.000Z</time>
        <extensions>
          <ns3:TrackPointExtension>
            <ns3:atemp>32.0</ns3:atemp>
            <ns3:hr>130</ns3:hr>
            <ns3:cad>83</ns3:cad>
          </ns3:TrackPointExtension>
        </extensions>
      </trkpt>
      <trkpt lat="22.60281619615852832794189453125" lon="113.89190093614161014556884765625">
        <ele>22.6000003814697265625</ele>
        <time>2026-08-23T11:59:34.000Z</time>
        <extensions>
          <ns3:TrackPointExtension>
            <ns3:atemp>32.0</ns3:atemp>
            <ns3:hr>130</ns3:hr>
            <ns3:cad>83</ns3:cad>
          </ns3:TrackPointExtension>
        </extensions>
      </trkpt>
      <trkpt lat="22.60282524861395359039306640625" lon="113.89188417233526706695556640625">
        <ele>22.6000003814697265625</ele>
        <time>2026-08-23T11:59:35.000Z</time>
        <extensions>
          <ns3:TrackPointExtension>
            <ns3:atemp>32.0</ns3:atemp>
            <ns3:hr>130</ns3:hr>
            <ns3:cad>83</ns3:cad>
          </ns3:TrackPointExtension>
        </extensions>
      </trkpt>
      <trkpt lat="22.6028345525264739990234375" lon="113.8918664865195751190185546875">
        <ele>22.3999996185302734375</ele>
        <time>2026-08-23T11:59:36.000Z</time>
        <extensions>
          <ns3:TrackPointExtension>
            <ns3:atemp>32.0</ns3:atemp>
            <ns3:hr>130</ns3:hr>
            <ns3:cad>84</ns3:cad>
          </ns3:TrackPointExtension>
        </extensions>
      </trkpt>
      <trkpt lat="22.6028471253812313079833984375" lon="113.8918456993997097015380859375">
        <ele>22.3999996185302734375</ele>
        <time>2026-08-23T11:59:37.000Z</time>
        <extensions>
          <ns3:TrackPointExtension>
            <ns3:atemp>32.0</ns3:atemp>
            <ns3:hr>129</ns3:hr>
            <ns3:cad>84</ns3:cad>
          </ns3:TrackPointExtension>
        </extensions>
      </trkpt>
      <trkpt lat="22.602857016026973724365234375" lon="113.8918292708694934844970703125">
        <ele>22.3999996185302734375</ele>
        <time>2026-08-23T11:59:38.000Z</time>
        <extensions>
          <ns3:TrackPointExtension>
            <ns3:atemp>32.0</ns3:atemp>
            <ns3:hr>130</ns3:hr>
            <ns3:cad>84</ns3:cad>
          </ns3:TrackPointExtension>
        </extensions>
      </trkpt>
      <trkpt lat="22.60286900214850902557373046875" lon="113.89180504716932773590087890625">
        <ele>22.3999996185302734375</ele>
        <time>2026-08-23T11:59:39.000Z</time>
        <extensions>
          <ns3:TrackPointExtension>
            <ns3:atemp>32.0</ns3:atemp>
            <ns3:hr>129</ns3:hr>
            <ns3:cad>84</ns3:cad>
          </ns3:TrackPointExtension>
        </extensions>
      </trkpt>
      <trkpt lat="22.60288090445101261138916015625" lon="113.8917870260775089263916015625">
        <ele>22.3999996185302734375</ele>
        <time>2026-08-23T11:59:40.000Z</time>
        <extensions>
          <ns3:TrackPointExtension>
            <ns3:atemp>32.0</ns3:atemp>
            <ns3:hr>129</ns3:hr>
            <ns3:cad>84</ns3:cad>
          </ns3:TrackPointExtension>
        </extensions>
      </trkpt>
      <trkpt lat="22.60288752615451812744140625" lon="113.8917655684053897857666015625">
        <ele>22.6000003814697265625</ele>
        <time>2026-08-23T11:59:41.000Z</time>
        <extensions>
          <ns3:TrackPointExtension>
            <ns3:atemp>32.0</ns3:atemp>
            <ns3:hr>130</ns3:hr>
            <ns3:cad>84</ns3:cad>
          </ns3:TrackPointExtension>
        </extensions>
      </trkpt>
      <trkpt lat="22.60290403850376605987548828125" lon="113.8917451165616512298583984375">
        <ele>22.6000003814697265625</ele>
        <time>2026-08-23T11:59:42.000Z</time>
        <extensions>
          <ns3:TrackPointExtension>
            <ns3:atemp>32.0</ns3:atemp>
            <ns3:hr>130</ns3:hr>
            <ns3:cad>84</ns3:cad>
          </ns3:TrackPointExtension>
        </extensions>
      </trkpt>
      <trkpt lat="22.6029138453304767608642578125" lon="113.891729526221752166748046875">
        <ele>22.3999996185302734375</ele>
        <time>2026-08-23T11:59:43.000Z</time>
        <extensions>
          <ns3:TrackPointExtension>
            <ns3:atemp>32.0</ns3:atemp>
            <ns3:hr>130</ns3:hr>
            <ns3:cad>84</ns3:cad>
          </ns3:TrackPointExtension>
        </extensions>
      </trkpt>
      <trkpt lat="22.60292734019458293914794921875" lon="113.89171016402542591094970703125">
        <ele>22.6000003814697265625</ele>
        <time>2026-08-23T11:59:44.000Z</time>
        <extensions>
          <ns3:TrackPointExtension>
            <ns3:atemp>32.0</ns3:atemp>
            <ns3:hr>129</ns3:hr>
            <ns3:cad>84</ns3:cad>
          </ns3:TrackPointExtension>
        </extensions>
      </trkpt>
      <trkpt lat="22.60294276289641857147216796875" lon="113.89169356785714626312255859375">
        <ele>22.6000003814697265625</ele>
        <time>2026-08-23T11:59:45.000Z</time>
        <extensions>
          <ns3:TrackPointExtension>
            <ns3:atemp>32.0</ns3:atemp>
            <ns3:hr>129</ns3:hr>
            <ns3:cad>85</ns3:cad>
          </ns3:TrackPointExtension>
        </extensions>
      </trkpt>
      <trkpt lat="22.60295315645635128021240234375" lon="113.89167554676532745361328125">
        <ele>22.3999996185302734375</ele>
        <time>2026-08-23T11:59:46.000Z</time>
        <extensions>
          <ns3:TrackPointExtension>
            <ns3:atemp>32.0</ns3:atemp>
            <ns3:hr>129</ns3:hr>
            <ns3:cad>85</ns3:cad>
          </ns3:TrackPointExtension>
        </extensions>
      </trkpt>
      <trkpt lat="22.6029659807682037353515625" lon="113.89165819622576236724853515625">
        <ele>22.3999996185302734375</ele>
        <time>2026-08-23T11:59:47.000Z</time>
        <extensions>
          <ns3:TrackPointExtension>
            <ns3:atemp>32.0</ns3:atemp>
            <ns3:hr>129</ns3:hr>
            <ns3:cad>84</ns3:cad>
          </ns3:TrackPointExtension>
        </extensions>
      </trkpt>
      <trkpt lat="22.60297444649040699005126953125" lon="113.89164662919938564300537109375">
        <ele>22.3999996185302734375</ele>
        <time>2026-08-23T11:59:48.000Z</time>
        <extensions>
          <ns3:TrackPointExtension>
            <ns3:atemp>32.0</ns3:atemp>
            <ns3:hr>128</ns3:hr>
            <ns3:cad>84</ns3:cad>
          </ns3:TrackPointExtension>
        </extensions>
      </trkpt>
      <trkpt lat="22.6029901206493377685546875" lon="113.89162617735564708709716796875">
        <ele>22.3999996185302734375</ele>
        <time>2026-08-23T11:59:49.000Z</time>
        <extensions>
          <ns3:TrackPointExtension>
            <ns3:atemp>32.0</ns3:atemp>
            <ns3:hr>128</ns3:hr>
            <ns3:cad>84</ns3:cad>
          </ns3:TrackPointExtension>
        </extensions>
      </trkpt>
      <trkpt lat="22.6030040346086025238037109375" lon="113.89160438440740108489990234375">
        <ele>22.3999996185302734375</ele>
        <time>2026-08-23T11:59:50.000Z</time>
        <extensions>
          <ns3:TrackPointExtension>
            <ns3:atemp>32.0</ns3:atemp>
            <ns3:hr>128</ns3:hr>
            <ns3:cad>84</ns3:cad>
          </ns3:TrackPointExtension>
        </extensions>
      </trkpt>
      <trkpt lat="22.60301719419658184051513671875" lon="113.89158141799271106719970703125">
        <ele>22.200000762939453125</ele>
        <time>2026-08-23T11:59:51.000Z</time>
        <extensions>
          <ns3:TrackPointExtension>
            <ns3:atemp>32.0</ns3:atemp>
            <ns3:hr>127</ns3:hr>
            <ns3:cad>84</ns3:cad>
          </ns3:TrackPointExtension>
        </extensions>
      </trkpt>
      <trkpt lat="22.60303026996552944183349609375" lon="113.89155392535030841827392578125">
        <ele>22.200000762939453125</ele>
        <time>2026-08-23T11:59:52.000Z</time>
        <extensions>
          <ns3:TrackPointExtension>
            <ns3:atemp>32.0</ns3:atemp>
            <ns3:hr>127</ns3:hr>
            <ns3:cad>84</ns3:cad>
          </ns3:TrackPointExtension>
        </extensions>
      </trkpt>
      <trkpt lat="22.6030352152884006500244140625" lon="113.8915389217436313629150390625">
        <ele>22.200000762939453125</ele>
        <time>2026-08-23T11:59:53.000Z</time>
        <extensions>
          <ns3:TrackPointExtension>
            <ns3:atemp>32.0</ns3:atemp>
            <ns3:hr>128</ns3:hr>
            <ns3:cad>84</ns3:cad>
          </ns3:TrackPointExtension>
        </extensions>
      </trkpt>
      <trkpt lat="22.60305105708539485931396484375" lon="113.891516290605068206787109375">
        <ele>22.200000762939453125</ele>
        <time>2026-08-23T11:59:54.000Z</time>
        <extensions>
          <ns3:TrackPointExtension>
            <ns3:atemp>32.0</ns3:atemp>
            <ns3:hr>128</ns3:hr>
            <ns3:cad>84</ns3:cad>
          </ns3:TrackPointExtension>
        </extensions>
      </trkpt>
      <trkpt lat="22.6030633784830570220947265625" lon="113.89149759896099567413330078125">
        <ele>22.200000762939453125</ele>
        <time>2026-08-23T11:59:55.000Z</time>
        <extensions>
          <ns3:TrackPointExtension>
            <ns3:atemp>32.0</ns3:atemp>
            <ns3:hr>128</ns3:hr>
            <ns3:cad>84</ns3:cad>
          </ns3:TrackPointExtension>
        </extensions>
      </trkpt>
      <trkpt lat="22.603069581091403961181640625" lon="113.89148502610623836517333984375">
        <ele>22</ele>
        <time>2026-08-23T11:59:56.000Z</time>
        <extensions>
          <ns3:TrackPointExtension>
            <ns3:atemp>32.0</ns3:atemp>
            <ns3:hr>127</ns3:hr>
            <ns3:cad>84</ns3:cad>
          </ns3:TrackPointExtension>
        </extensions>
      </trkpt>
      <trkpt lat="22.603078968822956085205078125" lon="113.8914711959660053253173828125">
        <ele>22</ele>
        <time>2026-08-23T11:59:57.000Z</time>
        <extensions>
          <ns3:TrackPointExtension>
            <ns3:atemp>32.0</ns3:atemp>
            <ns3:hr>127</ns3:hr>
            <ns3:cad>84</ns3:cad>
          </ns3:TrackPointExtension>
        </extensions>
      </trkpt>
      <trkpt lat="22.60307854972779750823974609375" lon="113.89147094450891017913818359375">
        <ele>21.799999237060546875</ele>
        <time>2026-08-23T11:59:58.000Z</time>
        <extensions>
          <ns3:TrackPointExtension>
            <ns3:atemp>32.0</ns3:atemp>
            <ns3:hr>127</ns3:hr>
            <ns3:cad>84</ns3:cad>
          </ns3:TrackPointExtension>
        </extensions>
      </trkpt>
      <trkpt lat="22.6030891947448253631591796875" lon="113.891445882618427276611328125">
        <ele>21.799999237060546875</ele>
        <time>2026-08-23T11:59:59.000Z</time>
        <extensions>
          <ns3:TrackPointExtension>
            <ns3:atemp>32.0</ns3:atemp>
            <ns3:hr>128</ns3:hr>
            <ns3:cad>84</ns3:cad>
          </ns3:TrackPointExtension>
        </extensions>
      </trkpt>
      <trkpt lat="22.603099755942821502685546875" lon="113.8914209045469760894775390625">
        <ele>21.6000003814697265625</ele>
        <time>2026-08-23T12:00:00.000Z</time>
        <extensions>
          <ns3:TrackPointExtension>
            <ns3:atemp>32.0</ns3:atemp>
            <ns3:hr>127</ns3:hr>
            <ns3:cad>84</ns3:cad>
          </ns3:TrackPointExtension>
        </extensions>
      </trkpt>
      <trkpt lat="22.60310880839824676513671875" lon="113.8913940824568271636962890625">
        <ele>21.6000003814697265625</ele>
        <time>2026-08-23T12:00:01.000Z</time>
        <extensions>
          <ns3:TrackPointExtension>
            <ns3:atemp>32.0</ns3:atemp>
            <ns3:hr>127</ns3:hr>
            <ns3:cad>84</ns3:cad>
          </ns3:TrackPointExtension>
        </extensions>
      </trkpt>
      <trkpt lat="22.60312247090041637420654296875" lon="113.8913622312247753143310546875">
        <ele>21.3999996185302734375</ele>
        <time>2026-08-23T12:00:02.000Z</time>
        <extensions>
          <ns3:TrackPointExtension>
            <ns3:atemp>32.0</ns3:atemp>
            <ns3:hr>127</ns3:hr>
            <ns3:cad>84</ns3:cad>
          </ns3:TrackPointExtension>
        </extensions>
      </trkpt>
      <trkpt lat="22.60313537903130054473876953125" lon="113.8913404382765293121337890625">
        <ele>21.3999996185302734375</ele>
        <time>2026-08-23T12:00:03.000Z</time>
        <extensions>
          <ns3:TrackPointExtension>
            <ns3:atemp>32.0</ns3:atemp>
            <ns3:hr>127</ns3:hr>
            <ns3:cad>85</ns3:cad>
          </ns3:TrackPointExtension>
        </extensions>
      </trkpt>
      <trkpt lat="22.6031508855521678924560546875" lon="113.89130883850157260894775390625">
        <ele>21.200000762939453125</ele>
        <time>2026-08-23T12:00:04.000Z</time>
        <extensions>
          <ns3:TrackPointExtension>
            <ns3:atemp>32.0</ns3:atemp>
            <ns3:hr>128</ns3:hr>
            <ns3:cad>84</ns3:cad>
          </ns3:TrackPointExtension>
        </extensions>
      </trkpt>
      <trkpt lat="22.60316270403563976287841796875" lon="113.8912814296782016754150390625">
        <ele>21</ele>
        <time>2026-08-23T12:00:05.000Z</time>
        <extensions>
          <ns3:TrackPointExtension>
            <ns3:atemp>32.0</ns3:atemp>
            <ns3:hr>127</ns3:hr>
            <ns3:cad>84</ns3:cad>
          </ns3:TrackPointExtension>
        </extensions>
      </trkpt>
      <trkpt lat="22.6031753607094287872314453125" lon="113.89125435613095760345458984375">
        <ele>21</ele>
        <time>2026-08-23T12:00:06.000Z</time>
        <extensions>
          <ns3:TrackPointExtension>
            <ns3:atemp>32.0</ns3:atemp>
            <ns3:hr>127</ns3:hr>
            <ns3:cad>84</ns3:cad>
          </ns3:TrackPointExtension>
        </extensions>
      </trkpt>
      <trkpt lat="22.6031860895454883575439453125" lon="113.89122937805950641632080078125">
        <ele>21</ele>
        <time>2026-08-23T12:00:07.000Z</time>
        <extensions>
          <ns3:TrackPointExtension>
            <ns3:atemp>32.0</ns3:atemp>
            <ns3:hr>127</ns3:hr>
            <ns3:cad>83</ns3:cad>
          </ns3:TrackPointExtension>
        </extensions>
      </trkpt>
      <trkpt lat="22.60319421999156475067138671875" lon="113.8912100158631801605224609375">
        <ele>20.799999237060546875</ele>
        <time>2026-08-23T12:00:08.000Z</time>
        <extensions>
          <ns3:TrackPointExtension>
            <ns3:atemp>32.0</ns3:atemp>
            <ns3:hr>127</ns3:hr>
            <ns3:cad>83</ns3:cad>
          </ns3:TrackPointExtension>
        </extensions>
      </trkpt>
      <trkpt lat="22.60320612229406833648681640625" lon="113.891184031963348388671875">
        <ele>20.799999237060546875</ele>
        <time>2026-08-23T12:00:09.000Z</time>
        <extensions>
          <ns3:TrackPointExtension>
            <ns3:atemp>32.0</ns3:atemp>
            <ns3:hr>126</ns3:hr>
            <ns3:cad>84</ns3:cad>
          </ns3:TrackPointExtension>
        </extensions>
      </trkpt>
      <trkpt lat="22.60321551002562046051025390625" lon="113.8911637477576732635498046875">
        <ele>20.799999237060546875</ele>
        <time>2026-08-23T12:00:10.000Z</time>
        <extensions>
          <ns3:TrackPointExtension>
            <ns3:atemp>32.0</ns3:atemp>
            <ns3:hr>125</ns3:hr>
            <ns3:cad>84</ns3:cad>
          </ns3:TrackPointExtension>
        </extensions>
      </trkpt>
      <trkpt lat="22.6032306812703609466552734375" lon="113.8911412842571735382080078125">
        <ele>20.799999237060546875</ele>
        <time>2026-08-23T12:00:11.000Z</time>
        <extensions>
          <ns3:TrackPointExtension>
            <ns3:atemp>32.0</ns3:atemp>
            <ns3:hr>124</ns3:hr>
            <ns3:cad>85</ns3:cad>
          </ns3:TrackPointExtension>
        </extensions>
      </trkpt>
      <trkpt lat="22.6032437570393085479736328125" lon="113.8911201618611812591552734375">
        <ele>20.6000003814697265625</ele>
        <time>2026-08-23T12:00:12.000Z</time>
        <extensions>
          <ns3:TrackPointExtension>
            <ns3:atemp>32.0</ns3:atemp>
            <ns3:hr>124</ns3:hr>
            <ns3:cad>85</ns3:cad>
          </ns3:TrackPointExtension>
        </extensions>
      </trkpt>
      <trkpt lat="22.60325607843697071075439453125" lon="113.89110155403614044189453125">
        <ele>20.6000003814697265625</ele>
        <time>2026-08-23T12:00:13.000Z</time>
        <extensions>
          <ns3:TrackPointExtension>
            <ns3:atemp>32.0</ns3:atemp>
            <ns3:hr>124</ns3:hr>
            <ns3:cad>85</ns3:cad>
          </ns3:TrackPointExtension>
        </extensions>
      </trkpt>
      <trkpt lat="22.6032715849578380584716796875" lon="113.8910792581737041473388671875">
        <ele>20.6000003814697265625</ele>
        <time>2026-08-23T12:00:14.000Z</time>
        <extensions>
          <ns3:TrackPointExtension>
            <ns3:atemp>32.0</ns3:atemp>
            <ns3:hr>123</ns3:hr>
            <ns3:cad>85</ns3:cad>
          </ns3:TrackPointExtension>
        </extensions>
      </trkpt>
      <trkpt lat="22.60328189469873905181884765625" lon="113.8910641707479953765869140625">
        <ele>20.6000003814697265625</ele>
        <time>2026-08-23T12:00:15.000Z</time>
        <extensions>
          <ns3:TrackPointExtension>
            <ns3:atemp>32.0</ns3:atemp>
            <ns3:hr>122</ns3:hr>
            <ns3:cad>85</ns3:cad>
          </ns3:TrackPointExtension>
        </extensions>
      </trkpt>
      <trkpt lat="22.6032994128763675689697265625" lon="113.891044221818447113037109375">
        <ele>20.6000003814697265625</ele>
        <time>2026-08-23T12:00:16.000Z</time>
        <extensions>
          <ns3:TrackPointExtension>
            <ns3:atemp>32.0</ns3:atemp>
            <ns3:hr>122</ns3:hr>
            <ns3:cad>85</ns3:cad>
          </ns3:TrackPointExtension>
        </extensions>
      </trkpt>
      <trkpt lat="22.6033141650259494781494140625" lon="113.8910298049449920654296875">
        <ele>20.6000003814697265625</ele>
        <time>2026-08-23T12:00:17.000Z</time>
        <extensions>
          <ns3:TrackPointExtension>
            <ns3:atemp>32.0</ns3:atemp>
            <ns3:hr>121</ns3:hr>
            <ns3:cad>85</ns3:cad>
          </ns3:TrackPointExtension>
        </extensions>
      </trkpt>
      <trkpt lat="22.60332405567169189453125" lon="113.891014046967029571533203125">
        <ele>20.6000003814697265625</ele>
        <time>2026-08-23T12:00:18.000Z</time>
        <extensions>
          <ns3:TrackPointExtension>
            <ns3:atemp>32.0</ns3:atemp>
            <ns3:hr>121</ns3:hr>
            <ns3:cad>83</ns3:cad>
          </ns3:TrackPointExtension>
        </extensions>
      </trkpt>
      <trkpt lat="22.60334291495382785797119140625" lon="113.8910088501870632171630859375">
        <ele>20.6000003814697265625</ele>
        <time>2026-08-23T12:00:19.000Z</time>
        <extensions>
          <ns3:TrackPointExtension>
            <ns3:atemp>32.0</ns3:atemp>
            <ns3:hr>121</ns3:hr>
            <ns3:cad>83</ns3:cad>
          </ns3:TrackPointExtension>
        </extensions>
      </trkpt>
      <trkpt lat="22.60335129685699939727783203125" lon="113.89099694788455963134765625">
        <ele>20.3999996185302734375</ele>
        <time>2026-08-23T12:00:20.000Z</time>
        <extensions>
          <ns3:TrackPointExtension>
            <ns3:atemp>32.0</ns3:atemp>
            <ns3:hr>121</ns3:hr>
            <ns3:cad>84</ns3:cad>
          </ns3:TrackPointExtension>
        </extensions>
      </trkpt>
      <trkpt lat="22.6033624447882175445556640625" lon="113.8909895718097686767578125">
        <ele>20.3999996185302734375</ele>
        <time>2026-08-23T12:00:21.000Z</time>
        <extensions>
          <ns3:TrackPointExtension>
            <ns3:atemp>32.0</ns3:atemp>
            <ns3:hr>121</ns3:hr>
            <ns3:cad>84</ns3:cad>
          </ns3:TrackPointExtension>
        </extensions>
      </trkpt>
      <trkpt lat="22.6033708266913890838623046875" lon="113.89096920378506183624267578125">
        <ele>20.200000762939453125</ele>
        <time>2026-08-23T12:00:22.000Z</time>
        <extensions>
          <ns3:TrackPointExtension>
            <ns3:atemp>32.0</ns3:atemp>
            <ns3:hr>122</ns3:hr>
            <ns3:cad>84</ns3:cad>
          </ns3:TrackPointExtension>
        </extensions>
      </trkpt>
      <trkpt lat="22.60337426327168941497802734375" lon="113.89095109887421131134033203125">
        <ele>20</ele>
        <time>2026-08-23T12:00:23.000Z</time>
        <extensions>
          <ns3:TrackPointExtension>
            <ns3:atemp>32.0</ns3:atemp>
            <ns3:hr>121</ns3:hr>
            <ns3:cad>84</ns3:cad>
          </ns3:TrackPointExtension>
        </extensions>
      </trkpt>
      <trkpt lat="22.60337702929973602294921875" lon="113.8909327425062656402587890625">
        <ele>19.799999237060546875</ele>
        <time>2026-08-23T12:00:24.000Z</time>
        <extensions>
          <ns3:TrackPointExtension>
            <ns3:atemp>32.0</ns3:atemp>
            <ns3:hr>121</ns3:hr>
            <ns3:cad>84</ns3:cad>
          </ns3:TrackPointExtension>
        </extensions>
      </trkpt>
      <trkpt lat="22.6033785380423069000244140625" lon="113.89091790653765201568603515625">
        <ele>19.6000003814697265625</ele>
        <time>2026-08-23T12:00:25.000Z</time>
        <extensions>
          <ns3:TrackPointExtension>
            <ns3:atemp>32.0</ns3:atemp>
            <ns3:hr>121</ns3:hr>
            <ns3:cad>83</ns3:cad>
          </ns3:TrackPointExtension>
        </extensions>
      </trkpt>
      <trkpt lat="22.60337962768971920013427734375" lon="113.8909159786999225616455078125">
        <ele>19.200000762939453125</ele>
        <time>2026-08-23T12:00:26.000Z</time>
        <extensions>
          <ns3:TrackPointExtension>
            <ns3:atemp>32.0</ns3:atemp>
            <ns3:hr>120</ns3:hr>
            <ns3:cad>83</ns3:cad>
          </ns3:TrackPointExtension>
        </extensions>
      </trkpt>
      <trkpt lat="22.6033812202513217926025390625" lon="113.89092075638473033905029296875">
        <ele>19</ele>
        <time>2026-08-23T12:00:27.000Z</time>
        <extensions>
          <ns3:TrackPointExtension>
            <ns3:atemp>32.0</ns3:atemp>
            <ns3:hr>118</ns3:hr>
            <ns3:cad>83</ns3:cad>
          </ns3:TrackPointExtension>
        </extensions>
      </trkpt>
      <trkpt lat="22.60337493382394313812255859375" lon="113.890931904315948486328125">
        <ele>18.799999237060546875</ele>
        <time>2026-08-23T12:00:28.000Z</time>
        <extensions>
          <ns3:TrackPointExtension>
            <ns3:atemp>32.0</ns3:atemp>
            <ns3:hr>117</ns3:hr>
            <ns3:cad>83</ns3:cad>
          </ns3:TrackPointExtension>
        </extensions>
      </trkpt>
      <trkpt lat="22.6033656299114227294921875" lon="113.89092427678406238555908203125">
        <ele>18.6000003814697265625</ele>
        <time>2026-08-23T12:00:29.000Z</time>
        <extensions>
          <ns3:TrackPointExtension>
            <ns3:atemp>32.0</ns3:atemp>
            <ns3:hr>117</ns3:hr>
            <ns3:cad>83</ns3:cad>
          </ns3:TrackPointExtension>
        </extensions>
      </trkpt>
      <trkpt lat="22.60335599072277545928955078125" lon="113.89091916382312774658203125">
        <ele>18.3999996185302734375</ele>
        <time>2026-08-23T12:00:30.000Z</time>
        <extensions>
          <ns3:TrackPointExtension>
            <ns3:atemp>32.0</ns3:atemp>
            <ns3:hr>117</ns3:hr>
            <ns3:cad>84</ns3:cad>
          </ns3:TrackPointExtension>
        </extensions>
      </trkpt>
      <trkpt lat="22.6033388078212738037109375" lon="113.89090575277805328369140625">
        <ele>18.200000762939453125</ele>
        <time>2026-08-23T12:00:31.000Z</time>
        <extensions>
          <ns3:TrackPointExtension>
            <ns3:atemp>32.0</ns3:atemp>
            <ns3:hr>118</ns3:hr>
            <ns3:cad>84</ns3:cad>
          </ns3:TrackPointExtension>
        </extensions>
      </trkpt>
      <trkpt lat="22.6033238880336284637451171875" lon="113.89089846052229404449462890625">
        <ele>18</ele>
        <time>2026-08-23T12:00:32.000Z</time>
        <extensions>
          <ns3:TrackPointExtension>
            <ns3:atemp>32.0</ns3:atemp>
            <ns3:hr>118</ns3:hr>
            <ns3:cad>83</ns3:cad>
          </ns3:TrackPointExtension>
        </extensions>
      </trkpt>
      <trkpt lat="22.60330787859857082366943359375" lon="113.890888988971710205078125">
        <ele>17.799999237060546875</ele>
        <time>2026-08-23T12:00:33.000Z</time>
        <extensions>
          <ns3:TrackPointExtension>
            <ns3:atemp>32.0</ns3:atemp>
            <ns3:hr>118</ns3:hr>
            <ns3:cad>83</ns3:cad>
          </ns3:TrackPointExtension>
        </extensions>
      </trkpt>
      <trkpt lat="22.60328206233680248260498046875" lon="113.890867531299591064453125">
        <ele>17.799999237060546875</ele>
        <time>2026-08-23T12:00:34.000Z</time>
        <extensions>
          <ns3:TrackPointExtension>
            <ns3:atemp>32.0</ns3:atemp>
            <ns3:hr>118</ns3:hr>
            <ns3:cad>83</ns3:cad>
          </ns3:TrackPointExtension>
        </extensions>
      </trkpt>
      <trkpt lat="22.603264711797237396240234375" lon="113.89085504226386547088623046875">
        <ele>17.6000003814697265625</ele>
        <time>2026-08-23T12:00:35.000Z</time>
        <extensions>
          <ns3:TrackPointExtension>
            <ns3:atemp>32.0</ns3:atemp>
            <ns3:hr>117</ns3:hr>
            <ns3:cad>83</ns3:cad>
          </ns3:TrackPointExtension>
        </extensions>
      </trkpt>
      <trkpt lat="22.60324166156351566314697265625" lon="113.89084079302847385406494140625">
        <ele>17.6000003814697265625</ele>
        <time>2026-08-23T12:00:36.000Z</time>
        <extensions>
          <ns3:TrackPointExtension>
            <ns3:atemp>32.0</ns3:atemp>
            <ns3:hr>118</ns3:hr>
            <ns3:cad>83</ns3:cad>
          </ns3:TrackPointExtension>
        </extensions>
      </trkpt>
      <trkpt lat="22.6032169349491596221923828125" lon="113.89082587324082851409912109375">
        <ele>17.6000003814697265625</ele>
        <time>2026-08-23T12:00:37.000Z</time>
        <extensions>
          <ns3:TrackPointExtension>
            <ns3:atemp>32.0</ns3:atemp>
            <ns3:hr>118</ns3:hr>
            <ns3:cad>82</ns3:cad>
          </ns3:TrackPointExtension>
        </extensions>
      </trkpt>
      <trkpt lat="22.6032001711428165435791015625" lon="113.89081732369959354400634765625">
        <ele>17.6000003814697265625</ele>
        <time>2026-08-23T12:00:38.000Z</time>
        <extensions>
          <ns3:TrackPointExtension>
            <ns3:atemp>32.0</ns3:atemp>
            <ns3:hr>118</ns3:hr>
            <ns3:cad>82</ns3:cad>
          </ns3:TrackPointExtension>
        </extensions>
      </trkpt>
      <trkpt lat="22.60317720472812652587890625" lon="113.89080139808356761932373046875">
        <ele>17.3999996185302734375</ele>
        <time>2026-08-23T12:00:39.000Z</time>
        <extensions>
          <ns3:TrackPointExtension>
            <ns3:atemp>32.0</ns3:atemp>
            <ns3:hr>118</ns3:hr>
            <ns3:cad>83</ns3:cad>
          </ns3:TrackPointExtension>
        </extensions>
      </trkpt>
      <trkpt lat="22.6031632907688617706298828125" lon="113.8907895796000957489013671875">
        <ele>17.3999996185302734375</ele>
        <time>2026-08-23T12:00:40.000Z</time>
        <extensions>
          <ns3:TrackPointExtension>
            <ns3:atemp>32.0</ns3:atemp>
            <ns3:hr>118</ns3:hr>
            <ns3:cad>83</ns3:cad>
          </ns3:TrackPointExtension>
        </extensions>
      </trkpt>
      <trkpt lat="22.60314241982996463775634765625" lon="113.89077524654567241668701171875">
        <ele>17.3999996185302734375</ele>
        <time>2026-08-23T12:00:41.000Z</time>
        <extensions>
          <ns3:TrackPointExtension>
            <ns3:atemp>32.0</ns3:atemp>
            <ns3:hr>118</ns3:hr>
            <ns3:cad>84</ns3:cad>
          </ns3:TrackPointExtension>
        </extensions>
      </trkpt>
      <trkpt lat="22.603133954107761383056640625" lon="113.890756554901599884033203125">
        <ele>17.200000762939453125</ele>
        <time>2026-08-23T12:00:42.000Z</time>
        <extensions>
          <ns3:TrackPointExtension>
            <ns3:atemp>32.0</ns3:atemp>
            <ns3:hr>118</ns3:hr>
            <ns3:cad>85</ns3:cad>
          </ns3:TrackPointExtension>
        </extensions>
      </trkpt>
      <trkpt lat="22.603133283555507659912109375" lon="113.89073719270527362823486328125">
        <ele>17.200000762939453125</ele>
        <time>2026-08-23T12:00:43.000Z</time>
        <extensions>
          <ns3:TrackPointExtension>
            <ns3:atemp>32.0</ns3:atemp>
            <ns3:hr>118</ns3:hr>
            <ns3:cad>85</ns3:cad>
          </ns3:TrackPointExtension>
        </extensions>
      </trkpt>
      <trkpt lat="22.60313672013580799102783203125" lon="113.89070081524550914764404296875">
        <ele>17.200000762939453125</ele>
        <time>2026-08-23T12:00:44.000Z</time>
        <extensions>
          <ns3:TrackPointExtension>
            <ns3:atemp>32.0</ns3:atemp>
            <ns3:hr>118</ns3:hr>
            <ns3:cad>85</ns3:cad>
          </ns3:TrackPointExtension>
        </extensions>
      </trkpt>
      <trkpt lat="22.60314594022929668426513671875" lon="113.89067131094634532928466796875">
        <ele>17.200000762939453125</ele>
        <time>2026-08-23T12:00:45.000Z</time>
        <extensions>
          <ns3:TrackPointExtension>
            <ns3:atemp>32.0</ns3:atemp>
            <ns3:hr>118</ns3:hr>
            <ns3:cad>83</ns3:cad>
          </ns3:TrackPointExtension>
        </extensions>
      </trkpt>
      <trkpt lat="22.60315482504665851593017578125" lon="113.890644572675228118896484375">
        <ele>17.200000762939453125</ele>
        <time>2026-08-23T12:00:46.000Z</time>
        <extensions>
          <ns3:TrackPointExtension>
            <ns3:atemp>32.0</ns3:atemp>
            <ns3:hr>117</ns3:hr>
            <ns3:cad>82</ns3:cad>
          </ns3:TrackPointExtension>
        </extensions>
      </trkpt>
      <trkpt lat="22.60316940955817699432373046875" lon="113.89060894958674907684326171875">
        <ele>17.200000762939453125</ele>
        <time>2026-08-23T12:00:47.000Z</time>
        <extensions>
          <ns3:TrackPointExtension>
            <ns3:atemp>32.0</ns3:atemp>
            <ns3:hr>118</ns3:hr>
            <ns3:cad>81</ns3:cad>
          </ns3:TrackPointExtension>
        </extensions>
      </trkpt>
      <trkpt lat="22.60318164713680744171142578125" lon="113.89057449996471405029296875">
        <ele>17.200000762939453125</ele>
        <time>2026-08-23T12:00:48.000Z</time>
        <extensions>
          <ns3:TrackPointExtension>
            <ns3:atemp>32.0</ns3:atemp>
            <ns3:hr>118</ns3:hr>
            <ns3:cad>81</ns3:cad>
          </ns3:TrackPointExtension>
        </extensions>
      </trkpt>
      <trkpt lat="22.60319103486835956573486328125" lon="113.89054792933166027069091796875">
        <ele>17.200000762939453125</ele>
        <time>2026-08-23T12:00:49.000Z</time>
        <extensions>
          <ns3:TrackPointExtension>
            <ns3:atemp>32.0</ns3:atemp>
            <ns3:hr>117</ns3:hr>
            <ns3:cad>81</ns3:cad>
          </ns3:TrackPointExtension>
        </extensions>
      </trkpt>
      <trkpt lat="22.60320536792278289794921875" lon="113.8905237056314945220947265625">
        <ele>17.200000762939453125</ele>
        <time>2026-08-23T12:00:50.000Z</time>
        <extensions>
          <ns3:TrackPointExtension>
            <ns3:atemp>32.0</ns3:atemp>
            <ns3:hr>118</ns3:hr>
            <ns3:cad>81</ns3:cad>
          </ns3:TrackPointExtension>
        </extensions>
      </trkpt>
      <trkpt lat="22.6032145880162715911865234375" lon="113.890505097806453704833984375">
        <ele>17.200000762939453125</ele>
        <time>2026-08-23T12:00:51.000Z</time>
        <extensions>
          <ns3:TrackPointExtension>
            <ns3:atemp>32.0</ns3:atemp>
            <ns3:hr>119</ns3:hr>
            <ns3:cad>81</ns3:cad>
          </ns3:TrackPointExtension>
        </extensions>
      </trkpt>
      <trkpt lat="22.60322372429072856903076171875" lon="113.89048640616238117218017578125">
        <ele>17.200000762939453125</ele>
        <time>2026-08-23T12:00:52.000Z</time>
        <extensions>
          <ns3:TrackPointExtension>
            <ns3:atemp>32.0</ns3:atemp>
            <ns3:hr>120</ns3:hr>
            <ns3:cad>81</ns3:cad>
          </ns3:TrackPointExtension>
        </extensions>
      </trkpt>
      <trkpt lat="22.60323076508939266204833984375" lon="113.8904633559286594390869140625">
        <ele>17.200000762939453125</ele>
        <time>2026-08-23T12:00:53.000Z</time>
        <extensions>
          <ns3:TrackPointExtension>
            <ns3:atemp>32.0</ns3:atemp>
            <ns3:hr>120</ns3:hr>
            <ns3:cad>81</ns3:cad>
          </ns3:TrackPointExtension>
        </extensions>
      </trkpt>
      <trkpt lat="22.60324032045900821685791015625" lon="113.890448771417140960693359375">
        <ele>17.200000762939453125</ele>
        <time>2026-08-23T12:00:54.000Z</time>
        <extensions>
          <ns3:TrackPointExtension>
            <ns3:atemp>32.0</ns3:atemp>
            <ns3:hr>120</ns3:hr>
            <ns3:cad>82</ns3:cad>
          </ns3:TrackPointExtension>
        </extensions>
      </trkpt>
      <trkpt lat="22.60326513089239597320556640625" lon="113.89042563736438751220703125">
        <ele>17.200000762939453125</ele>
        <time>2026-08-23T12:00:55.000Z</time>
        <extensions>
          <ns3:TrackPointExtension>
            <ns3:atemp>32.0</ns3:atemp>
            <ns3:hr>120</ns3:hr>
            <ns3:cad>83</ns3:cad>
          </ns3:TrackPointExtension>
        </extensions>
      </trkpt>
      <trkpt lat="22.6032797992229461669921875" lon="113.89041096903383731842041015625">
        <ele>17.200000762939453125</ele>
        <time>2026-08-23T12:00:56.000Z</time>
        <extensions>
          <ns3:TrackPointExtension>
            <ns3:atemp>32.0</ns3:atemp>
            <ns3:hr>121</ns3:hr>
            <ns3:cad>83</ns3:cad>
          </ns3:TrackPointExtension>
        </extensions>
      </trkpt>
      <trkpt lat="22.60329865850508213043212890625" lon="113.89039537869393825531005859375">
        <ele>17.200000762939453125</ele>
        <time>2026-08-23T12:00:57.000Z</time>
        <extensions>
          <ns3:TrackPointExtension>
            <ns3:atemp>32.0</ns3:atemp>
            <ns3:hr>121</ns3:hr>
            <ns3:cad>83</ns3:cad>
          </ns3:TrackPointExtension>
        </extensions>
      </trkpt>
      <trkpt lat="22.60331131517887115478515625" lon="113.89038464985787868499755859375">
        <ele>17</ele>
        <time>2026-08-23T12:00:58.000Z</time>
        <extensions>
          <ns3:TrackPointExtension>
            <ns3:atemp>32.0</ns3:atemp>
            <ns3:hr>121</ns3:hr>
            <ns3:cad>83</ns3:cad>
          </ns3:TrackPointExtension>
        </extensions>
      </trkpt>
      <trkpt lat="22.60332070291042327880859375" lon="113.8903765194118022918701171875">
        <ele>17</ele>
        <time>2026-08-23T12:00:59.000Z</time>
        <extensions>
          <ns3:TrackPointExtension>
            <ns3:atemp>32.0</ns3:atemp>
            <ns3:hr>120</ns3:hr>
            <ns3:cad>84</ns3:cad>
          </ns3:TrackPointExtension>
        </extensions>
      </trkpt>
      <trkpt lat="22.6033396460115909576416015625" lon="113.89035950414836406707763671875">
        <ele>17</ele>
        <time>2026-08-23T12:01:00.000Z</time>
        <extensions>
          <ns3:TrackPointExtension>
            <ns3:atemp>32.0</ns3:atemp>
            <ns3:hr>121</ns3:hr>
            <ns3:cad>84</ns3:cad>
          </ns3:TrackPointExtension>
        </extensions>
      </trkpt>
      <trkpt lat="22.60334811173379421234130859375" lon="113.89034450054168701171875">
        <ele>17.200000762939453125</ele>
        <time>2026-08-23T12:01:01.000Z</time>
        <extensions>
          <ns3:TrackPointExtension>
            <ns3:atemp>32.0</ns3:atemp>
            <ns3:hr>121</ns3:hr>
            <ns3:cad>84</ns3:cad>
          </ns3:TrackPointExtension>
        </extensions>
      </trkpt>
      <trkpt lat="22.60335833765566349029541015625" lon="113.89032815583050251007080078125">
        <ele>17.200000762939453125</ele>
        <time>2026-08-23T12:01:02.000Z</time>
        <extensions>
          <ns3:TrackPointExtension>
            <ns3:atemp>32.0</ns3:atemp>
            <ns3:hr>120</ns3:hr>
            <ns3:cad>83</ns3:cad>
          </ns3:TrackPointExtension>
        </extensions>
      </trkpt>
      <trkpt lat="22.6033708266913890838623046875" lon="113.89030703343451023101806640625">
        <ele>17.200000762939453125</ele>
        <time>2026-08-23T12:01:03.000Z</time>
        <extensions>
          <ns3:TrackPointExtension>
            <ns3:atemp>32.0</ns3:atemp>
            <ns3:hr>120</ns3:hr>
            <ns3:cad>83</ns3:cad>
          </ns3:TrackPointExtension>
        </extensions>
      </trkpt>
      <trkpt lat="22.60337627492845058441162109375" lon="113.8902883417904376983642578125">
        <ele>17.200000762939453125</ele>
        <time>2026-08-23T12:01:04.000Z</time>
        <extensions>
          <ns3:TrackPointExtension>
            <ns3:atemp>32.0</ns3:atemp>
            <ns3:hr>120</ns3:hr>
            <ns3:cad>83</ns3:cad>
          </ns3:TrackPointExtension>
        </extensions>
      </trkpt>
      <trkpt lat="22.603391110897064208984375" lon="113.8902598433196544647216796875">
        <ele>17.200000762939453125</ele>
        <time>2026-08-23T12:01:05.000Z</time>
        <extensions>
          <ns3:TrackPointExtension>
            <ns3:atemp>32.0</ns3:atemp>
            <ns3:hr>120</ns3:hr>
            <ns3:cad>84</ns3:cad>
          </ns3:TrackPointExtension>
        </extensions>
      </trkpt>
      <trkpt lat="22.603404186666011810302734375" lon="113.8902333565056324005126953125">
        <ele>17.200000762939453125</ele>
        <time>2026-08-23T12:01:06.000Z</time>
        <extensions>
          <ns3:TrackPointExtension>
            <ns3:atemp>32.0</ns3:atemp>
            <ns3:hr>121</ns3:hr>
            <ns3:cad>84</ns3:cad>
          </ns3:TrackPointExtension>
        </extensions>
      </trkpt>
      <trkpt lat="22.60341399349272251129150390625" lon="113.89020728878676891326904296875">
        <ele>17.200000762939453125</ele>
        <time>2026-08-23T12:01:07.000Z</time>
        <extensions>
          <ns3:TrackPointExtension>
            <ns3:atemp>32.0</ns3:atemp>
            <ns3:hr>120</ns3:hr>
            <ns3:cad>83</ns3:cad>
          </ns3:TrackPointExtension>
        </extensions>
      </trkpt>
      <trkpt lat="22.60342723689973354339599609375" lon="113.89018314890563488006591796875">
        <ele>17.200000762939453125</ele>
        <time>2026-08-23T12:01:08.000Z</time>
        <extensions>
          <ns3:TrackPointExtension>
            <ns3:atemp>32.0</ns3:atemp>
            <ns3:hr>120</ns3:hr>
            <ns3:cad>83</ns3:cad>
          </ns3:TrackPointExtension>
        </extensions>
      </trkpt>
      <trkpt lat="22.6034392230212688446044921875" lon="113.89016278088092803955078125">
        <ele>17.200000762939453125</ele>
        <time>2026-08-23T12:01:09.000Z</time>
        <extensions>
          <ns3:TrackPointExtension>
            <ns3:atemp>32.0</ns3:atemp>
            <ns3:hr>120</ns3:hr>
            <ns3:cad>83</ns3:cad>
          </ns3:TrackPointExtension>
        </extensions>
      </trkpt>
      <trkpt lat="22.60345757938921451568603515625" lon="113.890136294066905975341796875">
        <ele>17.200000762939453125</ele>
        <time>2026-08-23T12:01:10.000Z</time>
        <extensions>
          <ns3:TrackPointExtension>
            <ns3:atemp>32.0</ns3:atemp>
            <ns3:hr>121</ns3:hr>
            <ns3:cad>82</ns3:cad>
          </ns3:TrackPointExtension>
        </extensions>
      </trkpt>
      <trkpt lat="22.603471577167510986328125" lon="113.890110813081264495849609375">
        <ele>17.200000762939453125</ele>
        <time>2026-08-23T12:01:11.000Z</time>
        <extensions>
          <ns3:TrackPointExtension>
            <ns3:atemp>32.0</ns3:atemp>
            <ns3:hr>121</ns3:hr>
            <ns3:cad>82</ns3:cad>
          </ns3:TrackPointExtension>
        </extensions>
      </trkpt>
      <trkpt lat="22.60348674841225147247314453125" lon="113.89008608646690845489501953125">
        <ele>17</ele>
        <time>2026-08-23T12:01:12.000Z</time>
        <extensions>
          <ns3:TrackPointExtension>
            <ns3:atemp>32.0</ns3:atemp>
            <ns3:hr>121</ns3:hr>
            <ns3:cad>83</ns3:cad>
          </ns3:TrackPointExtension>
        </extensions>
      </trkpt>
      <trkpt lat="22.603504098951816558837890625" lon="113.89006278477609157562255859375">
        <ele>17</ele>
        <time>2026-08-23T12:01:13.000Z</time>
        <extensions>
          <ns3:TrackPointExtension>
            <ns3:atemp>32.0</ns3:atemp>
            <ns3:hr>120</ns3:hr>
            <ns3:cad>83</ns3:cad>
          </ns3:TrackPointExtension>
        </extensions>
      </trkpt>
      <trkpt lat="22.6035176776349544525146484375" lon="113.890044428408145904541015625">
        <ele>17</ele>
        <time>2026-08-23T12:01:14.000Z</time>
        <extensions>
          <ns3:TrackPointExtension>
            <ns3:atemp>32.0</ns3:atemp>
            <ns3:hr>120</ns3:hr>
            <ns3:cad>84</ns3:cad>
          </ns3:TrackPointExtension>
        </extensions>
      </trkpt>
      <trkpt lat="22.60354089550673961639404296875" lon="113.8900238089263439178466796875">
        <ele>17</ele>
        <time>2026-08-23T12:01:15.000Z</time>
        <extensions>
          <ns3:TrackPointExtension>
            <ns3:atemp>32.0</ns3:atemp>
            <ns3:hr>120</ns3:hr>
            <ns3:cad>84</ns3:cad>
          </ns3:TrackPointExtension>
        </extensions>
      </trkpt>
      <trkpt lat="22.60355816222727298736572265625" lon="113.89000779949128627777099609375">
        <ele>16.799999237060546875</ele>
        <time>2026-08-23T12:01:16.000Z</time>
        <extensions>
          <ns3:TrackPointExtension>
            <ns3:atemp>32.0</ns3:atemp>
            <ns3:hr>120</ns3:hr>
            <ns3:cad>84</ns3:cad>
          </ns3:TrackPointExtension>
        </extensions>
      </trkpt>
      <trkpt lat="22.60358112864196300506591796875" lon="113.8899886049330234527587890625">
        <ele>16.799999237060546875</ele>
        <time>2026-08-23T12:01:17.000Z</time>
        <extensions>
          <ns3:TrackPointExtension>
            <ns3:atemp>32.0</ns3:atemp>
            <ns3:hr>121</ns3:hr>
            <ns3:cad>84</ns3:cad>
          </ns3:TrackPointExtension>
        </extensions>
      </trkpt>
      <trkpt lat="22.6036016643047332763671875" lon="113.8899671472609043121337890625">
        <ele>17</ele>
        <time>2026-08-23T12:01:18.000Z</time>
        <extensions>
          <ns3:TrackPointExtension>
            <ns3:atemp>32.0</ns3:atemp>
            <ns3:hr>121</ns3:hr>
            <ns3:cad>85</ns3:cad>
          </ns3:TrackPointExtension>
        </extensions>
      </trkpt>
      <trkpt lat="22.60361901484429836273193359375" lon="113.8899456895887851715087890625">
        <ele>17</ele>
        <time>2026-08-23T12:01:19.000Z</time>
        <extensions>
          <ns3:TrackPointExtension>
            <ns3:atemp>32.0</ns3:atemp>
            <ns3:hr>121</ns3:hr>
            <ns3:cad>85</ns3:cad>
          </ns3:TrackPointExtension>
        </extensions>
      </trkpt>
      <trkpt lat="22.60364298708736896514892578125" lon="113.88992381282150745391845703125">
        <ele>17.200000762939453125</ele>
        <time>2026-08-23T12:01:20.000Z</time>
        <extensions>
          <ns3:TrackPointExtension>
            <ns3:atemp>32.0</ns3:atemp>
            <ns3:hr>121</ns3:hr>
            <ns3:cad>85</ns3:cad>
          </ns3:TrackPointExtension>
        </extensions>
      </trkpt>
      <trkpt lat="22.60365522466599941253662109375" lon="113.88990956358611583709716796875">
        <ele>17.200000762939453125</ele>
        <time>2026-08-23T12:01:21.000Z</time>
        <extensions>
          <ns3:TrackPointExtension>
            <ns3:atemp>32.0</ns3:atemp>
            <ns3:hr>121</ns3:hr>
            <ns3:cad>85</ns3:cad>
          </ns3:TrackPointExtension>
        </extensions>
      </trkpt>
      <trkpt lat="22.60367215611040592193603515625" lon="113.8898896984755992889404296875">
        <ele>17.200000762939453125</ele>
        <time>2026-08-23T12:01:22.000Z</time>
        <extensions>
          <ns3:TrackPointExtension>
            <ns3:atemp>32.0</ns3:atemp>
            <ns3:hr>121</ns3:hr>
            <ns3:cad>85</ns3:cad>
          </ns3:TrackPointExtension>
        </extensions>
      </trkpt>
      <trkpt lat="22.60368858464062213897705078125" lon="113.88986933045089244842529296875">
        <ele>17</ele>
        <time>2026-08-23T12:01:23.000Z</time>
        <extensions>
          <ns3:TrackPointExtension>
            <ns3:atemp>32.0</ns3:atemp>
            <ns3:hr>122</ns3:hr>
            <ns3:cad>84</ns3:cad>
          </ns3:TrackPointExtension>
        </extensions>
      </trkpt>
      <trkpt lat="22.6036970503628253936767578125" lon="113.88985390774905681610107421875">
        <ele>17</ele>
        <time>2026-08-23T12:01:24.000Z</time>
        <extensions>
          <ns3:TrackPointExtension>
            <ns3:atemp>32.0</ns3:atemp>
            <ns3:hr>123</ns3:hr>
            <ns3:cad>84</ns3:cad>
          </ns3:TrackPointExtension>
        </extensions>
      </trkpt>
      <trkpt lat="22.6037161611020565032958984375" lon="113.889834545552730560302734375">
        <ele>17</ele>
        <time>2026-08-23T12:01:25.000Z</time>
        <extensions>
          <ns3:TrackPointExtension>
            <ns3:atemp>32.0</ns3:atemp>
            <ns3:hr>124</ns3:hr>
            <ns3:cad>84</ns3:cad>
          </ns3:TrackPointExtension>
        </extensions>
      </trkpt>
      <trkpt lat="22.6037309132516384124755859375" lon="113.88981853611767292022705078125">
        <ele>17</ele>
        <time>2026-08-23T12:01:26.000Z</time>
        <extensions>
          <ns3:TrackPointExtension>
            <ns3:atemp>32.0</ns3:atemp>
            <ns3:hr>125</ns3:hr>
            <ns3:cad>83</ns3:cad>
          </ns3:TrackPointExtension>
        </extensions>
      </trkpt>
      <trkpt lat="22.60375178419053554534912109375" lon="113.88980177231132984161376953125">
        <ele>17</ele>
        <time>2026-08-23T12:01:27.000Z</time>
        <extensions>
          <ns3:TrackPointExtension>
            <ns3:atemp>32.0</ns3:atemp>
            <ns3:hr>126</ns3:hr>
            <ns3:cad>83</ns3:cad>
          </ns3:TrackPointExtension>
        </extensions>
      </trkpt>
      <trkpt lat="22.6037684641778469085693359375" lon="113.88978450559079647064208984375">
        <ele>17</ele>
        <time>2026-08-23T12:01:28.000Z</time>
        <extensions>
          <ns3:TrackPointExtension>
            <ns3:atemp>32.0</ns3:atemp>
            <ns3:hr>127</ns3:hr>
            <ns3:cad>83</ns3:cad>
          </ns3:TrackPointExtension>
        </extensions>
      </trkpt>
      <trkpt lat="22.6037761755287647247314453125" lon="113.88976908288896083831787109375">
        <ele>17</ele>
        <time>2026-08-23T12:01:29.000Z</time>
        <extensions>
          <ns3:TrackPointExtension>
            <ns3:atemp>32.0</ns3:atemp>
            <ns3:hr>127</ns3:hr>
            <ns3:cad>84</ns3:cad>
          </ns3:TrackPointExtension>
        </extensions>
      </trkpt>
      <trkpt lat="22.6037966273725032806396484375" lon="113.889744691550731658935546875">
        <ele>17</ele>
        <time>2026-08-23T12:01:30.000Z</time>
        <extensions>
          <ns3:TrackPointExtension>
            <ns3:atemp>32.0</ns3:atemp>
            <ns3:hr>128</ns3:hr>
            <ns3:cad>84</ns3:cad>
          </ns3:TrackPointExtension>
        </extensions>
      </trkpt>
      <trkpt lat="22.60381112806499004364013671875" lon="113.8897247426211833953857421875">
        <ele>17.200000762939453125</ele>
        <time>2026-08-23T12:01:31.000Z</time>
        <extensions>
          <ns3:TrackPointExtension>
            <ns3:atemp>32.0</ns3:atemp>
            <ns3:hr>128</ns3:hr>
            <ns3:cad>84</ns3:cad>
          </ns3:TrackPointExtension>
        </extensions>
      </trkpt>
      <trkpt lat="22.60382588021457195281982421875" lon="113.88970202766358852386474609375">
        <ele>17.200000762939453125</ele>
        <time>2026-08-23T12:01:32.000Z</time>
        <extensions>
          <ns3:TrackPointExtension>
            <ns3:atemp>32.0</ns3:atemp>
            <ns3:hr>128</ns3:hr>
            <ns3:cad>84</ns3:cad>
          </ns3:TrackPointExtension>
        </extensions>
      </trkpt>
      <trkpt lat="22.6038388721644878387451171875" lon="113.88968358747661113739013671875">
        <ele>17.200000762939453125</ele>
        <time>2026-08-23T12:01:33.000Z</time>
        <extensions>
          <ns3:TrackPointExtension>
            <ns3:atemp>32.0</ns3:atemp>
            <ns3:hr>128</ns3:hr>
            <ns3:cad>84</ns3:cad>
          </ns3:TrackPointExtension>
        </extensions>
      </trkpt>
      <trkpt lat="22.60384633205831050872802734375" lon="113.88966531492769718170166015625">
        <ele>17.200000762939453125</ele>
        <time>2026-08-23T12:01:34.000Z</time>
        <extensions>
          <ns3:TrackPointExtension>
            <ns3:atemp>32.0</ns3:atemp>
            <ns3:hr>129</ns3:hr>
            <ns3:cad>84</ns3:cad>
          </ns3:TrackPointExtension>
        </extensions>
      </trkpt>
      <trkpt lat="22.60386158712208271026611328125" lon="113.88964335434138774871826171875">
        <ele>17.200000762939453125</ele>
        <time>2026-08-23T12:01:35.000Z</time>
        <extensions>
          <ns3:TrackPointExtension>
            <ns3:atemp>32.0</ns3:atemp>
            <ns3:hr>129</ns3:hr>
            <ns3:cad>84</ns3:cad>
          </ns3:TrackPointExtension>
        </extensions>
      </trkpt>
      <trkpt lat="22.60387097485363483428955078125" lon="113.889628350734710693359375">
        <ele>17.200000762939453125</ele>
        <time>2026-08-23T12:01:36.000Z</time>
        <extensions>
          <ns3:TrackPointExtension>
            <ns3:atemp>32.0</ns3:atemp>
            <ns3:hr>129</ns3:hr>
            <ns3:cad>84</ns3:cad>
          </ns3:TrackPointExtension>
        </extensions>
      </trkpt>
      <trkpt lat="22.6038801111280918121337890625" lon="113.88960412703454494476318359375">
        <ele>17.200000762939453125</ele>
        <time>2026-08-23T12:01:37.000Z</time>
        <extensions>
          <ns3:TrackPointExtension>
            <ns3:atemp>32.0</ns3:atemp>
            <ns3:hr>130</ns3:hr>
            <ns3:cad>84</ns3:cad>
          </ns3:TrackPointExtension>
        </extensions>
      </trkpt>
      <trkpt lat="22.60389427654445171356201171875" lon="113.88957965187728404998779296875">
        <ele>17.200000762939453125</ele>
        <time>2026-08-23T12:01:38.000Z</time>
        <extensions>
          <ns3:TrackPointExtension>
            <ns3:atemp>32.0</ns3:atemp>
            <ns3:hr>130</ns3:hr>
            <ns3:cad>84</ns3:cad>
          </ns3:TrackPointExtension>
        </extensions>
      </trkpt>
      <trkpt lat="22.60390567593276500701904296875" lon="113.88955785892903804779052734375">
        <ele>17.200000762939453125</ele>
        <time>2026-08-23T12:01:39.000Z</time>
        <extensions>
          <ns3:TrackPointExtension>
            <ns3:atemp>32.0</ns3:atemp>
            <ns3:hr>130</ns3:hr>
            <ns3:cad>84</ns3:cad>
          </ns3:TrackPointExtension>
        </extensions>
      </trkpt>
      <trkpt lat="22.6039220206439495086669921875" lon="113.8895299471914768218994140625">
        <ele>17.200000762939453125</ele>
        <time>2026-08-23T12:01:40.000Z</time>
        <extensions>
          <ns3:TrackPointExtension>
            <ns3:atemp>32.0</ns3:atemp>
            <ns3:hr>130</ns3:hr>
            <ns3:cad>84</ns3:cad>
          </ns3:TrackPointExtension>
        </extensions>
      </trkpt>
      <trkpt lat="22.603934593498706817626953125" lon="113.88951192609965801239013671875">
        <ele>17.200000762939453125</ele>
        <time>2026-08-23T12:01:41.000Z</time>
        <extensions>
          <ns3:TrackPointExtension>
            <ns3:atemp>32.0</ns3:atemp>
            <ns3:hr>130</ns3:hr>
            <ns3:cad>84</ns3:cad>
          </ns3:TrackPointExtension>
        </extensions>
      </trkpt>
      <trkpt lat="22.60395060293376445770263671875" lon="113.88949356973171234130859375">
        <ele>17.200000762939453125</ele>
        <time>2026-08-23T12:01:42.000Z</time>
        <extensions>
          <ns3:TrackPointExtension>
            <ns3:atemp>32.0</ns3:atemp>
            <ns3:hr>130</ns3:hr>
            <ns3:cad>84</ns3:cad>
          </ns3:TrackPointExtension>
        </extensions>
      </trkpt>
      <trkpt lat="22.6039664447307586669921875" lon="113.88947688974440097808837890625">
        <ele>17.200000762939453125</ele>
        <time>2026-08-23T12:01:43.000Z</time>
        <extensions>
          <ns3:TrackPointExtension>
            <ns3:atemp>32.0</ns3:atemp>
            <ns3:hr>130</ns3:hr>
            <ns3:cad>84</ns3:cad>
          </ns3:TrackPointExtension>
        </extensions>
      </trkpt>
      <trkpt lat="22.60397306643426418304443359375" lon="113.8894655741751194000244140625">
        <ele>17</ele>
        <time>2026-08-23T12:01:44.000Z</time>
        <extensions>
          <ns3:TrackPointExtension>
            <ns3:atemp>32.0</ns3:atemp>
            <ns3:hr>130</ns3:hr>
            <ns3:cad>84</ns3:cad>
          </ns3:TrackPointExtension>
        </extensions>
      </trkpt>
      <trkpt lat="22.60398915968835353851318359375" lon="113.8894464634358882904052734375">
        <ele>17</ele>
        <time>2026-08-23T12:01:45.000Z</time>
        <extensions>
          <ns3:TrackPointExtension>
            <ns3:atemp>32.0</ns3:atemp>
            <ns3:hr>130</ns3:hr>
            <ns3:cad>84</ns3:cad>
          </ns3:TrackPointExtension>
        </extensions>
      </trkpt>
      <trkpt lat="22.60399770922958850860595703125" lon="113.88943447731435298919677734375">
        <ele>17</ele>
        <time>2026-08-23T12:01:46.000Z</time>
        <extensions>
          <ns3:TrackPointExtension>
            <ns3:atemp>32.0</ns3:atemp>
            <ns3:hr>130</ns3:hr>
            <ns3:cad>84</ns3:cad>
          </ns3:TrackPointExtension>
        </extensions>
      </trkpt>
      <trkpt lat="22.60400776751339435577392578125" lon="113.8894183002412319183349609375">
        <ele>17</ele>
        <time>2026-08-23T12:01:47.000Z</time>
        <extensions>
          <ns3:TrackPointExtension>
            <ns3:atemp>32.0</ns3:atemp>
            <ns3:hr>130</ns3:hr>
            <ns3:cad>84</ns3:cad>
          </ns3:TrackPointExtension>
        </extensions>
      </trkpt>
      <trkpt lat="22.60401807725429534912109375" lon="113.88940212316811084747314453125">
        <ele>17</ele>
        <time>2026-08-23T12:01:48.000Z</time>
        <extensions>
          <ns3:TrackPointExtension>
            <ns3:atemp>32.0</ns3:atemp>
            <ns3:hr>130</ns3:hr>
            <ns3:cad>84</ns3:cad>
          </ns3:TrackPointExtension>
        </extensions>
      </trkpt>
      <trkpt lat="22.60401807725429534912109375" lon="113.889391310513019561767578125">
        <ele>17</ele>
        <time>2026-08-23T12:01:49.000Z</time>
        <extensions>
          <ns3:TrackPointExtension>
            <ns3:atemp>32.0</ns3:atemp>
            <ns3:hr>131</ns3:hr>
            <ns3:cad>84</ns3:cad>
          </ns3:TrackPointExtension>
        </extensions>
      </trkpt>
      <trkpt lat="22.60403408668935298919677734375" lon="113.88937362469732761383056640625">
        <ele>17</ele>
        <time>2026-08-23T12:01:50.000Z</time>
        <extensions>
          <ns3:TrackPointExtension>
            <ns3:atemp>32.0</ns3:atemp>
            <ns3:hr>131</ns3:hr>
            <ns3:cad>84</ns3:cad>
          </ns3:TrackPointExtension>
        </extensions>
      </trkpt>
      <trkpt lat="22.604047246277332305908203125" lon="113.8893586210906505584716796875">
        <ele>17</ele>
        <time>2026-08-23T12:01:51.000Z</time>
        <extensions>
          <ns3:TrackPointExtension>
            <ns3:atemp>32.0</ns3:atemp>
            <ns3:hr>131</ns3:hr>
            <ns3:cad>84</ns3:cad>
          </ns3:TrackPointExtension>
        </extensions>
      </trkpt>
      <trkpt lat="22.60406627319753170013427734375" lon="113.889341689646244049072265625">
        <ele>17.200000762939453125</ele>
        <time>2026-08-23T12:01:52.000Z</time>
        <extensions>
          <ns3:TrackPointExtension>
            <ns3:atemp>32.0</ns3:atemp>
            <ns3:hr>131</ns3:hr>
            <ns3:cad>84</ns3:cad>
          </ns3:TrackPointExtension>
        </extensions>
      </trkpt>
      <trkpt lat="22.60408655740320682525634765625" lon="113.889318220317363739013671875">
        <ele>17.200000762939453125</ele>
        <time>2026-08-23T12:01:53.000Z</time>
        <extensions>
          <ns3:TrackPointExtension>
            <ns3:atemp>32.0</ns3:atemp>
            <ns3:hr>130</ns3:hr>
            <ns3:cad>84</ns3:cad>
          </ns3:TrackPointExtension>
        </extensions>
      </trkpt>
      <trkpt lat="22.60409963317215442657470703125" lon="113.88929701410233974456787109375">
        <ele>17.200000762939453125</ele>
        <time>2026-08-23T12:01:54.000Z</time>
        <extensions>
          <ns3:TrackPointExtension>
            <ns3:atemp>32.0</ns3:atemp>
            <ns3:hr>130</ns3:hr>
            <ns3:cad>84</ns3:cad>
          </ns3:TrackPointExtension>
        </extensions>
      </trkpt>
      <trkpt lat="22.60412134230136871337890625" lon="113.889270611107349395751953125">
        <ele>17.200000762939453125</ele>
        <time>2026-08-23T12:01:55.000Z</time>
        <extensions>
          <ns3:TrackPointExtension>
            <ns3:atemp>32.0</ns3:atemp>
            <ns3:hr>130</ns3:hr>
            <ns3:cad>84</ns3:cad>
          </ns3:TrackPointExtension>
        </extensions>
      </trkpt>
      <trkpt lat="22.6041359268128871917724609375" lon="113.889250494539737701416015625">
        <ele>17.200000762939453125</ele>
        <time>2026-08-23T12:01:56.000Z</time>
        <extensions>
          <ns3:TrackPointExtension>
            <ns3:atemp>32.0</ns3:atemp>
            <ns3:hr>131</ns3:hr>
            <ns3:cad>84</ns3:cad>
          </ns3:TrackPointExtension>
        </extensions>
      </trkpt>
      <trkpt lat="22.60415897704660892486572265625" lon="113.88922342099249362945556640625">
        <ele>17.200000762939453125</ele>
        <time>2026-08-23T12:01:57.000Z</time>
        <extensions>
          <ns3:TrackPointExtension>
            <ns3:atemp>32.0</ns3:atemp>
            <ns3:hr>131</ns3:hr>
            <ns3:cad>84</ns3:cad>
          </ns3:TrackPointExtension>
        </extensions>
      </trkpt>
      <trkpt lat="22.6041768305003643035888671875" lon="113.8892018795013427734375">
        <ele>17.200000762939453125</ele>
        <time>2026-08-23T12:01:58.000Z</time>
        <extensions>
          <ns3:TrackPointExtension>
            <ns3:atemp>32.0</ns3:atemp>
            <ns3:hr>131</ns3:hr>
            <ns3:cad>84</ns3:cad>
          </ns3:TrackPointExtension>
        </extensions>
      </trkpt>
      <trkpt lat="22.60418831370770931243896484375" lon="113.88918536715209484100341796875">
        <ele>17.200000762939453125</ele>
        <time>2026-08-23T12:01:59.000Z</time>
        <extensions>
          <ns3:TrackPointExtension>
            <ns3:atemp>32.0</ns3:atemp>
            <ns3:hr>132</ns3:hr>
            <ns3:cad>84</ns3:cad>
          </ns3:TrackPointExtension>
        </extensions>
      </trkpt>
      <trkpt lat="22.6042024791240692138671875" lon="113.889161981642246246337890625">
        <ele>17.200000762939453125</ele>
        <time>2026-08-23T12:02:00.000Z</time>
        <extensions>
          <ns3:TrackPointExtension>
            <ns3:atemp>32.0</ns3:atemp>
            <ns3:hr>132</ns3:hr>
            <ns3:cad>83</ns3:cad>
          </ns3:TrackPointExtension>
        </extensions>
      </trkpt>
      <trkpt lat="22.60421178303658962249755859375" lon="113.88914211653172969818115234375">
        <ele>17.200000762939453125</ele>
        <time>2026-08-23T12:02:01.000Z</time>
        <extensions>
          <ns3:TrackPointExtension>
            <ns3:atemp>32.0</ns3:atemp>
            <ns3:hr>132</ns3:hr>
            <ns3:cad>83</ns3:cad>
          </ns3:TrackPointExtension>
        </extensions>
      </trkpt>
      <trkpt lat="22.6042210869491100311279296875" lon="113.8891188986599445343017578125">
        <ele>17.200000762939453125</ele>
        <time>2026-08-23T12:02:02.000Z</time>
        <extensions>
          <ns3:TrackPointExtension>
            <ns3:atemp>32.0</ns3:atemp>
            <ns3:hr>132</ns3:hr>
            <ns3:cad>82</ns3:cad>
          </ns3:TrackPointExtension>
        </extensions>
      </trkpt>
      <trkpt lat="22.60423340834677219390869140625" lon="113.88909115456044673919677734375">
        <ele>17.200000762939453125</ele>
        <time>2026-08-23T12:02:03.000Z</time>
        <extensions>
          <ns3:TrackPointExtension>
            <ns3:atemp>32.0</ns3:atemp>
            <ns3:hr>132</ns3:hr>
            <ns3:cad>82</ns3:cad>
          </ns3:TrackPointExtension>
        </extensions>
      </trkpt>
      <trkpt lat="22.6042395271360874176025390625" lon="113.88907070271670818328857421875">
        <ele>17.200000762939453125</ele>
        <time>2026-08-23T12:02:04.000Z</time>
        <extensions>
          <ns3:TrackPointExtension>
            <ns3:atemp>32.0</ns3:atemp>
            <ns3:hr>132</ns3:hr>
            <ns3:cad>82</ns3:cad>
          </ns3:TrackPointExtension>
        </extensions>
      </trkpt>
      <trkpt lat="22.60424866341054439544677734375" lon="113.88904438354074954986572265625">
        <ele>17</ele>
        <time>2026-08-23T12:02:05.000Z</time>
        <extensions>
          <ns3:TrackPointExtension>
            <ns3:atemp>32.0</ns3:atemp>
            <ns3:hr>132</ns3:hr>
            <ns3:cad>82</ns3:cad>
          </ns3:TrackPointExtension>
        </extensions>
      </trkpt>
      <trkpt lat="22.604259140789508819580078125" lon="113.88902359642088413238525390625">
        <ele>17</ele>
        <time>2026-08-23T12:02:06.000Z</time>
        <extensions>
          <ns3:TrackPointExtension>
            <ns3:atemp>32.0</ns3:atemp>
            <ns3:hr>132</ns3:hr>
            <ns3:cad>82</ns3:cad>
          </ns3:TrackPointExtension>
        </extensions>
      </trkpt>
      <trkpt lat="22.6042690314352512359619140625" lon="113.889005072414875030517578125">
        <ele>17</ele>
        <time>2026-08-23T12:02:07.000Z</time>
        <extensions>
          <ns3:TrackPointExtension>
            <ns3:atemp>32.0</ns3:atemp>
            <ns3:hr>132</ns3:hr>
            <ns3:cad>82</ns3:cad>
          </ns3:TrackPointExtension>
        </extensions>
      </trkpt>
      <trkpt lat="22.60429007001221179962158203125" lon="113.8889831118285655975341796875">
        <ele>17</ele>
        <time>2026-08-23T12:02:08.000Z</time>
        <extensions>
          <ns3:TrackPointExtension>
            <ns3:atemp>32.0</ns3:atemp>
            <ns3:hr>132</ns3:hr>
            <ns3:cad>82</ns3:cad>
          </ns3:TrackPointExtension>
        </extensions>
      </trkpt>
      <trkpt lat="22.604299373924732208251953125" lon="113.88896458782255649566650390625">
        <ele>17</ele>
        <time>2026-08-23T12:02:09.000Z</time>
        <extensions>
          <ns3:TrackPointExtension>
            <ns3:atemp>32.0</ns3:atemp>
            <ns3:hr>132</ns3:hr>
            <ns3:cad>83</ns3:cad>
          </ns3:TrackPointExtension>
        </extensions>
      </trkpt>
      <trkpt lat="22.60431320406496524810791015625" lon="113.88894128613173961639404296875">
        <ele>17</ele>
        <time>2026-08-23T12:02:10.000Z</time>
        <extensions>
          <ns3:TrackPointExtension>
            <ns3:atemp>32.0</ns3:atemp>
            <ns3:hr>133</ns3:hr>
            <ns3:cad>84</ns3:cad>
          </ns3:TrackPointExtension>
        </extensions>
      </trkpt>
      <trkpt lat="22.6043226756155490875244140625" lon="113.8889190740883350372314453125">
        <ele>17</ele>
        <time>2026-08-23T12:02:11.000Z</time>
        <extensions>
          <ns3:TrackPointExtension>
            <ns3:atemp>32.0</ns3:atemp>
            <ns3:hr>132</ns3:hr>
            <ns3:cad>84</ns3:cad>
          </ns3:TrackPointExtension>
        </extensions>
      </trkpt>
      <trkpt lat="22.604328207671642303466796875" lon="113.88890080153942108154296875">
        <ele>17.200000762939453125</ele>
        <time>2026-08-23T12:02:12.000Z</time>
        <extensions>
          <ns3:TrackPointExtension>
            <ns3:atemp>32.0</ns3:atemp>
            <ns3:hr>132</ns3:hr>
            <ns3:cad>84</ns3:cad>
          </ns3:TrackPointExtension>
        </extensions>
      </trkpt>
      <trkpt lat="22.60433952324092388153076171875" lon="113.8888714648783206939697265625">
        <ele>17.200000762939453125</ele>
        <time>2026-08-23T12:02:13.000Z</time>
        <extensions>
          <ns3:TrackPointExtension>
            <ns3:atemp>32.0</ns3:atemp>
            <ns3:hr>132</ns3:hr>
            <ns3:cad>84</ns3:cad>
          </ns3:TrackPointExtension>
        </extensions>
      </trkpt>
      <trkpt lat="22.6043498329818248748779296875" lon="113.88884590007364749908447265625">
        <ele>17.200000762939453125</ele>
        <time>2026-08-23T12:02:14.000Z</time>
        <extensions>
          <ns3:TrackPointExtension>
            <ns3:atemp>32.0</ns3:atemp>
            <ns3:hr>132</ns3:hr>
            <ns3:cad>84</ns3:cad>
          </ns3:TrackPointExtension>
        </extensions>
      </trkpt>
      <trkpt lat="22.604359723627567291259765625" lon="113.88881974853575229644775390625">
        <ele>17.200000762939453125</ele>
        <time>2026-08-23T12:02:15.000Z</time>
        <extensions>
          <ns3:TrackPointExtension>
            <ns3:atemp>32.0</ns3:atemp>
            <ns3:hr>132</ns3:hr>
            <ns3:cad>82</ns3:cad>
          </ns3:TrackPointExtension>
        </extensions>
      </trkpt>
      <trkpt lat="22.60437288321554660797119140625" lon="113.88878555037081241607666015625">
        <ele>17.200000762939453125</ele>
        <time>2026-08-23T12:02:16.000Z</time>
        <extensions>
          <ns3:TrackPointExtension>
            <ns3:atemp>32.0</ns3:atemp>
            <ns3:hr>131</ns3:hr>
            <ns3:cad>82</ns3:cad>
          </ns3:TrackPointExtension>
        </extensions>
      </trkpt>
      <trkpt lat="22.60437992401421070098876953125" lon="113.88876124285161495208740234375">
        <ele>17.200000762939453125</ele>
        <time>2026-08-23T12:02:17.000Z</time>
        <extensions>
          <ns3:TrackPointExtension>
            <ns3:atemp>32.0</ns3:atemp>
            <ns3:hr>131</ns3:hr>
            <ns3:cad>82</ns3:cad>
          </ns3:TrackPointExtension>
        </extensions>
      </trkpt>
      <trkpt lat="22.6043907366693019866943359375" lon="113.88873542658984661102294921875">
        <ele>17</ele>
        <time>2026-08-23T12:02:18.000Z</time>
        <extensions>
          <ns3:TrackPointExtension>
            <ns3:atemp>32.0</ns3:atemp>
            <ns3:hr>131</ns3:hr>
            <ns3:cad>83</ns3:cad>
          </ns3:TrackPointExtension>
        </extensions>
      </trkpt>
      <trkpt lat="22.60440523736178874969482421875" lon="113.888708017766475677490234375">
        <ele>17</ele>
        <time>2026-08-23T12:02:19.000Z</time>
        <extensions>
          <ns3:TrackPointExtension>
            <ns3:atemp>32.0</ns3:atemp>
            <ns3:hr>132</ns3:hr>
            <ns3:cad>83</ns3:cad>
          </ns3:TrackPointExtension>
        </extensions>
      </trkpt>
      <trkpt lat="22.6044090092182159423828125" lon="113.88869133777916431427001953125">
        <ele>16.799999237060546875</ele>
        <time>2026-08-23T12:02:20.000Z</time>
        <extensions>
          <ns3:TrackPointExtension>
            <ns3:atemp>32.0</ns3:atemp>
            <ns3:hr>132</ns3:hr>
            <ns3:cad>83</ns3:cad>
          </ns3:TrackPointExtension>
        </extensions>
      </trkpt>
      <trkpt lat="22.60441998951137065887451171875" lon="113.88867155648767948150634765625">
        <ele>16.799999237060546875</ele>
        <time>2026-08-23T12:02:21.000Z</time>
        <extensions>
          <ns3:TrackPointExtension>
            <ns3:atemp>32.0</ns3:atemp>
            <ns3:hr>132</ns3:hr>
            <ns3:cad>83</ns3:cad>
          </ns3:TrackPointExtension>
        </extensions>
      </trkpt>
      <trkpt lat="22.60443138889968395233154296875" lon="113.88865269720554351806640625">
        <ele>16.799999237060546875</ele>
        <time>2026-08-23T12:02:22.000Z</time>
        <extensions>
          <ns3:TrackPointExtension>
            <ns3:atemp>32.0</ns3:atemp>
            <ns3:hr>132</ns3:hr>
            <ns3:cad>83</ns3:cad>
          </ns3:TrackPointExtension>
        </extensions>
      </trkpt>
      <trkpt lat="22.604454271495342254638671875" lon="113.8886287249624729156494140625">
        <ele>16.799999237060546875</ele>
        <time>2026-08-23T12:02:23.000Z</time>
        <extensions>
          <ns3:TrackPointExtension>
            <ns3:atemp>32.0</ns3:atemp>
            <ns3:hr>133</ns3:hr>
            <ns3:cad>83</ns3:cad>
          </ns3:TrackPointExtension>
        </extensions>
      </trkpt>
      <trkpt lat="22.60447229258716106414794921875" lon="113.888616822659969329833984375">
        <ele>17</ele>
        <time>2026-08-23T12:02:24.000Z</time>
        <extensions>
          <ns3:TrackPointExtension>
            <ns3:atemp>32.0</ns3:atemp>
            <ns3:hr>134</ns3:hr>
            <ns3:cad>82</ns3:cad>
          </ns3:TrackPointExtension>
        </extensions>
      </trkpt>
      <trkpt lat="22.60453842580318450927734375" lon="113.888598047196865081787109375">
        <ele>17.3999996185302734375</ele>
        <time>2026-08-23T12:03:12.000Z</time>
        <extensions>
          <ns3:TrackPointExtension>
            <ns3:atemp>32.0</ns3:atemp>
            <ns3:hr>96</ns3:hr>
            <ns3:cad>0</ns3:cad>
          </ns3:TrackPointExtension>
        </extensions>
      </trkpt>
      <trkpt lat="22.60454244911670684814453125" lon="113.88859008438885211944580078125">
        <ele>17.200000762939453125</ele>
        <time>2026-08-23T12:03:13.000Z</time>
        <extensions>
          <ns3:TrackPointExtension>
            <ns3:atemp>32.0</ns3:atemp>
            <ns3:hr>96</ns3:hr>
            <ns3:cad>0</ns3:cad>
          </ns3:TrackPointExtension>
        </extensions>
      </trkpt>
      <trkpt lat="22.60455678217113018035888671875" lon="113.88856275938451290130615234375">
        <ele>17.200000762939453125</ele>
        <time>2026-08-23T12:03:14.000Z</time>
        <extensions>
          <ns3:TrackPointExtension>
            <ns3:atemp>32.0</ns3:atemp>
            <ns3:hr>96</ns3:hr>
            <ns3:cad>0</ns3:cad>
          </ns3:TrackPointExtension>
        </extensions>
      </trkpt>
      <trkpt lat="22.604568935930728912353515625" lon="113.88853576965630054473876953125">
        <ele>17</ele>
        <time>2026-08-23T12:03:15.000Z</time>
        <extensions>
          <ns3:TrackPointExtension>
            <ns3:atemp>32.0</ns3:atemp>
            <ns3:hr>96</ns3:hr>
            <ns3:cad>0</ns3:cad>
          </ns3:TrackPointExtension>
        </extensions>
      </trkpt>
      <trkpt lat="22.60458268225193023681640625" lon="113.8885058462619781494140625">
        <ele>17</ele>
        <time>2026-08-23T12:03:16.000Z</time>
        <extensions>
          <ns3:TrackPointExtension>
            <ns3:atemp>32.0</ns3:atemp>
            <ns3:hr>96</ns3:hr>
            <ns3:cad>0</ns3:cad>
          </ns3:TrackPointExtension>
        </extensions>
      </trkpt>
      <trkpt lat="22.60459500364959239959716796875" lon="113.8884763419628143310546875">
        <ele>17</ele>
        <time>2026-08-23T12:03:17.000Z</time>
        <extensions>
          <ns3:TrackPointExtension>
            <ns3:atemp>32.0</ns3:atemp>
            <ns3:hr>96</ns3:hr>
            <ns3:cad>0</ns3:cad>
          </ns3:TrackPointExtension>
        </extensions>
      </trkpt>
      <trkpt lat="22.6046019606292247772216796875" lon="113.88845815323293209075927734375">
        <ele>17</ele>
        <time>2026-08-23T12:03:18.000Z</time>
        <extensions>
          <ns3:TrackPointExtension>
            <ns3:atemp>32.0</ns3:atemp>
            <ns3:hr>97</ns3:hr>
            <ns3:cad>83</ns3:cad>
          </ns3:TrackPointExtension>
        </extensions>
      </trkpt>
      <trkpt lat="22.60461277328431606292724609375" lon="113.888434432446956634521484375">
        <ele>17</ele>
        <time>2026-08-23T12:03:19.000Z</time>
        <extensions>
          <ns3:TrackPointExtension>
            <ns3:atemp>32.0</ns3:atemp>
            <ns3:hr>98</ns3:hr>
            <ns3:cad>85</ns3:cad>
          </ns3:TrackPointExtension>
        </extensions>
      </trkpt>
      <trkpt lat="22.60461545549333095550537109375" lon="113.8884161598980426788330078125">
        <ele>17</ele>
        <time>2026-08-23T12:03:20.000Z</time>
        <extensions>
          <ns3:TrackPointExtension>
            <ns3:atemp>32.0</ns3:atemp>
            <ns3:hr>98</ns3:hr>
            <ns3:cad>85</ns3:cad>
          </ns3:TrackPointExtension>
        </extensions>
      </trkpt>
      <trkpt lat="22.6046277768909931182861328125" lon="113.88838841579854488372802734375">
        <ele>17</ele>
        <time>2026-08-23T12:03:21.000Z</time>
        <extensions>
          <ns3:TrackPointExtension>
            <ns3:atemp>32.0</ns3:atemp>
            <ns3:hr>98</ns3:hr>
            <ns3:cad>85</ns3:cad>
          </ns3:TrackPointExtension>
        </extensions>
      </trkpt>
      <trkpt lat="22.60463875718414783477783203125" lon="113.88836595229804515838623046875">
        <ele>17</ele>
        <time>2026-08-23T12:03:22.000Z</time>
        <extensions>
          <ns3:TrackPointExtension>
            <ns3:atemp>32.0</ns3:atemp>
            <ns3:hr>97</ns3:hr>
            <ns3:cad>86</ns3:cad>
          </ns3:TrackPointExtension>
        </extensions>
      </trkpt>
      <trkpt lat="22.60466021485626697540283203125" lon="113.88833762146532535552978515625">
        <ele>17</ele>
        <time>2026-08-23T12:03:23.000Z</time>
        <extensions>
          <ns3:TrackPointExtension>
            <ns3:atemp>32.0</ns3:atemp>
            <ns3:hr>97</ns3:hr>
            <ns3:cad>86</ns3:cad>
          </ns3:TrackPointExtension>
        </extensions>
      </trkpt>
      <trkpt lat="22.604677565395832061767578125" lon="113.88831448741257190704345703125">
        <ele>17</ele>
        <time>2026-08-23T12:03:24.000Z</time>
        <extensions>
          <ns3:TrackPointExtension>
            <ns3:atemp>32.0</ns3:atemp>
            <ns3:hr>97</ns3:hr>
            <ns3:cad>86</ns3:cad>
          </ns3:TrackPointExtension>
        </extensions>
      </trkpt>
      <trkpt lat="22.60469743050634860992431640625" lon="113.8882947899401187896728515625">
        <ele>17</ele>
        <time>2026-08-23T12:03:25.000Z</time>
        <extensions>
          <ns3:TrackPointExtension>
            <ns3:atemp>32.0</ns3:atemp>
            <ns3:hr>98</ns3:hr>
            <ns3:cad>86</ns3:cad>
          </ns3:TrackPointExtension>
        </extensions>
      </trkpt>
      <trkpt lat="22.60471704415977001190185546875" lon="113.88827324844896793365478515625">
        <ele>17</ele>
        <time>2026-08-23T12:03:26.000Z</time>
        <extensions>
          <ns3:TrackPointExtension>
            <ns3:atemp>32.0</ns3:atemp>
            <ns3:hr>98</ns3:hr>
            <ns3:cad>86</ns3:cad>
          </ns3:TrackPointExtension>
        </extensions>
      </trkpt>
      <trkpt lat="22.60472274385392665863037109375" lon="113.8882535509765148162841796875">
        <ele>17</ele>
        <time>2026-08-23T12:03:27.000Z</time>
        <extensions>
          <ns3:TrackPointExtension>
            <ns3:atemp>32.0</ns3:atemp>
            <ns3:hr>99</ns3:hr>
            <ns3:cad>86</ns3:cad>
          </ns3:TrackPointExtension>
        </extensions>
      </trkpt>
      <trkpt lat="22.6047504879534244537353515625" lon="113.888233266770839691162109375">
        <ele>17</ele>
        <time>2026-08-23T12:03:28.000Z</time>
        <extensions>
          <ns3:TrackPointExtension>
            <ns3:atemp>32.0</ns3:atemp>
            <ns3:hr>100</ns3:hr>
            <ns3:cad>86</ns3:cad>
          </ns3:TrackPointExtension>
        </extensions>
      </trkpt>
      <trkpt lat="22.60476113297045230865478515625" lon="113.888218514621257781982421875">
        <ele>17</ele>
        <time>2026-08-23T12:03:29.000Z</time>
        <extensions>
          <ns3:TrackPointExtension>
            <ns3:atemp>32.0</ns3:atemp>
            <ns3:hr>100</ns3:hr>
            <ns3:cad>86</ns3:cad>
          </ns3:TrackPointExtension>
        </extensions>
      </trkpt>
      <trkpt lat="22.604770772159099578857421875" lon="113.88819538056850433349609375">
        <ele>17</ele>
        <time>2026-08-23T12:03:30.000Z</time>
        <extensions>
          <ns3:TrackPointExtension>
            <ns3:atemp>32.0</ns3:atemp>
            <ns3:hr>101</ns3:hr>
            <ns3:cad>86</ns3:cad>
          </ns3:TrackPointExtension>
        </extensions>
      </trkpt>
      <trkpt lat="22.60478175245225429534912109375" lon="113.88817794620990753173828125">
        <ele>17</ele>
        <time>2026-08-23T12:03:31.000Z</time>
        <extensions>
          <ns3:TrackPointExtension>
            <ns3:atemp>32.0</ns3:atemp>
            <ns3:hr>101</ns3:hr>
            <ns3:cad>86</ns3:cad>
          </ns3:TrackPointExtension>
        </extensions>
      </trkpt>
      <trkpt lat="22.6048099994659423828125" lon="113.88816495425999164581298828125">
        <ele>17.200000762939453125</ele>
        <time>2026-08-23T12:03:32.000Z</time>
        <extensions>
          <ns3:TrackPointExtension>
            <ns3:atemp>32.0</ns3:atemp>
            <ns3:hr>102</ns3:hr>
            <ns3:cad>86</ns3:cad>
          </ns3:TrackPointExtension>
        </extensions>
      </trkpt>
      <trkpt lat="22.6048272661864757537841796875" lon="113.88815321959555149078369140625">
        <ele>17.200000762939453125</ele>
        <time>2026-08-23T12:03:33.000Z</time>
        <extensions>
          <ns3:TrackPointExtension>
            <ns3:atemp>32.0</ns3:atemp>
            <ns3:hr>102</ns3:hr>
            <ns3:cad>86</ns3:cad>
          </ns3:TrackPointExtension>
        </extensions>
      </trkpt>
      <trkpt lat="22.604846544563770294189453125" lon="113.88814433477818965911865234375">
        <ele>17.200000762939453125</ele>
        <time>2026-08-23T12:03:34.000Z</time>
        <extensions>
          <ns3:TrackPointExtension>
            <ns3:atemp>32.0</ns3:atemp>
            <ns3:hr>103</ns3:hr>
            <ns3:cad>86</ns3:cad>
          </ns3:TrackPointExtension>
        </extensions>
      </trkpt>
      <trkpt lat="22.6048795692622661590576171875" lon="113.88813679106533527374267578125">
        <ele>17</ele>
        <time>2026-08-23T12:03:35.000Z</time>
        <extensions>
          <ns3:TrackPointExtension>
            <ns3:atemp>32.0</ns3:atemp>
            <ns3:hr>103</ns3:hr>
            <ns3:cad>86</ns3:cad>
          </ns3:TrackPointExtension>
        </extensions>
      </trkpt>
      <trkpt lat="22.60490630753338336944580078125" lon="113.88812522403895854949951171875">
        <ele>17.200000762939453125</ele>
        <time>2026-08-23T12:03:36.000Z</time>
        <extensions>
          <ns3:TrackPointExtension>
            <ns3:atemp>32.0</ns3:atemp>
            <ns3:hr>103</ns3:hr>
            <ns3:cad>87</ns3:cad>
          </ns3:TrackPointExtension>
        </extensions>
      </trkpt>
      <trkpt lat="22.60494478046894073486328125" lon="113.8881093822419643402099609375">
        <ele>17.200000762939453125</ele>
        <time>2026-08-23T12:03:37.000Z</time>
        <extensions>
          <ns3:TrackPointExtension>
            <ns3:atemp>32.0</ns3:atemp>
            <ns3:hr>103</ns3:hr>
            <ns3:cad>87</ns3:cad>
          </ns3:TrackPointExtension>
        </extensions>
      </trkpt>
      <trkpt lat="22.60497654788196086883544921875" lon="113.8880929537117481231689453125">
        <ele>17.200000762939453125</ele>
        <time>2026-08-23T12:03:38.000Z</time>
        <extensions>
          <ns3:TrackPointExtension>
            <ns3:atemp>32.0</ns3:atemp>
            <ns3:hr>104</ns3:hr>
            <ns3:cad>86</ns3:cad>
          </ns3:TrackPointExtension>
        </extensions>
      </trkpt>
      <trkpt lat="22.60498560033738613128662109375" lon="113.88806931674480438232421875">
        <ele>17</ele>
        <time>2026-08-23T12:03:39.000Z</time>
        <extensions>
          <ns3:TrackPointExtension>
            <ns3:atemp>32.0</ns3:atemp>
            <ns3:hr>104</ns3:hr>
            <ns3:cad>86</ns3:cad>
          </ns3:TrackPointExtension>
        </extensions>
      </trkpt>
      <trkpt lat="22.604979984462261199951171875" lon="113.88803637586534023284912109375">
        <ele>17</ele>
        <time>2026-08-23T12:03:40.000Z</time>
        <extensions>
          <ns3:TrackPointExtension>
            <ns3:atemp>32.0</ns3:atemp>
            <ns3:hr>105</ns3:hr>
            <ns3:cad>85</ns3:cad>
          </ns3:TrackPointExtension>
        </extensions>
      </trkpt>
      <trkpt lat="22.60497202165424823760986328125" lon="113.8880042731761932373046875">
        <ele>17</ele>
        <time>2026-08-23T12:03:41.000Z</time>
        <extensions>
          <ns3:TrackPointExtension>
            <ns3:atemp>32.0</ns3:atemp>
            <ns3:hr>105</ns3:hr>
            <ns3:cad>85</ns3:cad>
          </ns3:TrackPointExtension>
        </extensions>
      </trkpt>
      <trkpt lat="22.6049734465777873992919921875" lon="113.88796915300190448760986328125">
        <ele>17</ele>
        <time>2026-08-23T12:03:42.000Z</time>
        <extensions>
          <ns3:TrackPointExtension>
            <ns3:atemp>32.0</ns3:atemp>
            <ns3:hr>106</ns3:hr>
            <ns3:cad>85</ns3:cad>
          </ns3:TrackPointExtension>
        </extensions>
      </trkpt>
      <trkpt lat="22.60497839190065860748291015625" lon="113.8879444263875484466552734375">
        <ele>17</ele>
        <time>2026-08-23T12:03:43.000Z</time>
        <extensions>
          <ns3:TrackPointExtension>
            <ns3:atemp>32.0</ns3:atemp>
            <ns3:hr>106</ns3:hr>
            <ns3:cad>85</ns3:cad>
          </ns3:TrackPointExtension>
        </extensions>
      </trkpt>
      <trkpt lat="22.60498107410967350006103515625" lon="113.8879300095140933990478515625">
        <ele>17</ele>
        <time>2026-08-23T12:03:44.000Z</time>
        <extensions>
          <ns3:TrackPointExtension>
            <ns3:atemp>32.0</ns3:atemp>
            <ns3:hr>107</ns3:hr>
            <ns3:cad>86</ns3:cad>
          </ns3:TrackPointExtension>
        </extensions>
      </trkpt>
      <trkpt lat="22.6050036214292049407958984375" lon="113.88791148550808429718017578125">
        <ele>17</ele>
        <time>2026-08-23T12:03:45.000Z</time>
        <extensions>
          <ns3:TrackPointExtension>
            <ns3:atemp>32.0</ns3:atemp>
            <ns3:hr>108</ns3:hr>
            <ns3:cad>86</ns3:cad>
          </ns3:TrackPointExtension>
        </extensions>
      </trkpt>
      <trkpt lat="22.6050187088549137115478515625" lon="113.88790327124297618865966796875">
        <ele>17</ele>
        <time>2026-08-23T12:03:46.000Z</time>
        <extensions>
          <ns3:TrackPointExtension>
            <ns3:atemp>32.0</ns3:atemp>
            <ns3:hr>108</ns3:hr>
            <ns3:cad>85</ns3:cad>
          </ns3:TrackPointExtension>
        </extensions>
      </trkpt>
      <trkpt lat="22.60504511184990406036376953125" lon="113.8878887705504894256591796875">
        <ele>17</ele>
        <time>2026-08-23T12:03:47.000Z</time>
        <extensions>
          <ns3:TrackPointExtension>
            <ns3:atemp>32.0</ns3:atemp>
            <ns3:hr>109</ns3:hr>
            <ns3:cad>85</ns3:cad>
          </ns3:TrackPointExtension>
        </extensions>
      </trkpt>
      <trkpt lat="22.60506950318813323974609375" lon="113.88787762261927127838134765625">
        <ele>17</ele>
        <time>2026-08-23T12:03:48.000Z</time>
        <extensions>
          <ns3:TrackPointExtension>
            <ns3:atemp>32.0</ns3:atemp>
            <ns3:hr>110</ns3:hr>
            <ns3:cad>85</ns3:cad>
          </ns3:TrackPointExtension>
        </extensions>
      </trkpt>
      <trkpt lat="22.60511317290365695953369140625" lon="113.88787108473479747772216796875">
        <ele>17</ele>
        <time>2026-08-23T12:03:49.000Z</time>
        <extensions>
          <ns3:TrackPointExtension>
            <ns3:atemp>32.0</ns3:atemp>
            <ns3:hr>111</ns3:hr>
            <ns3:cad>85</ns3:cad>
          </ns3:TrackPointExtension>
        </extensions>
      </trkpt>
      <trkpt lat="22.60514250956475734710693359375" lon="113.88786639086902141571044921875">
        <ele>17</ele>
        <time>2026-08-23T12:03:50.000Z</time>
        <extensions>
          <ns3:TrackPointExtension>
            <ns3:atemp>32.0</ns3:atemp>
            <ns3:hr>111</ns3:hr>
            <ns3:cad>85</ns3:cad>
          </ns3:TrackPointExtension>
        </extensions>
      </trkpt>
      <trkpt lat="22.6051866821944713592529296875" lon="113.88785582967102527618408203125">
        <ele>17</ele>
        <time>2026-08-23T12:03:51.000Z</time>
        <extensions>
          <ns3:TrackPointExtension>
            <ns3:atemp>32.0</ns3:atemp>
            <ns3:hr>111</ns3:hr>
            <ns3:cad>86</ns3:cad>
          </ns3:TrackPointExtension>
        </extensions>
      </trkpt>
      <trkpt lat="22.60522515513002872467041015625" lon="113.8878468610346317291259765625">
        <ele>17</ele>
        <time>2026-08-23T12:03:52.000Z</time>
        <extensions>
          <ns3:TrackPointExtension>
            <ns3:atemp>32.0</ns3:atemp>
            <ns3:hr>112</ns3:hr>
            <ns3:cad>86</ns3:cad>
          </ns3:TrackPointExtension>
        </extensions>
      </trkpt>
      <trkpt lat="22.60525583289563655853271484375" lon="113.88783906586468219757080078125">
        <ele>16.799999237060546875</ele>
        <time>2026-08-23T12:03:53.000Z</time>
        <extensions>
          <ns3:TrackPointExtension>
            <ns3:atemp>32.0</ns3:atemp>
            <ns3:hr>112</ns3:hr>
            <ns3:cad>85</ns3:cad>
          </ns3:TrackPointExtension>
        </extensions>
      </trkpt>
      <trkpt lat="22.605297826230525970458984375" lon="113.8878290913999080657958984375">
        <ele>16.799999237060546875</ele>
        <time>2026-08-23T12:03:54.000Z</time>
        <extensions>
          <ns3:TrackPointExtension>
            <ns3:atemp>32.0</ns3:atemp>
            <ns3:hr>113</ns3:hr>
            <ns3:cad>85</ns3:cad>
          </ns3:TrackPointExtension>
        </extensions>
      </trkpt>
      <trkpt lat="22.60532163083553314208984375" lon="113.887820877134799957275390625">
        <ele>16.799999237060546875</ele>
        <time>2026-08-23T12:03:55.000Z</time>
        <extensions>
          <ns3:TrackPointExtension>
            <ns3:atemp>32.0</ns3:atemp>
            <ns3:hr>113</ns3:hr>
            <ns3:cad>85</ns3:cad>
          </ns3:TrackPointExtension>
        </extensions>
      </trkpt>
      <trkpt lat="22.6053606905043125152587890625" lon="113.88781073503196239471435546875">
        <ele>17</ele>
        <time>2026-08-23T12:03:56.000Z</time>
        <extensions>
          <ns3:TrackPointExtension>
            <ns3:atemp>32.0</ns3:atemp>
            <ns3:hr>114</ns3:hr>
            <ns3:cad>85</ns3:cad>
          </ns3:TrackPointExtension>
        </extensions>
      </trkpt>
      <trkpt lat="22.6053814776241779327392578125" lon="113.8878031075000762939453125">
        <ele>17</ele>
        <time>2026-08-23T12:03:57.000Z</time>
        <extensions>
          <ns3:TrackPointExtension>
            <ns3:atemp>32.0</ns3:atemp>
            <ns3:hr>115</ns3:hr>
            <ns3:cad>85</ns3:cad>
          </ns3:TrackPointExtension>
        </extensions>
      </trkpt>
      <trkpt lat="22.605402432382106781005859375" lon="113.887793719768524169921875">
        <ele>17</ele>
        <time>2026-08-23T12:03:58.000Z</time>
        <extensions>
          <ns3:TrackPointExtension>
            <ns3:atemp>32.0</ns3:atemp>
            <ns3:hr>116</ns3:hr>
            <ns3:cad>86</ns3:cad>
          </ns3:TrackPointExtension>
        </extensions>
      </trkpt>
      <trkpt lat="22.605418525636196136474609375" lon="113.8877855055034160614013671875">
        <ele>17</ele>
        <time>2026-08-23T12:03:59.000Z</time>
        <extensions>
          <ns3:TrackPointExtension>
            <ns3:atemp>32.0</ns3:atemp>
            <ns3:hr>117</ns3:hr>
            <ns3:cad>86</ns3:cad>
          </ns3:TrackPointExtension>
        </extensions>
      </trkpt>
      <trkpt lat="22.605441994965076446533203125" lon="113.887776620686054229736328125">
        <ele>17</ele>
        <time>2026-08-23T12:04:00.000Z</time>
        <extensions>
          <ns3:TrackPointExtension>
            <ns3:atemp>32.0</ns3:atemp>
            <ns3:hr>118</ns3:hr>
            <ns3:cad>86</ns3:cad>
          </ns3:TrackPointExtension>
        </extensions>
      </trkpt>
      <trkpt lat="22.60546772740781307220458984375" lon="113.887771256268024444580078125">
        <ele>17</ele>
        <time>2026-08-23T12:04:01.000Z</time>
        <extensions>
          <ns3:TrackPointExtension>
            <ns3:atemp>32.0</ns3:atemp>
            <ns3:hr>118</ns3:hr>
            <ns3:cad>86</ns3:cad>
          </ns3:TrackPointExtension>
        </extensions>
      </trkpt>
      <trkpt lat="22.60549086146056652069091796875" lon="113.88776530511677265167236328125">
        <ele>17</ele>
        <time>2026-08-23T12:04:02.000Z</time>
        <extensions>
          <ns3:TrackPointExtension>
            <ns3:atemp>32.0</ns3:atemp>
            <ns3:hr>117</ns3:hr>
            <ns3:cad>87</ns3:cad>
          </ns3:TrackPointExtension>
        </extensions>
      </trkpt>
      <trkpt lat="22.60552304796874523162841796875" lon="113.88776262290775775909423828125">
        <ele>17</ele>
        <time>2026-08-23T12:04:03.000Z</time>
        <extensions>
          <ns3:TrackPointExtension>
            <ns3:atemp>32.0</ns3:atemp>
            <ns3:hr>117</ns3:hr>
            <ns3:cad>87</ns3:cad>
          </ns3:TrackPointExtension>
        </extensions>
      </trkpt>
      <trkpt lat="22.6055457629263401031494140625" lon="113.887759856879711151123046875">
        <ele>17</ele>
        <time>2026-08-23T12:04:04.000Z</time>
        <extensions>
          <ns3:TrackPointExtension>
            <ns3:atemp>32.0</ns3:atemp>
            <ns3:hr>117</ns3:hr>
            <ns3:cad>87</ns3:cad>
          </ns3:TrackPointExtension>
        </extensions>
      </trkpt>
      <trkpt lat="22.605574429035186767578125" lon="113.88775348663330078125">
        <ele>17</ele>
        <time>2026-08-23T12:04:05.000Z</time>
        <extensions>
          <ns3:TrackPointExtension>
            <ns3:atemp>32.0</ns3:atemp>
            <ns3:hr>118</ns3:hr>
            <ns3:cad>87</ns3:cad>
          </ns3:TrackPointExtension>
        </extensions>
      </trkpt>
      <trkpt lat="22.60559496469795703887939453125" lon="113.88774787075817584991455078125">
        <ele>17</ele>
        <time>2026-08-23T12:04:06.000Z</time>
        <extensions>
          <ns3:TrackPointExtension>
            <ns3:atemp>32.0</ns3:atemp>
            <ns3:hr>118</ns3:hr>
            <ns3:cad>87</ns3:cad>
          </ns3:TrackPointExtension>
        </extensions>
      </trkpt>
      <trkpt lat="22.60561239905655384063720703125" lon="113.88774351216852664947509765625">
        <ele>17</ele>
        <time>2026-08-23T12:04:07.000Z</time>
        <extensions>
          <ns3:TrackPointExtension>
            <ns3:atemp>32.0</ns3:atemp>
            <ns3:hr>119</ns3:hr>
            <ns3:cad>87</ns3:cad>
          </ns3:TrackPointExtension>
        </extensions>
      </trkpt>
      <trkpt lat="22.60561239905655384063720703125" lon="113.88775105588138103485107421875">
        <ele>16.799999237060546875</ele>
        <time>2026-08-23T12:04:08.000Z</time>
        <extensions>
          <ns3:TrackPointExtension>
            <ns3:atemp>32.0</ns3:atemp>
            <ns3:hr>119</ns3:hr>
            <ns3:cad>87</ns3:cad>
          </ns3:TrackPointExtension>
        </extensions>
      </trkpt>
      <trkpt lat="22.6056161709129810333251953125" lon="113.8877506367862224578857421875">
        <ele>16.799999237060546875</ele>
        <time>2026-08-23T12:04:09.000Z</time>
        <extensions>
          <ns3:TrackPointExtension>
            <ns3:atemp>32.0</ns3:atemp>
            <ns3:hr>119</ns3:hr>
            <ns3:cad>0</ns3:cad>
          </ns3:TrackPointExtension>
        </extensions>
      </trkpt>
      <trkpt lat="22.60562161915004253387451171875" lon="113.88775088824331760406494140625">
        <ele>16.799999237060546875</ele>
        <time>2026-08-23T12:04:10.000Z</time>
        <extensions>
          <ns3:TrackPointExtension>
            <ns3:atemp>32.0</ns3:atemp>
            <ns3:hr>119</ns3:hr>
            <ns3:cad>0</ns3:cad>
          </ns3:TrackPointExtension>
        </extensions>
      </trkpt>
      <trkpt lat="22.60563000105321407318115234375" lon="113.88775373809039592742919921875">
        <ele>16.799999237060546875</ele>
        <time>2026-08-23T12:04:11.000Z</time>
        <extensions>
          <ns3:TrackPointExtension>
            <ns3:atemp>32.0</ns3:atemp>
            <ns3:hr>119</ns3:hr>
            <ns3:cad>83</ns3:cad>
          </ns3:TrackPointExtension>
        </extensions>
      </trkpt>
      <trkpt lat="22.6056393049657344818115234375" lon="113.887757845222949981689453125">
        <ele>16.799999237060546875</ele>
        <time>2026-08-23T12:04:12.000Z</time>
        <extensions>
          <ns3:TrackPointExtension>
            <ns3:atemp>32.0</ns3:atemp>
            <ns3:hr>119</ns3:hr>
            <ns3:cad>83</ns3:cad>
          </ns3:TrackPointExtension>
        </extensions>
      </trkpt>
      <trkpt lat="22.60564056225121021270751953125" lon="113.88774988241493701934814453125">
        <ele>17</ele>
        <time>2026-08-23T12:04:13.000Z</time>
        <extensions>
          <ns3:TrackPointExtension>
            <ns3:atemp>32.0</ns3:atemp>
            <ns3:hr>118</ns3:hr>
            <ns3:cad>83</ns3:cad>
          </ns3:TrackPointExtension>
        </extensions>
      </trkpt>
      <trkpt lat="22.6056671328842639923095703125" lon="113.8877318613231182098388671875">
        <ele>17</ele>
        <time>2026-08-23T12:04:14.000Z</time>
        <extensions>
          <ns3:TrackPointExtension>
            <ns3:atemp>32.0</ns3:atemp>
            <ns3:hr>118</ns3:hr>
            <ns3:cad>83</ns3:cad>
          </ns3:TrackPointExtension>
        </extensions>
      </trkpt>
      <trkpt lat="22.605688758194446563720703125" lon="113.88772289268672466278076171875">
        <ele>17</ele>
        <time>2026-08-23T12:04:15.000Z</time>
        <extensions>
          <ns3:TrackPointExtension>
            <ns3:atemp>32.0</ns3:atemp>
            <ns3:hr>117</ns3:hr>
            <ns3:cad>85</ns3:cad>
          </ns3:TrackPointExtension>
        </extensions>
      </trkpt>
      <trkpt lat="22.60571767576038837432861328125" lon="113.88771065510809421539306640625">
        <ele>17</ele>
        <time>2026-08-23T12:04:16.000Z</time>
        <extensions>
          <ns3:TrackPointExtension>
            <ns3:atemp>32.0</ns3:atemp>
            <ns3:hr>117</ns3:hr>
            <ns3:cad>85</ns3:cad>
          </ns3:TrackPointExtension>
        </extensions>
      </trkpt>
      <trkpt lat="22.60574676096439361572265625" lon="113.887704871594905853271484375">
        <ele>17</ele>
        <time>2026-08-23T12:04:17.000Z</time>
        <extensions>
          <ns3:TrackPointExtension>
            <ns3:atemp>32.0</ns3:atemp>
            <ns3:hr>116</ns3:hr>
            <ns3:cad>85</ns3:cad>
          </ns3:TrackPointExtension>
        </extensions>
      </trkpt>
      <trkpt lat="22.60576629079878330230712890625" lon="113.88770026154816150665283203125">
        <ele>17</ele>
        <time>2026-08-23T12:04:18.000Z</time>
        <extensions>
          <ns3:TrackPointExtension>
            <ns3:atemp>32.0</ns3:atemp>
            <ns3:hr>116</ns3:hr>
            <ns3:cad>86</ns3:cad>
          </ns3:TrackPointExtension>
        </extensions>
      </trkpt>
      <trkpt lat="22.60579680092632770538330078125" lon="113.8876963220536708831787109375">
        <ele>17</ele>
        <time>2026-08-23T12:04:19.000Z</time>
        <extensions>
          <ns3:TrackPointExtension>
            <ns3:atemp>32.0</ns3:atemp>
            <ns3:hr>115</ns3:hr>
            <ns3:cad>86</ns3:cad>
          </ns3:TrackPointExtension>
        </extensions>
      </trkpt>
      <trkpt lat="22.6058190129697322845458984375" lon="113.887689113616943359375">
        <ele>17</ele>
        <time>2026-08-23T12:04:20.000Z</time>
        <extensions>
          <ns3:TrackPointExtension>
            <ns3:atemp>32.0</ns3:atemp>
            <ns3:hr>116</ns3:hr>
            <ns3:cad>87</ns3:cad>
          </ns3:TrackPointExtension>
        </extensions>
      </trkpt>
      <trkpt lat="22.60585161857306957244873046875" lon="113.8876778818666934967041015625">
        <ele>17</ele>
        <time>2026-08-23T12:04:21.000Z</time>
        <extensions>
          <ns3:TrackPointExtension>
            <ns3:atemp>32.0</ns3:atemp>
            <ns3:hr>116</ns3:hr>
            <ns3:cad>87</ns3:cad>
          </ns3:TrackPointExtension>
        </extensions>
      </trkpt>
      <trkpt lat="22.60587391443550586700439453125" lon="113.88766539283096790313720703125">
        <ele>16.799999237060546875</ele>
        <time>2026-08-23T12:04:22.000Z</time>
        <extensions>
          <ns3:TrackPointExtension>
            <ns3:atemp>32.0</ns3:atemp>
            <ns3:hr>117</ns3:hr>
            <ns3:cad>86</ns3:cad>
          </ns3:TrackPointExtension>
        </extensions>
      </trkpt>
      <trkpt lat="22.60589939542114734649658203125" lon="113.8876493833959102630615234375">
        <ele>16.799999237060546875</ele>
        <time>2026-08-23T12:04:23.000Z</time>
        <extensions>
          <ns3:TrackPointExtension>
            <ns3:atemp>32.0</ns3:atemp>
            <ns3:hr>118</ns3:hr>
            <ns3:cad>86</ns3:cad>
          </ns3:TrackPointExtension>
        </extensions>
      </trkpt>
      <trkpt lat="22.60592655278742313385009765625" lon="113.88763505034148693084716796875">
        <ele>16.799999237060546875</ele>
        <time>2026-08-23T12:04:24.000Z</time>
        <extensions>
          <ns3:TrackPointExtension>
            <ns3:atemp>32.0</ns3:atemp>
            <ns3:hr>118</ns3:hr>
            <ns3:cad>85</ns3:cad>
          </ns3:TrackPointExtension>
        </extensions>
      </trkpt>
      <trkpt lat="22.6059432327747344970703125" lon="113.88761895708739757537841796875">
        <ele>16.6000003814697265625</ele>
        <time>2026-08-23T12:04:25.000Z</time>
        <extensions>
          <ns3:TrackPointExtension>
            <ns3:atemp>32.0</ns3:atemp>
            <ns3:hr>118</ns3:hr>
            <ns3:cad>85</ns3:cad>
          </ns3:TrackPointExtension>
        </extensions>
      </trkpt>
      <trkpt lat="22.60596812702715396881103515625" lon="113.88759322464466094970703125">
        <ele>16.6000003814697265625</ele>
        <time>2026-08-23T12:04:26.000Z</time>
        <extensions>
          <ns3:TrackPointExtension>
            <ns3:atemp>32.0</ns3:atemp>
            <ns3:hr>118</ns3:hr>
            <ns3:cad>85</ns3:cad>
          </ns3:TrackPointExtension>
        </extensions>
      </trkpt>
      <trkpt lat="22.6059762574732303619384765625" lon="113.887571431696414947509765625">
        <ele>16.799999237060546875</ele>
        <time>2026-08-23T12:04:27.000Z</time>
        <extensions>
          <ns3:TrackPointExtension>
            <ns3:atemp>32.0</ns3:atemp>
            <ns3:hr>119</ns3:hr>
            <ns3:cad>85</ns3:cad>
          </ns3:TrackPointExtension>
        </extensions>
      </trkpt>
      <trkpt lat="22.6059923507273197174072265625" lon="113.8875407539308071136474609375">
        <ele>16.799999237060546875</ele>
        <time>2026-08-23T12:04:28.000Z</time>
        <extensions>
          <ns3:TrackPointExtension>
            <ns3:atemp>32.0</ns3:atemp>
            <ns3:hr>119</ns3:hr>
            <ns3:cad>85</ns3:cad>
          </ns3:TrackPointExtension>
        </extensions>
      </trkpt>
      <trkpt lat="22.60600215755403041839599609375" lon="113.88751544058322906494140625">
        <ele>16.799999237060546875</ele>
        <time>2026-08-23T12:04:29.000Z</time>
        <extensions>
          <ns3:TrackPointExtension>
            <ns3:atemp>32.0</ns3:atemp>
            <ns3:hr>119</ns3:hr>
            <ns3:cad>86</ns3:cad>
          </ns3:TrackPointExtension>
        </extensions>
      </trkpt>
      <trkpt lat="22.60600785724818706512451171875" lon="113.887487612664699554443359375">
        <ele>17</ele>
        <time>2026-08-23T12:04:30.000Z</time>
        <extensions>
          <ns3:TrackPointExtension>
            <ns3:atemp>32.0</ns3:atemp>
            <ns3:hr>120</ns3:hr>
            <ns3:cad>86</ns3:cad>
          </ns3:TrackPointExtension>
        </extensions>
      </trkpt>
      <trkpt lat="22.60601808317005634307861328125" lon="113.887454755604267120361328125">
        <ele>17</ele>
        <time>2026-08-23T12:04:31.000Z</time>
        <extensions>
          <ns3:TrackPointExtension>
            <ns3:atemp>32.0</ns3:atemp>
            <ns3:hr>120</ns3:hr>
            <ns3:cad>85</ns3:cad>
          </ns3:TrackPointExtension>
        </extensions>
      </trkpt>
      <trkpt lat="22.60601858608424663543701171875" lon="113.88742650859057903289794921875">
        <ele>17</ele>
        <time>2026-08-23T12:04:32.000Z</time>
        <extensions>
          <ns3:TrackPointExtension>
            <ns3:atemp>32.0</ns3:atemp>
            <ns3:hr>120</ns3:hr>
            <ns3:cad>85</ns3:cad>
          </ns3:TrackPointExtension>
        </extensions>
      </trkpt>
      <trkpt lat="22.60602126829326152801513671875" lon="113.88738711364567279815673828125">
        <ele>17</ele>
        <time>2026-08-23T12:04:33.000Z</time>
        <extensions>
          <ns3:TrackPointExtension>
            <ns3:atemp>32.0</ns3:atemp>
            <ns3:hr>120</ns3:hr>
            <ns3:cad>86</ns3:cad>
          </ns3:TrackPointExtension>
        </extensions>
      </trkpt>
      <trkpt lat="22.6060144789516925811767578125" lon="113.88736247085034847259521484375">
        <ele>17</ele>
        <time>2026-08-23T12:04:34.000Z</time>
        <extensions>
          <ns3:TrackPointExtension>
            <ns3:atemp>32.0</ns3:atemp>
            <ns3:hr>120</ns3:hr>
            <ns3:cad>86</ns3:cad>
          </ns3:TrackPointExtension>
        </extensions>
      </trkpt>
      <trkpt lat="22.60600601322948932647705078125" lon="113.88732726685702800750732421875">
        <ele>17</ele>
        <time>2026-08-23T12:04:35.000Z</time>
        <extensions>
          <ns3:TrackPointExtension>
            <ns3:atemp>32.0</ns3:atemp>
            <ns3:hr>120</ns3:hr>
            <ns3:cad>86</ns3:cad>
          </ns3:TrackPointExtension>
        </extensions>
      </trkpt>
      <trkpt lat="22.60599444620311260223388671875" lon="113.88730513863265514373779296875">
        <ele>17</ele>
        <time>2026-08-23T12:04:36.000Z</time>
        <extensions>
          <ns3:TrackPointExtension>
            <ns3:atemp>32.0</ns3:atemp>
            <ns3:hr>121</ns3:hr>
            <ns3:cad>86</ns3:cad>
          </ns3:TrackPointExtension>
        </extensions>
      </trkpt>
      <trkpt lat="22.605979777872562408447265625" lon="113.88727429322898387908935546875">
        <ele>16.799999237060546875</ele>
        <time>2026-08-23T12:04:37.000Z</time>
        <extensions>
          <ns3:TrackPointExtension>
            <ns3:atemp>32.0</ns3:atemp>
            <ns3:hr>121</ns3:hr>
            <ns3:cad>86</ns3:cad>
          </ns3:TrackPointExtension>
        </extensions>
      </trkpt>
      <trkpt lat="22.60596645064651966094970703125" lon="113.88725266791880130767822265625">
        <ele>16.799999237060546875</ele>
        <time>2026-08-23T12:04:38.000Z</time>
        <extensions>
          <ns3:TrackPointExtension>
            <ns3:atemp>32.0</ns3:atemp>
            <ns3:hr>122</ns3:hr>
            <ns3:cad>86</ns3:cad>
          </ns3:TrackPointExtension>
        </extensions>
      </trkpt>
      <trkpt lat="22.6059491001069545745849609375" lon="113.8872316293418407440185546875">
        <ele>16.799999237060546875</ele>
        <time>2026-08-23T12:04:39.000Z</time>
        <extensions>
          <ns3:TrackPointExtension>
            <ns3:atemp>32.0</ns3:atemp>
            <ns3:hr>122</ns3:hr>
            <ns3:cad>86</ns3:cad>
          </ns3:TrackPointExtension>
        </extensions>
      </trkpt>
      <trkpt lat="22.605929486453533172607421875" lon="113.887207992374897003173828125">
        <ele>16.799999237060546875</ele>
        <time>2026-08-23T12:04:40.000Z</time>
        <extensions>
          <ns3:TrackPointExtension>
            <ns3:atemp>32.0</ns3:atemp>
            <ns3:hr>122</ns3:hr>
            <ns3:cad>87</ns3:cad>
          </ns3:TrackPointExtension>
        </extensions>
      </trkpt>
      <trkpt lat="22.605912052094936370849609375" lon="113.88719667680561542510986328125">
        <ele>16.799999237060546875</ele>
        <time>2026-08-23T12:04:41.000Z</time>
        <extensions>
          <ns3:TrackPointExtension>
            <ns3:atemp>32.0</ns3:atemp>
            <ns3:hr>122</ns3:hr>
            <ns3:cad>87</ns3:cad>
          </ns3:TrackPointExtension>
        </extensions>
      </trkpt>
      <trkpt lat="22.6058843918144702911376953125" lon="113.88717480003833770751953125">
        <ele>16.799999237060546875</ele>
        <time>2026-08-23T12:04:42.000Z</time>
        <extensions>
          <ns3:TrackPointExtension>
            <ns3:atemp>32.0</ns3:atemp>
            <ns3:hr>123</ns3:hr>
            <ns3:cad>87</ns3:cad>
          </ns3:TrackPointExtension>
        </extensions>
      </trkpt>
      <trkpt lat="22.60586469434201717376708984375" lon="113.8871665857732295989990234375">
        <ele>16.799999237060546875</ele>
        <time>2026-08-23T12:04:43.000Z</time>
        <extensions>
          <ns3:TrackPointExtension>
            <ns3:atemp>32.0</ns3:atemp>
            <ns3:hr>123</ns3:hr>
            <ns3:cad>87</ns3:cad>
          </ns3:TrackPointExtension>
        </extensions>
      </trkpt>
      <trkpt lat="22.6058300770819187164306640625" lon="113.88715074397623538970947265625">
        <ele>17</ele>
        <time>2026-08-23T12:04:44.000Z</time>
        <extensions>
          <ns3:TrackPointExtension>
            <ns3:atemp>32.0</ns3:atemp>
            <ns3:hr>123</ns3:hr>
            <ns3:cad>86</ns3:cad>
          </ns3:TrackPointExtension>
        </extensions>
      </trkpt>
      <trkpt lat="22.605806104838848114013671875" lon="113.88714370317757129669189453125">
        <ele>17</ele>
        <time>2026-08-23T12:04:45.000Z</time>
        <extensions>
          <ns3:TrackPointExtension>
            <ns3:atemp>32.0</ns3:atemp>
            <ns3:hr>123</ns3:hr>
            <ns3:cad>86</ns3:cad>
          </ns3:TrackPointExtension>
        </extensions>
      </trkpt>
      <trkpt lat="22.6057755947113037109375" lon="113.887137584388256072998046875">
        <ele>17</ele>
        <time>2026-08-23T12:04:46.000Z</time>
        <extensions>
          <ns3:TrackPointExtension>
            <ns3:atemp>32.0</ns3:atemp>
            <ns3:hr>124</ns3:hr>
            <ns3:cad>86</ns3:cad>
          </ns3:TrackPointExtension>
        </extensions>
      </trkpt>
      <trkpt lat="22.6057526282966136932373046875" lon="113.8871374167501926422119140625">
        <ele>17</ele>
        <time>2026-08-23T12:04:47.000Z</time>
        <extensions>
          <ns3:TrackPointExtension>
            <ns3:atemp>32.0</ns3:atemp>
            <ns3:hr>124</ns3:hr>
            <ns3:cad>86</ns3:cad>
          </ns3:TrackPointExtension>
        </extensions>
      </trkpt>
      <trkpt lat="22.60572102852165699005126953125" lon="113.8871347345411777496337890625">
        <ele>17</ele>
        <time>2026-08-23T12:04:48.000Z</time>
        <extensions>
          <ns3:TrackPointExtension>
            <ns3:atemp>32.0</ns3:atemp>
            <ns3:hr>125</ns3:hr>
            <ns3:cad>86</ns3:cad>
          </ns3:TrackPointExtension>
        </extensions>
      </trkpt>
      <trkpt lat="22.60569001547992229461669921875" lon="113.88713414780795574188232421875">
        <ele>17</ele>
        <time>2026-08-23T12:04:49.000Z</time>
        <extensions>
          <ns3:TrackPointExtension>
            <ns3:atemp>32.0</ns3:atemp>
            <ns3:hr>125</ns3:hr>
            <ns3:cad>86</ns3:cad>
          </ns3:TrackPointExtension>
        </extensions>
      </trkpt>
      <trkpt lat="22.60565732605755329132080078125" lon="113.88714320026338100433349609375">
        <ele>17</ele>
        <time>2026-08-23T12:04:50.000Z</time>
        <extensions>
          <ns3:TrackPointExtension>
            <ns3:atemp>32.0</ns3:atemp>
            <ns3:hr>125</ns3:hr>
            <ns3:cad>86</ns3:cad>
          </ns3:TrackPointExtension>
        </extensions>
      </trkpt>
      <trkpt lat="22.6056253910064697265625" lon="113.88714789412915706634521484375">
        <ele>17.200000762939453125</ele>
        <time>2026-08-23T12:04:51.000Z</time>
        <extensions>
          <ns3:TrackPointExtension>
            <ns3:atemp>32.0</ns3:atemp>
            <ns3:hr>125</ns3:hr>
            <ns3:cad>86</ns3:cad>
          </ns3:TrackPointExtension>
        </extensions>
      </trkpt>
      <trkpt lat="22.60560552589595317840576171875" lon="113.88715895824134349822998046875">
        <ele>17.200000762939453125</ele>
        <time>2026-08-23T12:04:52.000Z</time>
        <extensions>
          <ns3:TrackPointExtension>
            <ns3:atemp>32.0</ns3:atemp>
            <ns3:hr>126</ns3:hr>
            <ns3:cad>86</ns3:cad>
          </ns3:TrackPointExtension>
        </extensions>
      </trkpt>
      <trkpt lat="22.60556579567492008209228515625" lon="113.88717052526772022247314453125">
        <ele>17.200000762939453125</ele>
        <time>2026-08-23T12:04:53.000Z</time>
        <extensions>
          <ns3:TrackPointExtension>
            <ns3:atemp>32.0</ns3:atemp>
            <ns3:hr>125</ns3:hr>
            <ns3:cad>86</ns3:cad>
          </ns3:TrackPointExtension>
        </extensions>
      </trkpt>
      <trkpt lat="22.60554567910730838775634765625" lon="113.88717991299927234649658203125">
        <ele>17</ele>
        <time>2026-08-23T12:04:54.000Z</time>
        <extensions>
          <ns3:TrackPointExtension>
            <ns3:atemp>32.0</ns3:atemp>
            <ns3:hr>125</ns3:hr>
            <ns3:cad>86</ns3:cad>
          </ns3:TrackPointExtension>
        </extensions>
      </trkpt>
      <trkpt lat="22.6055221259593963623046875" lon="113.887190558016300201416015625">
        <ele>17</ele>
        <time>2026-08-23T12:04:55.000Z</time>
        <extensions>
          <ns3:TrackPointExtension>
            <ns3:atemp>32.0</ns3:atemp>
            <ns3:hr>126</ns3:hr>
            <ns3:cad>86</ns3:cad>
          </ns3:TrackPointExtension>
        </extensions>
      </trkpt>
      <trkpt lat="22.6054954715073108673095703125" lon="113.88719902373850345611572265625">
        <ele>17</ele>
        <time>2026-08-23T12:04:56.000Z</time>
        <extensions>
          <ns3:TrackPointExtension>
            <ns3:atemp>32.0</ns3:atemp>
            <ns3:hr>126</ns3:hr>
            <ns3:cad>86</ns3:cad>
          </ns3:TrackPointExtension>
        </extensions>
      </trkpt>
      <trkpt lat="22.60547661222517490386962890625" lon="113.88720673508942127227783203125">
        <ele>16.799999237060546875</ele>
        <time>2026-08-23T12:04:57.000Z</time>
        <extensions>
          <ns3:TrackPointExtension>
            <ns3:atemp>32.0</ns3:atemp>
            <ns3:hr>126</ns3:hr>
            <ns3:cad>86</ns3:cad>
          </ns3:TrackPointExtension>
        </extensions>
      </trkpt>
      <trkpt lat="22.60544509626924991607666015625" lon="113.88721235096454620361328125">
        <ele>16.799999237060546875</ele>
        <time>2026-08-23T12:04:58.000Z</time>
        <extensions>
          <ns3:TrackPointExtension>
            <ns3:atemp>32.0</ns3:atemp>
            <ns3:hr>126</ns3:hr>
            <ns3:cad>86</ns3:cad>
          </ns3:TrackPointExtension>
        </extensions>
      </trkpt>
      <trkpt lat="22.60542732663452625274658203125" lon="113.88721930794417858123779296875">
        <ele>16.799999237060546875</ele>
        <time>2026-08-23T12:04:59.000Z</time>
        <extensions>
          <ns3:TrackPointExtension>
            <ns3:atemp>32.0</ns3:atemp>
            <ns3:hr>126</ns3:hr>
            <ns3:cad>86</ns3:cad>
          </ns3:TrackPointExtension>
        </extensions>
      </trkpt>
      <trkpt lat="22.60539949871599674224853515625" lon="113.88722601346671581268310546875">
        <ele>16.799999237060546875</ele>
        <time>2026-08-23T12:05:00.000Z</time>
        <extensions>
          <ns3:TrackPointExtension>
            <ns3:atemp>32.0</ns3:atemp>
            <ns3:hr>126</ns3:hr>
            <ns3:cad>86</ns3:cad>
          </ns3:TrackPointExtension>
        </extensions>
      </trkpt>
      <trkpt lat="22.60538290254771709442138671875" lon="113.88723514974117279052734375">
        <ele>16.799999237060546875</ele>
        <time>2026-08-23T12:05:01.000Z</time>
        <extensions>
          <ns3:TrackPointExtension>
            <ns3:atemp>32.0</ns3:atemp>
            <ns3:hr>126</ns3:hr>
            <ns3:cad>86</ns3:cad>
          </ns3:TrackPointExtension>
        </extensions>
      </trkpt>
      <trkpt lat="22.605354152619838714599609375" lon="113.8872453756630420684814453125">
        <ele>16.799999237060546875</ele>
        <time>2026-08-23T12:05:02.000Z</time>
        <extensions>
          <ns3:TrackPointExtension>
            <ns3:atemp>32.0</ns3:atemp>
            <ns3:hr>126</ns3:hr>
            <ns3:cad>87</ns3:cad>
          </ns3:TrackPointExtension>
        </extensions>
      </trkpt>
      <trkpt lat="22.60533504188060760498046875" lon="113.88725216500461101531982421875">
        <ele>16.799999237060546875</ele>
        <time>2026-08-23T12:05:03.000Z</time>
        <extensions>
          <ns3:TrackPointExtension>
            <ns3:atemp>32.0</ns3:atemp>
            <ns3:hr>126</ns3:hr>
            <ns3:cad>87</ns3:cad>
          </ns3:TrackPointExtension>
        </extensions>
      </trkpt>
      <trkpt lat="22.60530562140047550201416015625" lon="113.8872621394693851470947265625">
        <ele>16.799999237060546875</ele>
        <time>2026-08-23T12:05:04.000Z</time>
        <extensions>
          <ns3:TrackPointExtension>
            <ns3:atemp>32.0</ns3:atemp>
            <ns3:hr>126</ns3:hr>
            <ns3:cad>87</ns3:cad>
          </ns3:TrackPointExtension>
        </extensions>
      </trkpt>
      <trkpt lat="22.6052726805210113525390625" lon="113.887266330420970916748046875">
        <ele>16.799999237060546875</ele>
        <time>2026-08-23T12:05:05.000Z</time>
        <extensions>
          <ns3:TrackPointExtension>
            <ns3:atemp>32.0</ns3:atemp>
            <ns3:hr>126</ns3:hr>
            <ns3:cad>87</ns3:cad>
          </ns3:TrackPointExtension>
        </extensions>
      </trkpt>
      <trkpt lat="22.6052470318973064422607421875" lon="113.88727211393415927886962890625">
        <ele>16.799999237060546875</ele>
        <time>2026-08-23T12:05:06.000Z</time>
        <extensions>
          <ns3:TrackPointExtension>
            <ns3:atemp>32.0</ns3:atemp>
            <ns3:hr>127</ns3:hr>
            <ns3:cad>87</ns3:cad>
          </ns3:TrackPointExtension>
        </extensions>
      </trkpt>
      <trkpt lat="22.6052109897136688232421875" lon="113.8872772268950939178466796875">
        <ele>16.799999237060546875</ele>
        <time>2026-08-23T12:05:07.000Z</time>
        <extensions>
          <ns3:TrackPointExtension>
            <ns3:atemp>32.0</ns3:atemp>
            <ns3:hr>126</ns3:hr>
            <ns3:cad>87</ns3:cad>
          </ns3:TrackPointExtension>
        </extensions>
      </trkpt>
      <trkpt lat="22.60518928058445453643798828125" lon="113.88728485442698001861572265625">
        <ele>16.799999237060546875</ele>
        <time>2026-08-23T12:05:08.000Z</time>
        <extensions>
          <ns3:TrackPointExtension>
            <ns3:atemp>32.0</ns3:atemp>
            <ns3:hr>127</ns3:hr>
            <ns3:cad>87</ns3:cad>
          </ns3:TrackPointExtension>
        </extensions>
      </trkpt>
      <trkpt lat="22.6051430962979793548583984375" lon="113.88729390688240528106689453125">
        <ele>16.799999237060546875</ele>
        <time>2026-08-23T12:05:09.000Z</time>
        <extensions>
          <ns3:TrackPointExtension>
            <ns3:atemp>32.0</ns3:atemp>
            <ns3:hr>127</ns3:hr>
            <ns3:cad>86</ns3:cad>
          </ns3:TrackPointExtension>
        </extensions>
      </trkpt>
      <trkpt lat="22.60511635802686214447021484375" lon="113.88730212114751338958740234375">
        <ele>16.799999237060546875</ele>
        <time>2026-08-23T12:05:10.000Z</time>
        <extensions>
          <ns3:TrackPointExtension>
            <ns3:atemp>32.0</ns3:atemp>
            <ns3:hr>128</ns3:hr>
            <ns3:cad>86</ns3:cad>
          </ns3:TrackPointExtension>
        </extensions>
      </trkpt>
      <trkpt lat="22.6050854288041591644287109375" lon="113.88731000013649463653564453125">
        <ele>16.6000003814697265625</ele>
        <time>2026-08-23T12:05:11.000Z</time>
        <extensions>
          <ns3:TrackPointExtension>
            <ns3:atemp>32.0</ns3:atemp>
            <ns3:hr>128</ns3:hr>
            <ns3:cad>86</ns3:cad>
          </ns3:TrackPointExtension>
        </extensions>
      </trkpt>
      <trkpt lat="22.605064474046230316162109375" lon="113.88731419108808040618896484375">
        <ele>16.6000003814697265625</ele>
        <time>2026-08-23T12:05:12.000Z</time>
        <extensions>
          <ns3:TrackPointExtension>
            <ns3:atemp>32.0</ns3:atemp>
            <ns3:hr>129</ns3:hr>
            <ns3:cad>86</ns3:cad>
          </ns3:TrackPointExtension>
        </extensions>
      </trkpt>
      <trkpt lat="22.60503002442419528961181640625" lon="113.8873201422393321990966796875">
        <ele>16.6000003814697265625</ele>
        <time>2026-08-23T12:05:13.000Z</time>
        <extensions>
          <ns3:TrackPointExtension>
            <ns3:atemp>32.0</ns3:atemp>
            <ns3:hr>129</ns3:hr>
            <ns3:cad>86</ns3:cad>
          </ns3:TrackPointExtension>
        </extensions>
      </trkpt>
      <trkpt lat="22.6049918867647647857666015625" lon="113.88732089661061763763427734375">
        <ele>16.6000003814697265625</ele>
        <time>2026-08-23T12:05:14.000Z</time>
        <extensions>
          <ns3:TrackPointExtension>
            <ns3:atemp>32.0</ns3:atemp>
            <ns3:hr>130</ns3:hr>
            <ns3:cad>87</ns3:cad>
          </ns3:TrackPointExtension>
        </extensions>
      </trkpt>
      <trkpt lat="22.6049690879881381988525390625" lon="113.8873251713812351226806640625">
        <ele>16.799999237060546875</ele>
        <time>2026-08-23T12:05:15.000Z</time>
        <extensions>
          <ns3:TrackPointExtension>
            <ns3:atemp>32.0</ns3:atemp>
            <ns3:hr>130</ns3:hr>
            <ns3:cad>87</ns3:cad>
          </ns3:TrackPointExtension>
        </extensions>
      </trkpt>
      <trkpt lat="22.60493673384189605712890625" lon="113.8873271830379962921142578125">
        <ele>16.799999237060546875</ele>
        <time>2026-08-23T12:05:16.000Z</time>
        <extensions>
          <ns3:TrackPointExtension>
            <ns3:atemp>32.0</ns3:atemp>
            <ns3:hr>131</ns3:hr>
            <ns3:cad>87</ns3:cad>
          </ns3:TrackPointExtension>
        </extensions>
      </trkpt>
      <trkpt lat="22.60490664280951023101806640625" lon="113.88733707368373870849609375">
        <ele>17</ele>
        <time>2026-08-23T12:05:17.000Z</time>
        <extensions>
          <ns3:TrackPointExtension>
            <ns3:atemp>32.0</ns3:atemp>
            <ns3:hr>131</ns3:hr>
            <ns3:cad>87</ns3:cad>
          </ns3:TrackPointExtension>
        </extensions>
      </trkpt>
      <trkpt lat="22.60485827922821044921875" lon="113.88735274784266948699951171875">
        <ele>17</ele>
        <time>2026-08-23T12:05:18.000Z</time>
        <extensions>
          <ns3:TrackPointExtension>
            <ns3:atemp>32.0</ns3:atemp>
            <ns3:hr>132</ns3:hr>
            <ns3:cad>87</ns3:cad>
          </ns3:TrackPointExtension>
        </extensions>
      </trkpt>
      <trkpt lat="22.6048343069851398468017578125" lon="113.88736682943999767303466796875">
        <ele>17</ele>
        <time>2026-08-23T12:05:19.000Z</time>
        <extensions>
          <ns3:TrackPointExtension>
            <ns3:atemp>32.0</ns3:atemp>
            <ns3:hr>132</ns3:hr>
            <ns3:cad>87</ns3:cad>
          </ns3:TrackPointExtension>
        </extensions>
      </trkpt>
      <trkpt lat="22.60480974800884723663330078125" lon="113.887386359274387359619140625">
        <ele>16.799999237060546875</ele>
        <time>2026-08-23T12:05:20.000Z</time>
        <extensions>
          <ns3:TrackPointExtension>
            <ns3:atemp>32.0</ns3:atemp>
            <ns3:hr>133</ns3:hr>
            <ns3:cad>87</ns3:cad>
          </ns3:TrackPointExtension>
        </extensions>
      </trkpt>
      <trkpt lat="22.6047937385737895965576171875" lon="113.8874034583568572998046875">
        <ele>16.6000003814697265625</ele>
        <time>2026-08-23T12:05:21.000Z</time>
        <extensions>
          <ns3:TrackPointExtension>
            <ns3:atemp>32.0</ns3:atemp>
            <ns3:hr>134</ns3:hr>
            <ns3:cad>87</ns3:cad>
          </ns3:TrackPointExtension>
        </extensions>
      </trkpt>
      <trkpt lat="22.604776807129383087158203125" lon="113.8874275982379913330078125">
        <ele>16.3999996185302734375</ele>
        <time>2026-08-23T12:05:22.000Z</time>
        <extensions>
          <ns3:TrackPointExtension>
            <ns3:atemp>32.0</ns3:atemp>
            <ns3:hr>134</ns3:hr>
            <ns3:cad>87</ns3:cad>
          </ns3:TrackPointExtension>
        </extensions>
      </trkpt>
      <trkpt lat="22.6047581993043422698974609375" lon="113.88745282776653766632080078125">
        <ele>16.3999996185302734375</ele>
        <time>2026-08-23T12:05:23.000Z</time>
        <extensions>
          <ns3:TrackPointExtension>
            <ns3:atemp>32.0</ns3:atemp>
            <ns3:hr>135</ns3:hr>
            <ns3:cad>86</ns3:cad>
          </ns3:TrackPointExtension>
        </extensions>
      </trkpt>
      <trkpt lat="22.604748308658599853515625" lon="113.887474201619625091552734375">
        <ele>16.3999996185302734375</ele>
        <time>2026-08-23T12:05:24.000Z</time>
        <extensions>
          <ns3:TrackPointExtension>
            <ns3:atemp>32.0</ns3:atemp>
            <ns3:hr>135</ns3:hr>
            <ns3:cad>86</ns3:cad>
          </ns3:TrackPointExtension>
        </extensions>
      </trkpt>
      <trkpt lat="22.6047411002218723297119140625" lon="113.8875015266239643096923828125">
        <ele>16.3999996185302734375</ele>
        <time>2026-08-23T12:05:25.000Z</time>
        <extensions>
          <ns3:TrackPointExtension>
            <ns3:atemp>32.0</ns3:atemp>
            <ns3:hr>136</ns3:hr>
            <ns3:cad>86</ns3:cad>
          </ns3:TrackPointExtension>
        </extensions>
      </trkpt>
      <trkpt lat="22.60473380796611309051513671875" lon="113.8875293545424938201904296875">
        <ele>16.3999996185302734375</ele>
        <time>2026-08-23T12:05:26.000Z</time>
        <extensions>
          <ns3:TrackPointExtension>
            <ns3:atemp>32.0</ns3:atemp>
            <ns3:hr>137</ns3:hr>
            <ns3:cad>86</ns3:cad>
          </ns3:TrackPointExtension>
        </extensions>
      </trkpt>
      <trkpt lat="22.60472894646227359771728515625" lon="113.8875675760209560394287109375">
        <ele>16.6000003814697265625</ele>
        <time>2026-08-23T12:05:27.000Z</time>
        <extensions>
          <ns3:TrackPointExtension>
            <ns3:atemp>32.0</ns3:atemp>
            <ns3:hr>138</ns3:hr>
            <ns3:cad>86</ns3:cad>
          </ns3:TrackPointExtension>
        </extensions>
      </trkpt>
      <trkpt lat="22.60472827591001987457275390625" lon="113.8875980861485004425048828125">
        <ele>16.3999996185302734375</ele>
        <time>2026-08-23T12:05:28.000Z</time>
        <extensions>
          <ns3:TrackPointExtension>
            <ns3:atemp>32.0</ns3:atemp>
            <ns3:hr>138</ns3:hr>
            <ns3:cad>86</ns3:cad>
          </ns3:TrackPointExtension>
        </extensions>
      </trkpt>
      <trkpt lat="22.604731209576129913330078125" lon="113.88763387687504291534423828125">
        <ele>16.3999996185302734375</ele>
        <time>2026-08-23T12:05:29.000Z</time>
        <extensions>
          <ns3:TrackPointExtension>
            <ns3:atemp>32.0</ns3:atemp>
            <ns3:hr>139</ns3:hr>
            <ns3:cad>87</ns3:cad>
          </ns3:TrackPointExtension>
        </extensions>
      </trkpt>
      <trkpt lat="22.60473649017512798309326171875" lon="113.88766220770776271820068359375">
        <ele>16.3999996185302734375</ele>
        <time>2026-08-23T12:05:30.000Z</time>
        <extensions>
          <ns3:TrackPointExtension>
            <ns3:atemp>32.0</ns3:atemp>
            <ns3:hr>139</ns3:hr>
            <ns3:cad>87</ns3:cad>
          </ns3:TrackPointExtension>
        </extensions>
      </trkpt>
      <trkpt lat="22.60474135167896747589111328125" lon="113.88768517412245273590087890625">
        <ele>16.3999996185302734375</ele>
        <time>2026-08-23T12:05:31.000Z</time>
        <extensions>
          <ns3:TrackPointExtension>
            <ns3:atemp>32.0</ns3:atemp>
            <ns3:hr>139</ns3:hr>
            <ns3:cad>87</ns3:cad>
          </ns3:TrackPointExtension>
        </extensions>
      </trkpt>
      <trkpt lat="22.6047531701624393463134765625" lon="113.88771953992545604705810546875">
        <ele>16.200000762939453125</ele>
        <time>2026-08-23T12:05:32.000Z</time>
        <extensions>
          <ns3:TrackPointExtension>
            <ns3:atemp>32.0</ns3:atemp>
            <ns3:hr>140</ns3:hr>
            <ns3:cad>86</ns3:cad>
          </ns3:TrackPointExtension>
        </extensions>
      </trkpt>
      <trkpt lat="22.604768089950084686279296875" lon="113.88772993348538875579833984375">
        <ele>16.3999996185302734375</ele>
        <time>2026-08-23T12:05:33.000Z</time>
        <extensions>
          <ns3:TrackPointExtension>
            <ns3:atemp>32.0</ns3:atemp>
            <ns3:hr>140</ns3:hr>
            <ns3:cad>85</ns3:cad>
          </ns3:TrackPointExtension>
        </extensions>
      </trkpt>
      <trkpt lat="22.6047900505363941192626953125" lon="113.8877556659281253814697265625">
        <ele>16.3999996185302734375</ele>
        <time>2026-08-23T12:05:34.000Z</time>
        <extensions>
          <ns3:TrackPointExtension>
            <ns3:atemp>32.0</ns3:atemp>
            <ns3:hr>140</ns3:hr>
            <ns3:cad>85</ns3:cad>
          </ns3:TrackPointExtension>
        </extensions>
      </trkpt>
      <trkpt lat="22.604806981980800628662109375" lon="113.8877762854099273681640625">
        <ele>16.3999996185302734375</ele>
        <time>2026-08-23T12:05:35.000Z</time>
        <extensions>
          <ns3:TrackPointExtension>
            <ns3:atemp>32.0</ns3:atemp>
            <ns3:hr>140</ns3:hr>
            <ns3:cad>86</ns3:cad>
          </ns3:TrackPointExtension>
        </extensions>
      </trkpt>
      <trkpt lat="22.604825757443904876708984375" lon="113.88779380358755588531494140625">
        <ele>16.6000003814697265625</ele>
        <time>2026-08-23T12:05:36.000Z</time>
        <extensions>
          <ns3:TrackPointExtension>
            <ns3:atemp>32.0</ns3:atemp>
            <ns3:hr>140</ns3:hr>
            <ns3:cad>86</ns3:cad>
          </ns3:TrackPointExtension>
        </extensions>
      </trkpt>
      <trkpt lat="22.60484361089766025543212890625" lon="113.8878071308135986328125">
        <ele>16.6000003814697265625</ele>
        <time>2026-08-23T12:05:37.000Z</time>
        <extensions>
          <ns3:TrackPointExtension>
            <ns3:atemp>32.0</ns3:atemp>
            <ns3:hr>141</ns3:hr>
            <ns3:cad>86</ns3:cad>
          </ns3:TrackPointExtension>
        </extensions>
      </trkpt>
      <trkpt lat="22.604864649474620819091796875" lon="113.88781693764030933380126953125">
        <ele>16.3999996185302734375</ele>
        <time>2026-08-23T12:05:38.000Z</time>
        <extensions>
          <ns3:TrackPointExtension>
            <ns3:atemp>32.0</ns3:atemp>
            <ns3:hr>141</ns3:hr>
            <ns3:cad>86</ns3:cad>
          </ns3:TrackPointExtension>
        </extensions>
      </trkpt>
      <trkpt lat="22.604893483221530914306640625" lon="113.88783269561827182769775390625">
        <ele>16.3999996185302734375</ele>
        <time>2026-08-23T12:05:39.000Z</time>
        <extensions>
          <ns3:TrackPointExtension>
            <ns3:atemp>32.0</ns3:atemp>
            <ns3:hr>140</ns3:hr>
            <ns3:cad>86</ns3:cad>
          </ns3:TrackPointExtension>
        </extensions>
      </trkpt>
      <trkpt lat="22.604913599789142608642578125" lon="113.88783730566501617431640625">
        <ele>16.3999996185302734375</ele>
        <time>2026-08-23T12:05:40.000Z</time>
        <extensions>
          <ns3:TrackPointExtension>
            <ns3:atemp>32.0</ns3:atemp>
            <ns3:hr>140</ns3:hr>
            <ns3:cad>86</ns3:cad>
          </ns3:TrackPointExtension>
        </extensions>
      </trkpt>
      <trkpt lat="22.604949474334716796875" lon="113.88784795068204402923583984375">
        <ele>16.200000762939453125</ele>
        <time>2026-08-23T12:05:41.000Z</time>
        <extensions>
          <ns3:TrackPointExtension>
            <ns3:atemp>32.0</ns3:atemp>
            <ns3:hr>140</ns3:hr>
            <ns3:cad>85</ns3:cad>
          </ns3:TrackPointExtension>
        </extensions>
      </trkpt>
      <trkpt lat="22.60497436858713626861572265625" lon="113.887852393090724945068359375">
        <ele>16.3999996185302734375</ele>
        <time>2026-08-23T12:05:42.000Z</time>
        <extensions>
          <ns3:TrackPointExtension>
            <ns3:atemp>32.0</ns3:atemp>
            <ns3:hr>141</ns3:hr>
            <ns3:cad>85</ns3:cad>
          </ns3:TrackPointExtension>
        </extensions>
      </trkpt>
      <trkpt lat="22.60500487871468067169189453125" lon="113.887856416404247283935546875">
        <ele>16.3999996185302734375</ele>
        <time>2026-08-23T12:05:43.000Z</time>
        <extensions>
          <ns3:TrackPointExtension>
            <ns3:atemp>32.0</ns3:atemp>
            <ns3:hr>141</ns3:hr>
            <ns3:cad>85</ns3:cad>
          </ns3:TrackPointExtension>
        </extensions>
      </trkpt>
      <trkpt lat="22.6050270907580852508544921875" lon="113.88786018826067447662353515625">
        <ele>16.6000003814697265625</ele>
        <time>2026-08-23T12:05:44.000Z</time>
        <extensions>
          <ns3:TrackPointExtension>
            <ns3:atemp>32.0</ns3:atemp>
            <ns3:hr>141</ns3:hr>
            <ns3:cad>85</ns3:cad>
          </ns3:TrackPointExtension>
        </extensions>
      </trkpt>
      <trkpt lat="22.6050485484302043914794921875" lon="113.88785750605165958404541015625">
        <ele>16.6000003814697265625</ele>
        <time>2026-08-23T12:05:45.000Z</time>
        <extensions>
          <ns3:TrackPointExtension>
            <ns3:atemp>32.0</ns3:atemp>
            <ns3:hr>141</ns3:hr>
            <ns3:cad>86</ns3:cad>
          </ns3:TrackPointExtension>
        </extensions>
      </trkpt>
      <trkpt lat="22.60508827865123748779296875" lon="113.88784962706267833709716796875">
        <ele>16.6000003814697265625</ele>
        <time>2026-08-23T12:05:46.000Z</time>
        <extensions>
          <ns3:TrackPointExtension>
            <ns3:atemp>32.0</ns3:atemp>
            <ns3:hr>141</ns3:hr>
            <ns3:cad>86</ns3:cad>
          </ns3:TrackPointExtension>
        </extensions>
      </trkpt>
      <trkpt lat="22.60511669330298900604248046875" lon="113.88784141279757022857666015625">
        <ele>16.6000003814697265625</ele>
        <time>2026-08-23T12:05:47.000Z</time>
        <extensions>
          <ns3:TrackPointExtension>
            <ns3:atemp>32.0</ns3:atemp>
            <ns3:hr>140</ns3:hr>
            <ns3:cad>86</ns3:cad>
          </ns3:TrackPointExtension>
        </extensions>
      </trkpt>
      <trkpt lat="22.60514485649764537811279296875" lon="113.8878351263701915740966796875">
        <ele>16.799999237060546875</ele>
        <time>2026-08-23T12:05:48.000Z</time>
        <extensions>
          <ns3:TrackPointExtension>
            <ns3:atemp>32.0</ns3:atemp>
            <ns3:hr>141</ns3:hr>
            <ns3:cad>86</ns3:cad>
          </ns3:TrackPointExtension>
        </extensions>
      </trkpt>
      <trkpt lat="22.6051612012088298797607421875" lon="113.88782800175249576568603515625">
        <ele>16.799999237060546875</ele>
        <time>2026-08-23T12:05:49.000Z</time>
        <extensions>
          <ns3:TrackPointExtension>
            <ns3:atemp>32.0</ns3:atemp>
            <ns3:hr>142</ns3:hr>
            <ns3:cad>86</ns3:cad>
          </ns3:TrackPointExtension>
        </extensions>
      </trkpt>
      <trkpt lat="22.605167739093303680419921875" lon="113.8878197036683559417724609375">
        <ele>16.799999237060546875</ele>
        <time>2026-08-23T12:05:50.000Z</time>
        <extensions>
          <ns3:TrackPointExtension>
            <ns3:atemp>32.0</ns3:atemp>
            <ns3:hr>142</ns3:hr>
            <ns3:cad>86</ns3:cad>
          </ns3:TrackPointExtension>
        </extensions>
      </trkpt>
      <trkpt lat="22.60517419315874576568603515625" lon="113.88781475834548473358154296875">
        <ele>17</ele>
        <time>2026-08-23T12:05:51.000Z</time>
        <extensions>
          <ns3:TrackPointExtension>
            <ns3:atemp>32.0</ns3:atemp>
            <ns3:hr>142</ns3:hr>
            <ns3:cad>86</ns3:cad>
          </ns3:TrackPointExtension>
        </extensions>
      </trkpt>
      <trkpt lat="22.60518576018512248992919921875" lon="113.88780838809907436370849609375">
        <ele>16.799999237060546875</ele>
        <time>2026-08-23T12:05:52.000Z</time>
        <extensions>
          <ns3:TrackPointExtension>
            <ns3:atemp>32.0</ns3:atemp>
            <ns3:hr>143</ns3:hr>
            <ns3:cad>86</ns3:cad>
          </ns3:TrackPointExtension>
        </extensions>
      </trkpt>
      <trkpt lat="22.60521006770431995391845703125" lon="113.887800760567188262939453125">
        <ele>16.799999237060546875</ele>
        <time>2026-08-23T12:05:53.000Z</time>
        <extensions>
          <ns3:TrackPointExtension>
            <ns3:atemp>32.0</ns3:atemp>
            <ns3:hr>143</ns3:hr>
            <ns3:cad>86</ns3:cad>
          </ns3:TrackPointExtension>
        </extensions>
      </trkpt>
      <trkpt lat="22.60522616095840930938720703125" lon="113.88779045082628726959228515625">
        <ele>16.799999237060546875</ele>
        <time>2026-08-23T12:05:54.000Z</time>
        <extensions>
          <ns3:TrackPointExtension>
            <ns3:atemp>32.0</ns3:atemp>
            <ns3:hr>143</ns3:hr>
            <ns3:cad>86</ns3:cad>
          </ns3:TrackPointExtension>
        </extensions>
      </trkpt>
      <trkpt lat="22.605263292789459228515625" lon="113.88777620159089565277099609375">
        <ele>16.799999237060546875</ele>
        <time>2026-08-23T12:05:55.000Z</time>
        <extensions>
          <ns3:TrackPointExtension>
            <ns3:atemp>32.0</ns3:atemp>
            <ns3:hr>143</ns3:hr>
            <ns3:cad>86</ns3:cad>
          </ns3:TrackPointExtension>
        </extensions>
      </trkpt>
      <trkpt lat="22.6052782125771045684814453125" lon="113.8877596892416477203369140625">
        <ele>16.799999237060546875</ele>
        <time>2026-08-23T12:05:56.000Z</time>
        <extensions>
          <ns3:TrackPointExtension>
            <ns3:atemp>32.0</ns3:atemp>
            <ns3:hr>143</ns3:hr>
            <ns3:cad>87</ns3:cad>
          </ns3:TrackPointExtension>
        </extensions>
      </trkpt>
      <trkpt lat="22.6052795536816120147705078125" lon="113.88775021769106388092041015625">
        <ele>16.799999237060546875</ele>
        <time>2026-08-23T12:05:57.000Z</time>
        <extensions>
          <ns3:TrackPointExtension>
            <ns3:atemp>32.0</ns3:atemp>
            <ns3:hr>143</ns3:hr>
            <ns3:cad>87</ns3:cad>
          </ns3:TrackPointExtension>
        </extensions>
      </trkpt>
      <trkpt lat="22.60529070161283016204833984375" lon="113.8877425901591777801513671875">
        <ele>16.799999237060546875</ele>
        <time>2026-08-23T12:05:58.000Z</time>
        <extensions>
          <ns3:TrackPointExtension>
            <ns3:atemp>32.0</ns3:atemp>
            <ns3:hr>143</ns3:hr>
            <ns3:cad>87</ns3:cad>
          </ns3:TrackPointExtension>
        </extensions>
      </trkpt>
      <trkpt lat="22.60531869716942310333251953125" lon="113.88773127458989620208740234375">
        <ele>16.799999237060546875</ele>
        <time>2026-08-23T12:05:59.000Z</time>
        <extensions>
          <ns3:TrackPointExtension>
            <ns3:atemp>32.0</ns3:atemp>
            <ns3:hr>143</ns3:hr>
            <ns3:cad>87</ns3:cad>
          </ns3:TrackPointExtension>
        </extensions>
      </trkpt>
      <trkpt lat="22.60535356588661670684814453125" lon="113.887724317610263824462890625">
        <ele>16.799999237060546875</ele>
        <time>2026-08-23T12:06:00.000Z</time>
        <extensions>
          <ns3:TrackPointExtension>
            <ns3:atemp>32.0</ns3:atemp>
            <ns3:hr>143</ns3:hr>
            <ns3:cad>87</ns3:cad>
          </ns3:TrackPointExtension>
        </extensions>
      </trkpt>
      <trkpt lat="22.60535976849496364593505859375" lon="113.88771819882094860076904296875">
        <ele>16.799999237060546875</ele>
        <time>2026-08-23T12:06:01.000Z</time>
        <extensions>
          <ns3:TrackPointExtension>
            <ns3:atemp>32.0</ns3:atemp>
            <ns3:hr>143</ns3:hr>
            <ns3:cad>87</ns3:cad>
          </ns3:TrackPointExtension>
        </extensions>
      </trkpt>
      <trkpt lat="22.60538390837609767913818359375" lon="113.88771258294582366943359375">
        <ele>16.799999237060546875</ele>
        <time>2026-08-23T12:06:02.000Z</time>
        <extensions>
          <ns3:TrackPointExtension>
            <ns3:atemp>32.0</ns3:atemp>
            <ns3:hr>142</ns3:hr>
            <ns3:cad>87</ns3:cad>
          </ns3:TrackPointExtension>
        </extensions>
      </trkpt>
      <trkpt lat="22.60540083982050418853759765625" lon="113.8877020217478275299072265625">
        <ele>16.799999237060546875</ele>
        <time>2026-08-23T12:06:03.000Z</time>
        <extensions>
          <ns3:TrackPointExtension>
            <ns3:atemp>32.0</ns3:atemp>
            <ns3:hr>143</ns3:hr>
            <ns3:cad>87</ns3:cad>
          </ns3:TrackPointExtension>
        </extensions>
      </trkpt>
      <trkpt lat="22.60542363859713077545166015625" lon="113.88768902979791164398193359375">
        <ele>16.799999237060546875</ele>
        <time>2026-08-23T12:06:04.000Z</time>
        <extensions>
          <ns3:TrackPointExtension>
            <ns3:atemp>32.0</ns3:atemp>
            <ns3:hr>142</ns3:hr>
            <ns3:cad>87</ns3:cad>
          </ns3:TrackPointExtension>
        </extensions>
      </trkpt>
      <trkpt lat="22.6054357923567295074462890625" lon="113.8876815699040889739990234375">
        <ele>16.799999237060546875</ele>
        <time>2026-08-23T12:06:05.000Z</time>
        <extensions>
          <ns3:TrackPointExtension>
            <ns3:atemp>32.0</ns3:atemp>
            <ns3:hr>142</ns3:hr>
            <ns3:cad>87</ns3:cad>
          </ns3:TrackPointExtension>
        </extensions>
      </trkpt>
      <trkpt lat="22.60547158308327198028564453125" lon="113.88766966760158538818359375">
        <ele>16.799999237060546875</ele>
        <time>2026-08-23T12:06:06.000Z</time>
        <extensions>
          <ns3:TrackPointExtension>
            <ns3:atemp>32.0</ns3:atemp>
            <ns3:hr>142</ns3:hr>
            <ns3:cad>86</ns3:cad>
          </ns3:TrackPointExtension>
        </extensions>
      </trkpt>
      <trkpt lat="22.6054974831640720367431640625" lon="113.8876644708216190338134765625">
        <ele>16.799999237060546875</ele>
        <time>2026-08-23T12:06:07.000Z</time>
        <extensions>
          <ns3:TrackPointExtension>
            <ns3:atemp>32.0</ns3:atemp>
            <ns3:hr>142</ns3:hr>
            <ns3:cad>86</ns3:cad>
          </ns3:TrackPointExtension>
        </extensions>
      </trkpt>
      <trkpt lat="22.605519108474254608154296875" lon="113.8876560889184474945068359375">
        <ele>16.6000003814697265625</ele>
        <time>2026-08-23T12:06:08.000Z</time>
        <extensions>
          <ns3:TrackPointExtension>
            <ns3:atemp>32.0</ns3:atemp>
            <ns3:hr>143</ns3:hr>
            <ns3:cad>86</ns3:cad>
          </ns3:TrackPointExtension>
        </extensions>
      </trkpt>
      <trkpt lat="22.60554383508861064910888671875" lon="113.887652568519115447998046875">
        <ele>16.6000003814697265625</ele>
        <time>2026-08-23T12:06:09.000Z</time>
        <extensions>
          <ns3:TrackPointExtension>
            <ns3:atemp>32.0</ns3:atemp>
            <ns3:hr>143</ns3:hr>
            <ns3:cad>86</ns3:cad>
          </ns3:TrackPointExtension>
        </extensions>
      </trkpt>
      <trkpt lat="22.605570740997791290283203125" lon="113.88764175586402416229248046875">
        <ele>16.799999237060546875</ele>
        <time>2026-08-23T12:06:10.000Z</time>
        <extensions>
          <ns3:TrackPointExtension>
            <ns3:atemp>32.0</ns3:atemp>
            <ns3:hr>143</ns3:hr>
            <ns3:cad>86</ns3:cad>
          </ns3:TrackPointExtension>
        </extensions>
      </trkpt>
      <trkpt lat="22.60559731163084506988525390625" lon="113.88763479888439178466796875">
        <ele>16.6000003814697265625</ele>
        <time>2026-08-23T12:06:11.000Z</time>
        <extensions>
          <ns3:TrackPointExtension>
            <ns3:atemp>32.0</ns3:atemp>
            <ns3:hr>144</ns3:hr>
            <ns3:cad>86</ns3:cad>
          </ns3:TrackPointExtension>
        </extensions>
      </trkpt>
      <trkpt lat="22.60561273433268070220947265625" lon="113.88762365095317363739013671875">
        <ele>16.799999237060546875</ele>
        <time>2026-08-23T12:06:12.000Z</time>
        <extensions>
          <ns3:TrackPointExtension>
            <ns3:atemp>32.0</ns3:atemp>
            <ns3:hr>144</ns3:hr>
            <ns3:cad>86</ns3:cad>
          </ns3:TrackPointExtension>
        </extensions>
      </trkpt>
      <trkpt lat="22.6056550629436969757080078125" lon="113.88760034926235675811767578125">
        <ele>16.799999237060546875</ele>
        <time>2026-08-23T12:06:13.000Z</time>
        <extensions>
          <ns3:TrackPointExtension>
            <ns3:atemp>32.0</ns3:atemp>
            <ns3:hr>144</ns3:hr>
            <ns3:cad>86</ns3:cad>
          </ns3:TrackPointExtension>
        </extensions>
      </trkpt>
      <trkpt lat="22.60567693971097469329833984375" lon="113.8875890336930751800537109375">
        <ele>16.799999237060546875</ele>
        <time>2026-08-23T12:06:14.000Z</time>
        <extensions>
          <ns3:TrackPointExtension>
            <ns3:atemp>32.0</ns3:atemp>
            <ns3:hr>144</ns3:hr>
            <ns3:cad>86</ns3:cad>
          </ns3:TrackPointExtension>
        </extensions>
      </trkpt>
      <trkpt lat="22.6057023368775844573974609375" lon="113.8875699229538440704345703125">
        <ele>16.799999237060546875</ele>
        <time>2026-08-23T12:06:15.000Z</time>
        <extensions>
          <ns3:TrackPointExtension>
            <ns3:atemp>32.0</ns3:atemp>
            <ns3:hr>145</ns3:hr>
            <ns3:cad>86</ns3:cad>
          </ns3:TrackPointExtension>
        </extensions>
      </trkpt>
      <trkpt lat="22.60572169907391071319580078125" lon="113.88755223713815212249755859375">
        <ele>16.799999237060546875</ele>
        <time>2026-08-23T12:06:16.000Z</time>
        <extensions>
          <ns3:TrackPointExtension>
            <ns3:atemp>32.0</ns3:atemp>
            <ns3:hr>145</ns3:hr>
            <ns3:cad>86</ns3:cad>
          </ns3:TrackPointExtension>
        </extensions>
      </trkpt>
      <trkpt lat="22.60573293082416057586669921875" lon="113.88753329403698444366455078125">
        <ele>16.799999237060546875</ele>
        <time>2026-08-23T12:06:17.000Z</time>
        <extensions>
          <ns3:TrackPointExtension>
            <ns3:atemp>32.0</ns3:atemp>
            <ns3:hr>146</ns3:hr>
            <ns3:cad>86</ns3:cad>
          </ns3:TrackPointExtension>
        </extensions>
      </trkpt>
      <trkpt lat="22.60575556196272373199462890625" lon="113.8875082321465015411376953125">
        <ele>16.799999237060546875</ele>
        <time>2026-08-23T12:06:18.000Z</time>
        <extensions>
          <ns3:TrackPointExtension>
            <ns3:atemp>32.0</ns3:atemp>
            <ns3:hr>146</ns3:hr>
            <ns3:cad>86</ns3:cad>
          </ns3:TrackPointExtension>
        </extensions>
      </trkpt>
      <trkpt lat="22.60576293803751468658447265625" lon="113.887487947940826416015625">
        <ele>16.799999237060546875</ele>
        <time>2026-08-23T12:06:19.000Z</time>
        <extensions>
          <ns3:TrackPointExtension>
            <ns3:atemp>32.0</ns3:atemp>
            <ns3:hr>146</ns3:hr>
            <ns3:cad>86</ns3:cad>
          </ns3:TrackPointExtension>
        </extensions>
      </trkpt>
      <trkpt lat="22.6057760976254940032958984375" lon="113.887454755604267120361328125">
        <ele>16.799999237060546875</ele>
        <time>2026-08-23T12:06:20.000Z</time>
        <extensions>
          <ns3:TrackPointExtension>
            <ns3:atemp>32.0</ns3:atemp>
            <ns3:hr>146</ns3:hr>
            <ns3:cad>87</ns3:cad>
          </ns3:TrackPointExtension>
        </extensions>
      </trkpt>
      <trkpt lat="22.6057834737002849578857421875" lon="113.88742784969508647918701171875">
        <ele>16.799999237060546875</ele>
        <time>2026-08-23T12:06:21.000Z</time>
        <extensions>
          <ns3:TrackPointExtension>
            <ns3:atemp>32.0</ns3:atemp>
            <ns3:hr>146</ns3:hr>
            <ns3:cad>87</ns3:cad>
          </ns3:TrackPointExtension>
        </extensions>
      </trkpt>
      <trkpt lat="22.605790011584758758544921875" lon="113.88739264570176601409912109375">
        <ele>16.799999237060546875</ele>
        <time>2026-08-23T12:06:22.000Z</time>
        <extensions>
          <ns3:TrackPointExtension>
            <ns3:atemp>32.0</ns3:atemp>
            <ns3:hr>147</ns3:hr>
            <ns3:cad>86</ns3:cad>
          </ns3:TrackPointExtension>
        </extensions>
      </trkpt>
      <trkpt lat="22.60579210706055164337158203125" lon="113.8873667456209659576416015625">
        <ele>16.799999237060546875</ele>
        <time>2026-08-23T12:06:23.000Z</time>
        <extensions>
          <ns3:TrackPointExtension>
            <ns3:atemp>32.0</ns3:atemp>
            <ns3:hr>147</ns3:hr>
            <ns3:cad>86</ns3:cad>
          </ns3:TrackPointExtension>
        </extensions>
      </trkpt>
      <trkpt lat="22.60579168796539306640625" lon="113.88733707368373870849609375">
        <ele>16.799999237060546875</ele>
        <time>2026-08-23T12:06:24.000Z</time>
        <extensions>
          <ns3:TrackPointExtension>
            <ns3:atemp>32.0</ns3:atemp>
            <ns3:hr>148</ns3:hr>
            <ns3:cad>86</ns3:cad>
          </ns3:TrackPointExtension>
        </extensions>
      </trkpt>
      <trkpt lat="22.60578808374702930450439453125" lon="113.8873053900897502899169921875">
        <ele>16.799999237060546875</ele>
        <time>2026-08-23T12:06:25.000Z</time>
        <extensions>
          <ns3:TrackPointExtension>
            <ns3:atemp>32.0</ns3:atemp>
            <ns3:hr>148</ns3:hr>
            <ns3:cad>86</ns3:cad>
          </ns3:TrackPointExtension>
        </extensions>
      </trkpt>
      <trkpt lat="22.60577886365354061126708984375" lon="113.88728301040828227996826171875">
        <ele>16.799999237060546875</ele>
        <time>2026-08-23T12:06:26.000Z</time>
        <extensions>
          <ns3:TrackPointExtension>
            <ns3:atemp>32.0</ns3:atemp>
            <ns3:hr>149</ns3:hr>
            <ns3:cad>88</ns3:cad>
          </ns3:TrackPointExtension>
        </extensions>
      </trkpt>
      <trkpt lat="22.60576930828392505645751953125" lon="113.88725115917623043060302734375">
        <ele>16.799999237060546875</ele>
        <time>2026-08-23T12:06:27.000Z</time>
        <extensions>
          <ns3:TrackPointExtension>
            <ns3:atemp>32.0</ns3:atemp>
            <ns3:hr>149</ns3:hr>
            <ns3:cad>88</ns3:cad>
          </ns3:TrackPointExtension>
        </extensions>
      </trkpt>
      <trkpt lat="22.6057563163340091705322265625" lon="113.88722970150411128997802734375">
        <ele>16.799999237060546875</ele>
        <time>2026-08-23T12:06:28.000Z</time>
        <extensions>
          <ns3:TrackPointExtension>
            <ns3:atemp>32.0</ns3:atemp>
            <ns3:hr>149</ns3:hr>
            <ns3:cad>88</ns3:cad>
          </ns3:TrackPointExtension>
        </extensions>
      </trkpt>
      <trkpt lat="22.60573578067123889923095703125" lon="113.88718846254050731658935546875">
        <ele>16.799999237060546875</ele>
        <time>2026-08-23T12:06:29.000Z</time>
        <extensions>
          <ns3:TrackPointExtension>
            <ns3:atemp>32.0</ns3:atemp>
            <ns3:hr>149</ns3:hr>
            <ns3:cad>87</ns3:cad>
          </ns3:TrackPointExtension>
        </extensions>
      </trkpt>
      <trkpt lat="22.60571935214102268218994140625" lon="113.8871736265718936920166015625">
        <ele>16.6000003814697265625</ele>
        <time>2026-08-23T12:06:30.000Z</time>
        <extensions>
          <ns3:TrackPointExtension>
            <ns3:atemp>32.0</ns3:atemp>
            <ns3:hr>148</ns3:hr>
            <ns3:cad>87</ns3:cad>
          </ns3:TrackPointExtension>
        </extensions>
      </trkpt>
      <trkpt lat="22.6056969724595546722412109375" lon="113.8871451281011104583740234375">
        <ele>16.6000003814697265625</ele>
        <time>2026-08-23T12:06:31.000Z</time>
        <extensions>
          <ns3:TrackPointExtension>
            <ns3:atemp>32.0</ns3:atemp>
            <ns3:hr>148</ns3:hr>
            <ns3:cad>87</ns3:cad>
          </ns3:TrackPointExtension>
        </extensions>
      </trkpt>
      <trkpt lat="22.6056792028248310089111328125" lon="113.88712928630411624908447265625">
        <ele>16.6000003814697265625</ele>
        <time>2026-08-23T12:06:32.000Z</time>
        <extensions>
          <ns3:TrackPointExtension>
            <ns3:atemp>32.0</ns3:atemp>
            <ns3:hr>148</ns3:hr>
            <ns3:cad>87</ns3:cad>
          </ns3:TrackPointExtension>
        </extensions>
      </trkpt>
      <trkpt lat="22.605660594999790191650390625" lon="113.88711671344935894012451171875">
        <ele>16.6000003814697265625</ele>
        <time>2026-08-23T12:06:33.000Z</time>
        <extensions>
          <ns3:TrackPointExtension>
            <ns3:atemp>32.0</ns3:atemp>
            <ns3:hr>148</ns3:hr>
            <ns3:cad>87</ns3:cad>
          </ns3:TrackPointExtension>
        </extensions>
      </trkpt>
      <trkpt lat="22.60563368909060955047607421875" lon="113.8871032185852527618408203125">
        <ele>16.799999237060546875</ele>
        <time>2026-08-23T12:06:34.000Z</time>
        <extensions>
          <ns3:TrackPointExtension>
            <ns3:atemp>32.0</ns3:atemp>
            <ns3:hr>148</ns3:hr>
            <ns3:cad>87</ns3:cad>
          </ns3:TrackPointExtension>
        </extensions>
      </trkpt>
      <trkpt lat="22.60561055503785610198974609375" lon="113.887092657387256622314453125">
        <ele>16.799999237060546875</ele>
        <time>2026-08-23T12:06:35.000Z</time>
        <extensions>
          <ns3:TrackPointExtension>
            <ns3:atemp>32.0</ns3:atemp>
            <ns3:hr>148</ns3:hr>
            <ns3:cad>87</ns3:cad>
          </ns3:TrackPointExtension>
        </extensions>
      </trkpt>
      <trkpt lat="22.60558121837675571441650390625" lon="113.88707547448575496673583984375">
        <ele>16.799999237060546875</ele>
        <time>2026-08-23T12:06:36.000Z</time>
        <extensions>
          <ns3:TrackPointExtension>
            <ns3:atemp>32.0</ns3:atemp>
            <ns3:hr>148</ns3:hr>
            <ns3:cad>87</ns3:cad>
          </ns3:TrackPointExtension>
        </extensions>
      </trkpt>
      <trkpt lat="22.60556126944720745086669921875" lon="113.8870797492563724517822265625">
        <ele>16.799999237060546875</ele>
        <time>2026-08-23T12:06:37.000Z</time>
        <extensions>
          <ns3:TrackPointExtension>
            <ns3:atemp>32.0</ns3:atemp>
            <ns3:hr>147</ns3:hr>
            <ns3:cad>86</ns3:cad>
          </ns3:TrackPointExtension>
        </extensions>
      </trkpt>
      <trkpt lat="22.60552908293902873992919921875" lon="113.88707295991480350494384765625">
        <ele>16.799999237060546875</ele>
        <time>2026-08-23T12:06:38.000Z</time>
        <extensions>
          <ns3:TrackPointExtension>
            <ns3:atemp>32.0</ns3:atemp>
            <ns3:hr>148</ns3:hr>
            <ns3:cad>86</ns3:cad>
          </ns3:TrackPointExtension>
        </extensions>
      </trkpt>
      <trkpt lat="22.6055112294852733612060546875" lon="113.887075893580913543701171875">
        <ele>16.799999237060546875</ele>
        <time>2026-08-23T12:06:39.000Z</time>
        <extensions>
          <ns3:TrackPointExtension>
            <ns3:atemp>32.0</ns3:atemp>
            <ns3:hr>148</ns3:hr>
            <ns3:cad>87</ns3:cad>
          </ns3:TrackPointExtension>
        </extensions>
      </trkpt>
      <trkpt lat="22.605481557548046112060546875" lon="113.8870787434279918670654296875">
        <ele>16.799999237060546875</ele>
        <time>2026-08-23T12:06:40.000Z</time>
        <extensions>
          <ns3:TrackPointExtension>
            <ns3:atemp>32.0</ns3:atemp>
            <ns3:hr>148</ns3:hr>
            <ns3:cad>87</ns3:cad>
          </ns3:TrackPointExtension>
        </extensions>
      </trkpt>
      <trkpt lat="22.6054582558572292327880859375" lon="113.887087292969226837158203125">
        <ele>16.799999237060546875</ele>
        <time>2026-08-23T12:06:41.000Z</time>
        <extensions>
          <ns3:TrackPointExtension>
            <ns3:atemp>32.0</ns3:atemp>
            <ns3:hr>148</ns3:hr>
            <ns3:cad>87</ns3:cad>
          </ns3:TrackPointExtension>
        </extensions>
      </trkpt>
      <trkpt lat="22.6054282486438751220703125" lon="113.88709927909076213836669921875">
        <ele>16.799999237060546875</ele>
        <time>2026-08-23T12:06:42.000Z</time>
        <extensions>
          <ns3:TrackPointExtension>
            <ns3:atemp>32.0</ns3:atemp>
            <ns3:hr>148</ns3:hr>
            <ns3:cad>87</ns3:cad>
          </ns3:TrackPointExtension>
        </extensions>
      </trkpt>
      <trkpt lat="22.6053987443447113037109375" lon="113.887105397880077362060546875">
        <ele>16.799999237060546875</ele>
        <time>2026-08-23T12:06:43.000Z</time>
        <extensions>
          <ns3:TrackPointExtension>
            <ns3:atemp>32.0</ns3:atemp>
            <ns3:hr>148</ns3:hr>
            <ns3:cad>87</ns3:cad>
          </ns3:TrackPointExtension>
        </extensions>
      </trkpt>
      <trkpt lat="22.60536815039813518524169921875" lon="113.8871156238019466400146484375">
        <ele>16.799999237060546875</ele>
        <time>2026-08-23T12:06:44.000Z</time>
        <extensions>
          <ns3:TrackPointExtension>
            <ns3:atemp>32.0</ns3:atemp>
            <ns3:hr>148</ns3:hr>
            <ns3:cad>86</ns3:cad>
          </ns3:TrackPointExtension>
        </extensions>
      </trkpt>
      <trkpt lat="22.60534132830798625946044921875" lon="113.88712375424802303314208984375">
        <ele>16.799999237060546875</ele>
        <time>2026-08-23T12:06:45.000Z</time>
        <extensions>
          <ns3:TrackPointExtension>
            <ns3:atemp>32.0</ns3:atemp>
            <ns3:hr>148</ns3:hr>
            <ns3:cad>86</ns3:cad>
          </ns3:TrackPointExtension>
        </extensions>
      </trkpt>
      <trkpt lat="22.6053231395781040191650390625" lon="113.8871350698173046112060546875">
        <ele>16.799999237060546875</ele>
        <time>2026-08-23T12:06:46.000Z</time>
        <extensions>
          <ns3:TrackPointExtension>
            <ns3:atemp>32.0</ns3:atemp>
            <ns3:hr>148</ns3:hr>
            <ns3:cad>86</ns3:cad>
          </ns3:TrackPointExtension>
        </extensions>
      </trkpt>
      <trkpt lat="22.605291791260242462158203125" lon="113.8871406018733978271484375">
        <ele>16.799999237060546875</ele>
        <time>2026-08-23T12:06:47.000Z</time>
        <extensions>
          <ns3:TrackPointExtension>
            <ns3:atemp>32.0</ns3:atemp>
            <ns3:hr>148</ns3:hr>
            <ns3:cad>86</ns3:cad>
          </ns3:TrackPointExtension>
        </extensions>
      </trkpt>
      <trkpt lat="22.60526689700782299041748046875" lon="113.88715309090912342071533203125">
        <ele>16.799999237060546875</ele>
        <time>2026-08-23T12:06:48.000Z</time>
        <extensions>
          <ns3:TrackPointExtension>
            <ns3:atemp>32.0</ns3:atemp>
            <ns3:hr>148</ns3:hr>
            <ns3:cad>86</ns3:cad>
          </ns3:TrackPointExtension>
        </extensions>
      </trkpt>
      <trkpt lat="22.60524116456508636474609375" lon="113.88716264627873897552490234375">
        <ele>16.799999237060546875</ele>
        <time>2026-08-23T12:06:49.000Z</time>
        <extensions>
          <ns3:TrackPointExtension>
            <ns3:atemp>32.0</ns3:atemp>
            <ns3:hr>148</ns3:hr>
            <ns3:cad>87</ns3:cad>
          </ns3:TrackPointExtension>
        </extensions>
      </trkpt>
      <trkpt lat="22.60521970689296722412109375" lon="113.88717169873416423797607421875">
        <ele>16.799999237060546875</ele>
        <time>2026-08-23T12:06:50.000Z</time>
        <extensions>
          <ns3:TrackPointExtension>
            <ns3:atemp>32.0</ns3:atemp>
            <ns3:hr>148</ns3:hr>
            <ns3:cad>87</ns3:cad>
          </ns3:TrackPointExtension>
        </extensions>
      </trkpt>
      <trkpt lat="22.60519682429730892181396484375" lon="113.88718016445636749267578125">
        <ele>16.799999237060546875</ele>
        <time>2026-08-23T12:06:51.000Z</time>
        <extensions>
          <ns3:TrackPointExtension>
            <ns3:atemp>32.0</ns3:atemp>
            <ns3:hr>147</ns3:hr>
            <ns3:cad>87</ns3:cad>
          </ns3:TrackPointExtension>
        </extensions>
      </trkpt>
      <trkpt lat="22.6051672361791133880615234375" lon="113.887186534702777862548828125">
        <ele>16.799999237060546875</ele>
        <time>2026-08-23T12:06:52.000Z</time>
        <extensions>
          <ns3:TrackPointExtension>
            <ns3:atemp>31.0</ns3:atemp>
            <ns3:hr>148</ns3:hr>
            <ns3:cad>87</ns3:cad>
          </ns3:TrackPointExtension>
        </extensions>
      </trkpt>
      <trkpt lat="22.60514418594539165496826171875" lon="113.88719617389142513275146484375">
        <ele>16.6000003814697265625</ele>
        <time>2026-08-23T12:06:53.000Z</time>
        <extensions>
          <ns3:TrackPointExtension>
            <ns3:atemp>32.0</ns3:atemp>
            <ns3:hr>148</ns3:hr>
            <ns3:cad>87</ns3:cad>
          </ns3:TrackPointExtension>
        </extensions>
      </trkpt>
      <trkpt lat="22.6051169447600841522216796875" lon="113.887203969061374664306640625">
        <ele>16.6000003814697265625</ele>
        <time>2026-08-23T12:06:54.000Z</time>
        <extensions>
          <ns3:TrackPointExtension>
            <ns3:atemp>32.0</ns3:atemp>
            <ns3:hr>148</ns3:hr>
            <ns3:cad>87</ns3:cad>
          </ns3:TrackPointExtension>
        </extensions>
      </trkpt>
      <trkpt lat="22.6050938107073307037353515625" lon="113.88721444644033908843994140625">
        <ele>16.6000003814697265625</ele>
        <time>2026-08-23T12:06:55.000Z</time>
        <extensions>
          <ns3:TrackPointExtension>
            <ns3:atemp>31.0</ns3:atemp>
            <ns3:hr>147</ns3:hr>
            <ns3:cad>87</ns3:cad>
          </ns3:TrackPointExtension>
        </extensions>
      </trkpt>
      <trkpt lat="22.6050599478185176849365234375" lon="113.8872198946774005889892578125">
        <ele>16.6000003814697265625</ele>
        <time>2026-08-23T12:06:56.000Z</time>
        <extensions>
          <ns3:TrackPointExtension>
            <ns3:atemp>31.0</ns3:atemp>
            <ns3:hr>148</ns3:hr>
            <ns3:cad>87</ns3:cad>
          </ns3:TrackPointExtension>
        </extensions>
      </trkpt>
      <trkpt lat="22.60503329336643218994140625" lon="113.8872302882373332977294921875">
        <ele>16.6000003814697265625</ele>
        <time>2026-08-23T12:06:57.000Z</time>
        <extensions>
          <ns3:TrackPointExtension>
            <ns3:atemp>31.0</ns3:atemp>
            <ns3:hr>148</ns3:hr>
            <ns3:cad>87</ns3:cad>
          </ns3:TrackPointExtension>
        </extensions>
      </trkpt>
      <trkpt lat="22.60499565862119197845458984375" lon="113.8872403465211391448974609375">
        <ele>16.6000003814697265625</ele>
        <time>2026-08-23T12:06:58.000Z</time>
        <extensions>
          <ns3:TrackPointExtension>
            <ns3:atemp>31.0</ns3:atemp>
            <ns3:hr>148</ns3:hr>
            <ns3:cad>87</ns3:cad>
          </ns3:TrackPointExtension>
        </extensions>
      </trkpt>
      <trkpt lat="22.6049707643687725067138671875" lon="113.887248225510120391845703125">
        <ele>16.6000003814697265625</ele>
        <time>2026-08-23T12:06:59.000Z</time>
        <extensions>
          <ns3:TrackPointExtension>
            <ns3:atemp>32.0</ns3:atemp>
            <ns3:hr>148</ns3:hr>
            <ns3:cad>87</ns3:cad>
          </ns3:TrackPointExtension>
        </extensions>
      </trkpt>
      <trkpt lat="22.6049429364502429962158203125" lon="113.887253589928150177001953125">
        <ele>16.6000003814697265625</ele>
        <time>2026-08-23T12:07:00.000Z</time>
        <extensions>
          <ns3:TrackPointExtension>
            <ns3:atemp>31.0</ns3:atemp>
            <ns3:hr>148</ns3:hr>
            <ns3:cad>88</ns3:cad>
          </ns3:TrackPointExtension>
        </extensions>
      </trkpt>
      <trkpt lat="22.604918964207172393798828125" lon="113.8872581161558628082275390625">
        <ele>16.6000003814697265625</ele>
        <time>2026-08-23T12:07:01.000Z</time>
        <extensions>
          <ns3:TrackPointExtension>
            <ns3:atemp>31.0</ns3:atemp>
            <ns3:hr>148</ns3:hr>
            <ns3:cad>88</ns3:cad>
          </ns3:TrackPointExtension>
        </extensions>
      </trkpt>
      <trkpt lat="22.60489356704056262969970703125" lon="113.88726423494517803192138671875">
        <ele>16.6000003814697265625</ele>
        <time>2026-08-23T12:07:02.000Z</time>
        <extensions>
          <ns3:TrackPointExtension>
            <ns3:atemp>32.0</ns3:atemp>
            <ns3:hr>148</ns3:hr>
            <ns3:cad>87</ns3:cad>
          </ns3:TrackPointExtension>
        </extensions>
      </trkpt>
      <trkpt lat="22.6048676669597625732421875" lon="113.88726876117289066314697265625">
        <ele>16.6000003814697265625</ele>
        <time>2026-08-23T12:07:03.000Z</time>
        <extensions>
          <ns3:TrackPointExtension>
            <ns3:atemp>31.0</ns3:atemp>
            <ns3:hr>148</ns3:hr>
            <ns3:cad>87</ns3:cad>
          </ns3:TrackPointExtension>
        </extensions>
      </trkpt>
      <trkpt lat="22.604844868183135986328125" lon="113.88727605342864990234375">
        <ele>16.6000003814697265625</ele>
        <time>2026-08-23T12:07:04.000Z</time>
        <extensions>
          <ns3:TrackPointExtension>
            <ns3:atemp>32.0</ns3:atemp>
            <ns3:hr>148</ns3:hr>
            <ns3:cad>86</ns3:cad>
          </ns3:TrackPointExtension>
        </extensions>
      </trkpt>
      <trkpt lat="22.604811005294322967529296875" lon="113.88728368096053600311279296875">
        <ele>16.6000003814697265625</ele>
        <time>2026-08-23T12:07:05.000Z</time>
        <extensions>
          <ns3:TrackPointExtension>
            <ns3:atemp>32.0</ns3:atemp>
            <ns3:hr>148</ns3:hr>
            <ns3:cad>86</ns3:cad>
          </ns3:TrackPointExtension>
        </extensions>
      </trkpt>
      <trkpt lat="22.604783512651920318603515625" lon="113.887295834720134735107421875">
        <ele>16.6000003814697265625</ele>
        <time>2026-08-23T12:07:06.000Z</time>
        <extensions>
          <ns3:TrackPointExtension>
            <ns3:atemp>32.0</ns3:atemp>
            <ns3:hr>148</ns3:hr>
            <ns3:cad>87</ns3:cad>
          </ns3:TrackPointExtension>
        </extensions>
      </trkpt>
      <trkpt lat="22.60474990122020244598388671875" lon="113.88731569983065128326416015625">
        <ele>16.6000003814697265625</ele>
        <time>2026-08-23T12:07:07.000Z</time>
        <extensions>
          <ns3:TrackPointExtension>
            <ns3:atemp>31.0</ns3:atemp>
            <ns3:hr>148</ns3:hr>
            <ns3:cad>87</ns3:cad>
          </ns3:TrackPointExtension>
        </extensions>
      </trkpt>
      <trkpt lat="22.604731209576129913330078125" lon="113.88733095489442348480224609375">
        <ele>16.3999996185302734375</ele>
        <time>2026-08-23T12:07:08.000Z</time>
        <extensions>
          <ns3:TrackPointExtension>
            <ns3:atemp>31.0</ns3:atemp>
            <ns3:hr>148</ns3:hr>
            <ns3:cad>87</ns3:cad>
          </ns3:TrackPointExtension>
        </extensions>
      </trkpt>
      <trkpt lat="22.604706399142742156982421875" lon="113.88734956271946430206298828125">
        <ele>16.3999996185302734375</ele>
        <time>2026-08-23T12:07:09.000Z</time>
        <extensions>
          <ns3:TrackPointExtension>
            <ns3:atemp>31.0</ns3:atemp>
            <ns3:hr>148</ns3:hr>
            <ns3:cad>87</ns3:cad>
          </ns3:TrackPointExtension>
        </extensions>
      </trkpt>
      <trkpt lat="22.60468997061252593994140625" lon="113.88736926019191741943359375">
        <ele>16.3999996185302734375</ele>
        <time>2026-08-23T12:07:10.000Z</time>
        <extensions>
          <ns3:TrackPointExtension>
            <ns3:atemp>32.0</ns3:atemp>
            <ns3:hr>147</ns3:hr>
            <ns3:cad>87</ns3:cad>
          </ns3:TrackPointExtension>
        </extensions>
      </trkpt>
      <trkpt lat="22.604674883186817169189453125" lon="113.88739071786403656005859375">
        <ele>16.3999996185302734375</ele>
        <time>2026-08-23T12:07:11.000Z</time>
        <extensions>
          <ns3:TrackPointExtension>
            <ns3:atemp>32.0</ns3:atemp>
            <ns3:hr>147</ns3:hr>
            <ns3:cad>87</ns3:cad>
          </ns3:TrackPointExtension>
        </extensions>
      </trkpt>
      <trkpt lat="22.60465937666594982147216796875" lon="113.88741577975451946258544921875">
        <ele>16.3999996185302734375</ele>
        <time>2026-08-23T12:07:12.000Z</time>
        <extensions>
          <ns3:TrackPointExtension>
            <ns3:atemp>32.0</ns3:atemp>
            <ns3:hr>147</ns3:hr>
            <ns3:cad>87</ns3:cad>
          </ns3:TrackPointExtension>
        </extensions>
      </trkpt>
      <trkpt lat="22.60465719737112522125244140625" lon="113.88743874616920948028564453125">
        <ele>16.3999996185302734375</ele>
        <time>2026-08-23T12:07:13.000Z</time>
        <extensions>
          <ns3:TrackPointExtension>
            <ns3:atemp>32.0</ns3:atemp>
            <ns3:hr>147</ns3:hr>
            <ns3:cad>87</ns3:cad>
          </ns3:TrackPointExtension>
        </extensions>
      </trkpt>
      <trkpt lat="22.604650072753429412841796875" lon="113.8874723576009273529052734375">
        <ele>16.3999996185302734375</ele>
        <time>2026-08-23T12:07:14.000Z</time>
        <extensions>
          <ns3:TrackPointExtension>
            <ns3:atemp>31.0</ns3:atemp>
            <ns3:hr>147</ns3:hr>
            <ns3:cad>86</ns3:cad>
          </ns3:TrackPointExtension>
        </extensions>
      </trkpt>
      <trkpt lat="22.60464797727763652801513671875" lon="113.887494988739490509033203125">
        <ele>16.3999996185302734375</ele>
        <time>2026-08-23T12:07:15.000Z</time>
        <extensions>
          <ns3:TrackPointExtension>
            <ns3:atemp>32.0</ns3:atemp>
            <ns3:hr>148</ns3:hr>
            <ns3:cad>86</ns3:cad>
          </ns3:TrackPointExtension>
        </extensions>
      </trkpt>
      <trkpt lat="22.6046442054212093353271484375" lon="113.88753145001828670501708984375">
        <ele>16.3999996185302734375</ele>
        <time>2026-08-23T12:07:16.000Z</time>
        <extensions>
          <ns3:TrackPointExtension>
            <ns3:atemp>31.0</ns3:atemp>
            <ns3:hr>148</ns3:hr>
            <ns3:cad>86</ns3:cad>
          </ns3:TrackPointExtension>
        </extensions>
      </trkpt>
      <trkpt lat="22.60464697144925594329833984375" lon="113.88755223713815212249755859375">
        <ele>16.3999996185302734375</ele>
        <time>2026-08-23T12:07:17.000Z</time>
        <extensions>
          <ns3:TrackPointExtension>
            <ns3:atemp>31.0</ns3:atemp>
            <ns3:hr>148</ns3:hr>
            <ns3:cad>86</ns3:cad>
          </ns3:TrackPointExtension>
        </extensions>
      </trkpt>
      <trkpt lat="22.60465451516211032867431640625" lon="113.88758995570242404937744140625">
        <ele>16.3999996185302734375</ele>
        <time>2026-08-23T12:07:18.000Z</time>
        <extensions>
          <ns3:TrackPointExtension>
            <ns3:atemp>31.0</ns3:atemp>
            <ns3:hr>148</ns3:hr>
            <ns3:cad>86</ns3:cad>
          </ns3:TrackPointExtension>
        </extensions>
      </trkpt>
      <trkpt lat="22.60465954430401325225830078125" lon="113.8876128382980823516845703125">
        <ele>16.3999996185302734375</ele>
        <time>2026-08-23T12:07:19.000Z</time>
        <extensions>
          <ns3:TrackPointExtension>
            <ns3:atemp>32.0</ns3:atemp>
            <ns3:hr>148</ns3:hr>
            <ns3:cad>87</ns3:cad>
          </ns3:TrackPointExtension>
        </extensions>
      </trkpt>
      <trkpt lat="22.6046676747500896453857421875" lon="113.88763957656919956207275390625">
        <ele>16.3999996185302734375</ele>
        <time>2026-08-23T12:07:20.000Z</time>
        <extensions>
          <ns3:TrackPointExtension>
            <ns3:atemp>31.0</ns3:atemp>
            <ns3:hr>148</ns3:hr>
            <ns3:cad>87</ns3:cad>
          </ns3:TrackPointExtension>
        </extensions>
      </trkpt>
      <trkpt lat="22.604677565395832061767578125" lon="113.88767025433480739593505859375">
        <ele>16.6000003814697265625</ele>
        <time>2026-08-23T12:07:21.000Z</time>
        <extensions>
          <ns3:TrackPointExtension>
            <ns3:atemp>32.0</ns3:atemp>
            <ns3:hr>148</ns3:hr>
            <ns3:cad>87</ns3:cad>
          </ns3:TrackPointExtension>
        </extensions>
      </trkpt>
      <trkpt lat="22.60468854568898677825927734375" lon="113.88768768869340419769287109375">
        <ele>16.6000003814697265625</ele>
        <time>2026-08-23T12:07:22.000Z</time>
        <extensions>
          <ns3:TrackPointExtension>
            <ns3:atemp>31.0</ns3:atemp>
            <ns3:hr>148</ns3:hr>
            <ns3:cad>87</ns3:cad>
          </ns3:TrackPointExtension>
        </extensions>
      </trkpt>
      <trkpt lat="22.604702375829219818115234375" lon="113.88771484605967998504638671875">
        <ele>16.6000003814697265625</ele>
        <time>2026-08-23T12:07:23.000Z</time>
        <extensions>
          <ns3:TrackPointExtension>
            <ns3:atemp>31.0</ns3:atemp>
            <ns3:hr>147</ns3:hr>
            <ns3:cad>87</ns3:cad>
          </ns3:TrackPointExtension>
        </extensions>
      </trkpt>
      <trkpt lat="22.60471603833138942718505859375" lon="113.8877253234386444091796875">
        <ele>16.6000003814697265625</ele>
        <time>2026-08-23T12:07:24.000Z</time>
        <extensions>
          <ns3:TrackPointExtension>
            <ns3:atemp>31.0</ns3:atemp>
            <ns3:hr>148</ns3:hr>
            <ns3:cad>86</ns3:cad>
          </ns3:TrackPointExtension>
        </extensions>
      </trkpt>
      <trkpt lat="22.6047411002218723297119140625" lon="113.88774518854916095733642578125">
        <ele>16.6000003814697265625</ele>
        <time>2026-08-23T12:07:25.000Z</time>
        <extensions>
          <ns3:TrackPointExtension>
            <ns3:atemp>31.0</ns3:atemp>
            <ns3:hr>148</ns3:hr>
            <ns3:cad>86</ns3:cad>
          </ns3:TrackPointExtension>
        </extensions>
      </trkpt>
      <trkpt lat="22.6047622226178646087646484375" lon="113.88775876723229885101318359375">
        <ele>16.6000003814697265625</ele>
        <time>2026-08-23T12:07:26.000Z</time>
        <extensions>
          <ns3:TrackPointExtension>
            <ns3:atemp>31.0</ns3:atemp>
            <ns3:hr>148</ns3:hr>
            <ns3:cad>86</ns3:cad>
          </ns3:TrackPointExtension>
        </extensions>
      </trkpt>
      <trkpt lat="22.60478929616510868072509765625" lon="113.88777335174381732940673828125">
        <ele>16.6000003814697265625</ele>
        <time>2026-08-23T12:07:27.000Z</time>
        <extensions>
          <ns3:TrackPointExtension>
            <ns3:atemp>32.0</ns3:atemp>
            <ns3:hr>147</ns3:hr>
            <ns3:cad>86</ns3:cad>
          </ns3:TrackPointExtension>
        </extensions>
      </trkpt>
      <trkpt lat="22.6048178784549236297607421875" lon="113.88779170811176300048828125">
        <ele>16.3999996185302734375</ele>
        <time>2026-08-23T12:07:28.000Z</time>
        <extensions>
          <ns3:TrackPointExtension>
            <ns3:atemp>32.0</ns3:atemp>
            <ns3:hr>148</ns3:hr>
            <ns3:cad>86</ns3:cad>
          </ns3:TrackPointExtension>
        </extensions>
      </trkpt>
      <trkpt lat="22.60484151542186737060546875" lon="113.8878005929291248321533203125">
        <ele>16.3999996185302734375</ele>
        <time>2026-08-23T12:07:29.000Z</time>
        <extensions>
          <ns3:TrackPointExtension>
            <ns3:atemp>31.0</ns3:atemp>
            <ns3:hr>147</ns3:hr>
            <ns3:cad>86</ns3:cad>
          </ns3:TrackPointExtension>
        </extensions>
      </trkpt>
      <trkpt lat="22.6048738695681095123291015625" lon="113.887814171612262725830078125">
        <ele>16.3999996185302734375</ele>
        <time>2026-08-23T12:07:30.000Z</time>
        <extensions>
          <ns3:TrackPointExtension>
            <ns3:atemp>31.0</ns3:atemp>
            <ns3:hr>147</ns3:hr>
            <ns3:cad>86</ns3:cad>
          </ns3:TrackPointExtension>
        </extensions>
      </trkpt>
      <trkpt lat="22.6048946566879749298095703125" lon="113.88781492598354816436767578125">
        <ele>16.3999996185302734375</ele>
        <time>2026-08-23T12:07:31.000Z</time>
        <extensions>
          <ns3:TrackPointExtension>
            <ns3:atemp>31.0</ns3:atemp>
            <ns3:hr>147</ns3:hr>
            <ns3:cad>86</ns3:cad>
          </ns3:TrackPointExtension>
        </extensions>
      </trkpt>
      <trkpt lat="22.6049301959574222564697265625" lon="113.887809813022613525390625">
        <ele>16.3999996185302734375</ele>
        <time>2026-08-23T12:07:32.000Z</time>
        <extensions>
          <ns3:TrackPointExtension>
            <ns3:atemp>31.0</ns3:atemp>
            <ns3:hr>147</ns3:hr>
            <ns3:cad>86</ns3:cad>
          </ns3:TrackPointExtension>
        </extensions>
      </trkpt>
      <trkpt lat="22.60495039634406566619873046875" lon="113.8878009282052516937255859375">
        <ele>16.3999996185302734375</ele>
        <time>2026-08-23T12:07:33.000Z</time>
        <extensions>
          <ns3:TrackPointExtension>
            <ns3:atemp>31.0</ns3:atemp>
            <ns3:hr>148</ns3:hr>
            <ns3:cad>86</ns3:cad>
          </ns3:TrackPointExtension>
        </extensions>
      </trkpt>
      <trkpt lat="22.60497721843421459197998046875" lon="113.88779112137854099273681640625">
        <ele>16.3999996185302734375</ele>
        <time>2026-08-23T12:07:34.000Z</time>
        <extensions>
          <ns3:TrackPointExtension>
            <ns3:atemp>31.0</ns3:atemp>
            <ns3:hr>147</ns3:hr>
            <ns3:cad>86</ns3:cad>
          </ns3:TrackPointExtension>
        </extensions>
      </trkpt>
      <trkpt lat="22.60499708354473114013671875" lon="113.88778366148471832275390625">
        <ele>16.3999996185302734375</ele>
        <time>2026-08-23T12:07:35.000Z</time>
        <extensions>
          <ns3:TrackPointExtension>
            <ns3:atemp>31.0</ns3:atemp>
            <ns3:hr>147</ns3:hr>
            <ns3:cad>86</ns3:cad>
          </ns3:TrackPointExtension>
        </extensions>
      </trkpt>
      <trkpt lat="22.60501828975975513458251953125" lon="113.88777754269540309906005859375">
        <ele>16.3999996185302734375</ele>
        <time>2026-08-23T12:07:36.000Z</time>
        <extensions>
          <ns3:TrackPointExtension>
            <ns3:atemp>31.0</ns3:atemp>
            <ns3:hr>146</ns3:hr>
            <ns3:cad>86</ns3:cad>
          </ns3:TrackPointExtension>
        </extensions>
      </trkpt>
      <trkpt lat="22.6050446927547454833984375" lon="113.88777033425867557525634765625">
        <ele>16.3999996185302734375</ele>
        <time>2026-08-23T12:07:37.000Z</time>
        <extensions>
          <ns3:TrackPointExtension>
            <ns3:atemp>31.0</ns3:atemp>
            <ns3:hr>146</ns3:hr>
            <ns3:cad>86</ns3:cad>
          </ns3:TrackPointExtension>
        </extensions>
      </trkpt>
      <trkpt lat="22.60506539605557918548583984375" lon="113.88775943778455257415771484375">
        <ele>16.3999996185302734375</ele>
        <time>2026-08-23T12:07:38.000Z</time>
        <extensions>
          <ns3:TrackPointExtension>
            <ns3:atemp>31.0</ns3:atemp>
            <ns3:hr>146</ns3:hr>
            <ns3:cad>86</ns3:cad>
          </ns3:TrackPointExtension>
        </extensions>
      </trkpt>
      <trkpt lat="22.60509431362152099609375" lon="113.8877523131668567657470703125">
        <ele>16.3999996185302734375</ele>
        <time>2026-08-23T12:07:39.000Z</time>
        <extensions>
          <ns3:TrackPointExtension>
            <ns3:atemp>31.0</ns3:atemp>
            <ns3:hr>145</ns3:hr>
            <ns3:cad>87</ns3:cad>
          </ns3:TrackPointExtension>
        </extensions>
      </trkpt>
      <trkpt lat="22.605111412703990936279296875" lon="113.88773999176919460296630859375">
        <ele>16.3999996185302734375</ele>
        <time>2026-08-23T12:07:40.000Z</time>
        <extensions>
          <ns3:TrackPointExtension>
            <ns3:atemp>31.0</ns3:atemp>
            <ns3:hr>145</ns3:hr>
            <ns3:cad>87</ns3:cad>
          </ns3:TrackPointExtension>
        </extensions>
      </trkpt>
      <trkpt lat="22.605141587555408477783203125" lon="113.887725658714771270751953125">
        <ele>16.3999996185302734375</ele>
        <time>2026-08-23T12:07:41.000Z</time>
        <extensions>
          <ns3:TrackPointExtension>
            <ns3:atemp>31.0</ns3:atemp>
            <ns3:hr>145</ns3:hr>
            <ns3:cad>87</ns3:cad>
          </ns3:TrackPointExtension>
        </extensions>
      </trkpt>
      <trkpt lat="22.6051558367908000946044921875" lon="113.88771534897387027740478515625">
        <ele>16.3999996185302734375</ele>
        <time>2026-08-23T12:07:42.000Z</time>
        <extensions>
          <ns3:TrackPointExtension>
            <ns3:atemp>31.0</ns3:atemp>
            <ns3:hr>144</ns3:hr>
            <ns3:cad>87</ns3:cad>
          </ns3:TrackPointExtension>
        </extensions>
      </trkpt>
      <trkpt lat="22.605181820690631866455078125" lon="113.8877043686807155609130859375">
        <ele>16.3999996185302734375</ele>
        <time>2026-08-23T12:07:43.000Z</time>
        <extensions>
          <ns3:TrackPointExtension>
            <ns3:atemp>31.0</ns3:atemp>
            <ns3:hr>144</ns3:hr>
            <ns3:cad>87</ns3:cad>
          </ns3:TrackPointExtension>
        </extensions>
      </trkpt>
      <trkpt lat="22.6052017696201801300048828125" lon="113.88768819160759449005126953125">
        <ele>16.3999996185302734375</ele>
        <time>2026-08-23T12:07:44.000Z</time>
        <extensions>
          <ns3:TrackPointExtension>
            <ns3:atemp>31.0</ns3:atemp>
            <ns3:hr>144</ns3:hr>
            <ns3:cad>87</ns3:cad>
          </ns3:TrackPointExtension>
        </extensions>
      </trkpt>
      <trkpt lat="22.605229429900646209716796875" lon="113.8876758702099323272705078125">
        <ele>16.3999996185302734375</ele>
        <time>2026-08-23T12:07:45.000Z</time>
        <extensions>
          <ns3:TrackPointExtension>
            <ns3:atemp>31.0</ns3:atemp>
            <ns3:hr>144</ns3:hr>
            <ns3:cad>87</ns3:cad>
          </ns3:TrackPointExtension>
        </extensions>
      </trkpt>
      <trkpt lat="22.605258263647556304931640625" lon="113.887675367295742034912109375">
        <ele>16.3999996185302734375</ele>
        <time>2026-08-23T12:07:46.000Z</time>
        <extensions>
          <ns3:TrackPointExtension>
            <ns3:atemp>31.0</ns3:atemp>
            <ns3:hr>145</ns3:hr>
            <ns3:cad>87</ns3:cad>
          </ns3:TrackPointExtension>
        </extensions>
      </trkpt>
      <trkpt lat="22.60528030805289745330810546875" lon="113.8876664824783802032470703125">
        <ele>16.3999996185302734375</ele>
        <time>2026-08-23T12:07:47.000Z</time>
        <extensions>
          <ns3:TrackPointExtension>
            <ns3:atemp>31.0</ns3:atemp>
            <ns3:hr>145</ns3:hr>
            <ns3:cad>87</ns3:cad>
          </ns3:TrackPointExtension>
        </extensions>
      </trkpt>
      <trkpt lat="22.60531132109463214874267578125" lon="113.8876609504222869873046875">
        <ele>16.3999996185302734375</ele>
        <time>2026-08-23T12:07:48.000Z</time>
        <extensions>
          <ns3:TrackPointExtension>
            <ns3:atemp>31.0</ns3:atemp>
            <ns3:hr>145</ns3:hr>
            <ns3:cad>87</ns3:cad>
          </ns3:TrackPointExtension>
        </extensions>
      </trkpt>
      <trkpt lat="22.60532858781516551971435546875" lon="113.88764963485300540924072265625">
        <ele>16.3999996185302734375</ele>
        <time>2026-08-23T12:07:49.000Z</time>
        <extensions>
          <ns3:TrackPointExtension>
            <ns3:atemp>31.0</ns3:atemp>
            <ns3:hr>145</ns3:hr>
            <ns3:cad>87</ns3:cad>
          </ns3:TrackPointExtension>
        </extensions>
      </trkpt>
      <trkpt lat="22.60535993613302707672119140625" lon="113.887642510235309600830078125">
        <ele>16.3999996185302734375</ele>
        <time>2026-08-23T12:07:50.000Z</time>
        <extensions>
          <ns3:TrackPointExtension>
            <ns3:atemp>31.0</ns3:atemp>
            <ns3:hr>145</ns3:hr>
            <ns3:cad>86</ns3:cad>
          </ns3:TrackPointExtension>
        </extensions>
      </trkpt>
      <trkpt lat="22.60537787340581417083740234375" lon="113.887631781399250030517578125">
        <ele>16.3999996185302734375</ele>
        <time>2026-08-23T12:07:51.000Z</time>
        <extensions>
          <ns3:TrackPointExtension>
            <ns3:atemp>31.0</ns3:atemp>
            <ns3:hr>146</ns3:hr>
            <ns3:cad>86</ns3:cad>
          </ns3:TrackPointExtension>
        </extensions>
      </trkpt>
      <trkpt lat="22.60540955699980258941650390625" lon="113.88762264512479305267333984375">
        <ele>16.3999996185302734375</ele>
        <time>2026-08-23T12:07:52.000Z</time>
        <extensions>
          <ns3:TrackPointExtension>
            <ns3:atemp>31.0</ns3:atemp>
            <ns3:hr>146</ns3:hr>
            <ns3:cad>87</ns3:cad>
          </ns3:TrackPointExtension>
        </extensions>
      </trkpt>
      <trkpt lat="22.6054321043193340301513671875" lon="113.88761325739324092864990234375">
        <ele>16.3999996185302734375</ele>
        <time>2026-08-23T12:07:53.000Z</time>
        <extensions>
          <ns3:TrackPointExtension>
            <ns3:atemp>31.0</ns3:atemp>
            <ns3:hr>147</ns3:hr>
            <ns3:cad>87</ns3:cad>
          </ns3:TrackPointExtension>
        </extensions>
      </trkpt>
      <trkpt lat="22.60545850731432437896728515625" lon="113.8876044563949108123779296875">
        <ele>16.3999996185302734375</ele>
        <time>2026-08-23T12:07:54.000Z</time>
        <extensions>
          <ns3:TrackPointExtension>
            <ns3:atemp>31.0</ns3:atemp>
            <ns3:hr>147</ns3:hr>
            <ns3:cad>87</ns3:cad>
          </ns3:TrackPointExtension>
        </extensions>
      </trkpt>
      <trkpt lat="22.60548197664320468902587890625" lon="113.88759858906269073486328125">
        <ele>16.3999996185302734375</ele>
        <time>2026-08-23T12:07:55.000Z</time>
        <extensions>
          <ns3:TrackPointExtension>
            <ns3:atemp>31.0</ns3:atemp>
            <ns3:hr>147</ns3:hr>
            <ns3:cad>87</ns3:cad>
          </ns3:TrackPointExtension>
        </extensions>
      </trkpt>
      <trkpt lat="22.60550511069595813751220703125" lon="113.8875900395214557647705078125">
        <ele>16.3999996185302734375</ele>
        <time>2026-08-23T12:07:56.000Z</time>
        <extensions>
          <ns3:TrackPointExtension>
            <ns3:atemp>31.0</ns3:atemp>
            <ns3:hr>147</ns3:hr>
            <ns3:cad>87</ns3:cad>
          </ns3:TrackPointExtension>
        </extensions>
      </trkpt>
      <trkpt lat="22.60553444735705852508544921875" lon="113.88758861459791660308837890625">
        <ele>16.3999996185302734375</ele>
        <time>2026-08-23T12:07:57.000Z</time>
        <extensions>
          <ns3:TrackPointExtension>
            <ns3:atemp>31.0</ns3:atemp>
            <ns3:hr>149</ns3:hr>
            <ns3:cad>87</ns3:cad>
          </ns3:TrackPointExtension>
        </extensions>
      </trkpt>
      <trkpt lat="22.60555087588727474212646484375" lon="113.88757981359958648681640625">
        <ele>16.3999996185302734375</ele>
        <time>2026-08-23T12:07:58.000Z</time>
        <extensions>
          <ns3:TrackPointExtension>
            <ns3:atemp>31.0</ns3:atemp>
            <ns3:hr>149</ns3:hr>
            <ns3:cad>87</ns3:cad>
          </ns3:TrackPointExtension>
        </extensions>
      </trkpt>
      <trkpt lat="22.60558054782450199127197265625" lon="113.8875715993344783782958984375">
        <ele>16.3999996185302734375</ele>
        <time>2026-08-23T12:07:59.000Z</time>
        <extensions>
          <ns3:TrackPointExtension>
            <ns3:atemp>31.0</ns3:atemp>
            <ns3:hr>149</ns3:hr>
            <ns3:cad>86</ns3:cad>
          </ns3:TrackPointExtension>
        </extensions>
      </trkpt>
      <trkpt lat="22.60560368187725543975830078125" lon="113.88756045140326023101806640625">
        <ele>16.3999996185302734375</ele>
        <time>2026-08-23T12:08:00.000Z</time>
        <extensions>
          <ns3:TrackPointExtension>
            <ns3:atemp>31.0</ns3:atemp>
            <ns3:hr>148</ns3:hr>
            <ns3:cad>86</ns3:cad>
          </ns3:TrackPointExtension>
        </extensions>
      </trkpt>
      <trkpt lat="22.6056332699954509735107421875" lon="113.8875444419682025909423828125">
        <ele>16.3999996185302734375</ele>
        <time>2026-08-23T12:08:01.000Z</time>
        <extensions>
          <ns3:TrackPointExtension>
            <ns3:atemp>31.0</ns3:atemp>
            <ns3:hr>148</ns3:hr>
            <ns3:cad>86</ns3:cad>
          </ns3:TrackPointExtension>
        </extensions>
      </trkpt>
      <trkpt lat="22.60565531440079212188720703125" lon="113.88753212057054042816162109375">
        <ele>16.3999996185302734375</ele>
        <time>2026-08-23T12:08:02.000Z</time>
        <extensions>
          <ns3:TrackPointExtension>
            <ns3:atemp>31.0</ns3:atemp>
            <ns3:hr>149</ns3:hr>
            <ns3:cad>86</ns3:cad>
          </ns3:TrackPointExtension>
        </extensions>
      </trkpt>
      <trkpt lat="22.6056724973022937774658203125" lon="113.88751418329775333404541015625">
        <ele>16.6000003814697265625</ele>
        <time>2026-08-23T12:08:03.000Z</time>
        <extensions>
          <ns3:TrackPointExtension>
            <ns3:atemp>31.0</ns3:atemp>
            <ns3:hr>149</ns3:hr>
            <ns3:cad>86</ns3:cad>
          </ns3:TrackPointExtension>
        </extensions>
      </trkpt>
      <trkpt lat="22.605692446231842041015625" lon="113.88749591074883937835693359375">
        <ele>16.6000003814697265625</ele>
        <time>2026-08-23T12:08:04.000Z</time>
        <extensions>
          <ns3:TrackPointExtension>
            <ns3:atemp>31.0</ns3:atemp>
            <ns3:hr>149</ns3:hr>
            <ns3:cad>86</ns3:cad>
          </ns3:TrackPointExtension>
        </extensions>
      </trkpt>
      <trkpt lat="22.6057003252208232879638671875" lon="113.8874790631234645843505859375">
        <ele>16.6000003814697265625</ele>
        <time>2026-08-23T12:08:05.000Z</time>
        <extensions>
          <ns3:TrackPointExtension>
            <ns3:atemp>31.0</ns3:atemp>
            <ns3:hr>149</ns3:hr>
            <ns3:cad>86</ns3:cad>
          </ns3:TrackPointExtension>
        </extensions>
      </trkpt>
      <trkpt lat="22.6057187654078006744384765625" lon="113.8874515704810619354248046875">
        <ele>16.6000003814697265625</ele>
        <time>2026-08-23T12:08:06.000Z</time>
        <extensions>
          <ns3:TrackPointExtension>
            <ns3:atemp>31.0</ns3:atemp>
            <ns3:hr>149</ns3:hr>
            <ns3:cad>86</ns3:cad>
          </ns3:TrackPointExtension>
        </extensions>
      </trkpt>
      <trkpt lat="22.60572907514870166778564453125" lon="113.88743137009441852569580078125">
        <ele>16.6000003814697265625</ele>
        <time>2026-08-23T12:08:07.000Z</time>
        <extensions>
          <ns3:TrackPointExtension>
            <ns3:atemp>31.0</ns3:atemp>
            <ns3:hr>150</ns3:hr>
            <ns3:cad>85</ns3:cad>
          </ns3:TrackPointExtension>
        </extensions>
      </trkpt>
      <trkpt lat="22.605740725994110107421875" lon="113.88740471564233303070068359375">
        <ele>16.6000003814697265625</ele>
        <time>2026-08-23T12:08:08.000Z</time>
        <extensions>
          <ns3:TrackPointExtension>
            <ns3:atemp>31.0</ns3:atemp>
            <ns3:hr>150</ns3:hr>
            <ns3:cad>85</ns3:cad>
          </ns3:TrackPointExtension>
        </extensions>
      </trkpt>
      <trkpt lat="22.60575036518275737762451171875" lon="113.8873766362667083740234375">
        <ele>16.6000003814697265625</ele>
        <time>2026-08-23T12:08:09.000Z</time>
        <extensions>
          <ns3:TrackPointExtension>
            <ns3:atemp>31.0</ns3:atemp>
            <ns3:hr>150</ns3:hr>
            <ns3:cad>85</ns3:cad>
          </ns3:TrackPointExtension>
        </extensions>
      </trkpt>
      <trkpt lat="22.60575589723885059356689453125" lon="113.8873498141765594482421875">
        <ele>16.6000003814697265625</ele>
        <time>2026-08-23T12:08:10.000Z</time>
        <extensions>
          <ns3:TrackPointExtension>
            <ns3:atemp>31.0</ns3:atemp>
            <ns3:hr>150</ns3:hr>
            <ns3:cad>85</ns3:cad>
          </ns3:TrackPointExtension>
        </extensions>
      </trkpt>
      <trkpt lat="22.60576017200946807861328125" lon="113.88732005842030048370361328125">
        <ele>16.6000003814697265625</ele>
        <time>2026-08-23T12:08:11.000Z</time>
        <extensions>
          <ns3:TrackPointExtension>
            <ns3:atemp>31.0</ns3:atemp>
            <ns3:hr>149</ns3:hr>
            <ns3:cad>85</ns3:cad>
          </ns3:TrackPointExtension>
        </extensions>
      </trkpt>
      <trkpt lat="22.60575505904853343963623046875" lon="113.88729575090110301971435546875">
        <ele>16.6000003814697265625</ele>
        <time>2026-08-23T12:08:12.000Z</time>
        <extensions>
          <ns3:TrackPointExtension>
            <ns3:atemp>31.0</ns3:atemp>
            <ns3:hr>150</ns3:hr>
            <ns3:cad>85</ns3:cad>
          </ns3:TrackPointExtension>
        </extensions>
      </trkpt>
      <trkpt lat="22.60575606487691402435302734375" lon="113.8872681744396686553955078125">
        <ele>16.6000003814697265625</ele>
        <time>2026-08-23T12:08:13.000Z</time>
        <extensions>
          <ns3:TrackPointExtension>
            <ns3:atemp>31.0</ns3:atemp>
            <ns3:hr>150</ns3:hr>
            <ns3:cad>86</ns3:cad>
          </ns3:TrackPointExtension>
        </extensions>
      </trkpt>
      <trkpt lat="22.605749778449535369873046875" lon="113.88724830932915210723876953125">
        <ele>16.6000003814697265625</ele>
        <time>2026-08-23T12:08:14.000Z</time>
        <extensions>
          <ns3:TrackPointExtension>
            <ns3:atemp>31.0</ns3:atemp>
            <ns3:hr>150</ns3:hr>
            <ns3:cad>86</ns3:cad>
          </ns3:TrackPointExtension>
        </extensions>
      </trkpt>
      <trkpt lat="22.605738379061222076416015625" lon="113.8872121833264827728271484375">
        <ele>16.6000003814697265625</ele>
        <time>2026-08-23T12:08:15.000Z</time>
        <extensions>
          <ns3:TrackPointExtension>
            <ns3:atemp>31.0</ns3:atemp>
            <ns3:hr>149</ns3:hr>
            <ns3:cad>86</ns3:cad>
          </ns3:TrackPointExtension>
        </extensions>
      </trkpt>
      <trkpt lat="22.6057258062064647674560546875" lon="113.8871820084750652313232421875">
        <ele>16.3999996185302734375</ele>
        <time>2026-08-23T12:08:16.000Z</time>
        <extensions>
          <ns3:TrackPointExtension>
            <ns3:atemp>31.0</ns3:atemp>
            <ns3:hr>150</ns3:hr>
            <ns3:cad>86</ns3:cad>
          </ns3:TrackPointExtension>
        </extensions>
      </trkpt>
      <trkpt lat="22.6057103835046291351318359375" lon="113.88715510256588459014892578125">
        <ele>16.3999996185302734375</ele>
        <time>2026-08-23T12:08:17.000Z</time>
        <extensions>
          <ns3:TrackPointExtension>
            <ns3:atemp>31.0</ns3:atemp>
            <ns3:hr>150</ns3:hr>
            <ns3:cad>86</ns3:cad>
          </ns3:TrackPointExtension>
        </extensions>
      </trkpt>
      <trkpt lat="22.60569621808826923370361328125" lon="113.88712828047573566436767578125">
        <ele>16.3999996185302734375</ele>
        <time>2026-08-23T12:08:18.000Z</time>
        <extensions>
          <ns3:TrackPointExtension>
            <ns3:atemp>31.0</ns3:atemp>
            <ns3:hr>150</ns3:hr>
            <ns3:cad>86</ns3:cad>
          </ns3:TrackPointExtension>
        </extensions>
      </trkpt>
      <trkpt lat="22.60568012483417987823486328125" lon="113.88711235485970973968505859375">
        <ele>16.3999996185302734375</ele>
        <time>2026-08-23T12:08:19.000Z</time>
        <extensions>
          <ns3:TrackPointExtension>
            <ns3:atemp>31.0</ns3:atemp>
            <ns3:hr>150</ns3:hr>
            <ns3:cad>86</ns3:cad>
          </ns3:TrackPointExtension>
        </extensions>
      </trkpt>
      <trkpt lat="22.60566067881882190704345703125" lon="113.88709089718759059906005859375">
        <ele>16.3999996185302734375</ele>
        <time>2026-08-23T12:08:20.000Z</time>
        <extensions>
          <ns3:TrackPointExtension>
            <ns3:atemp>31.0</ns3:atemp>
            <ns3:hr>150</ns3:hr>
            <ns3:cad>86</ns3:cad>
          </ns3:TrackPointExtension>
        </extensions>
      </trkpt>
      <trkpt lat="22.60563905350863933563232421875" lon="113.88708150945603847503662109375">
        <ele>16.3999996185302734375</ele>
        <time>2026-08-23T12:08:21.000Z</time>
        <extensions>
          <ns3:TrackPointExtension>
            <ns3:atemp>31.0</ns3:atemp>
            <ns3:hr>150</ns3:hr>
            <ns3:cad>86</ns3:cad>
          </ns3:TrackPointExtension>
        </extensions>
      </trkpt>
      <trkpt lat="22.60560887865722179412841796875" lon="113.8870670087635517120361328125">
        <ele>16.3999996185302734375</ele>
        <time>2026-08-23T12:08:22.000Z</time>
        <extensions>
          <ns3:TrackPointExtension>
            <ns3:atemp>31.0</ns3:atemp>
            <ns3:hr>151</ns3:hr>
            <ns3:cad>86</ns3:cad>
          </ns3:TrackPointExtension>
        </extensions>
      </trkpt>
      <trkpt lat="22.60558440349996089935302734375" lon="113.88706147670745849609375">
        <ele>16.3999996185302734375</ele>
        <time>2026-08-23T12:08:23.000Z</time>
        <extensions>
          <ns3:TrackPointExtension>
            <ns3:atemp>31.0</ns3:atemp>
            <ns3:hr>151</ns3:hr>
            <ns3:cad>86</ns3:cad>
          </ns3:TrackPointExtension>
        </extensions>
      </trkpt>
      <trkpt lat="22.60555271990597248077392578125" lon="113.8870556093752384185791015625">
        <ele>16.3999996185302734375</ele>
        <time>2026-08-23T12:08:24.000Z</time>
        <extensions>
          <ns3:TrackPointExtension>
            <ns3:atemp>31.0</ns3:atemp>
            <ns3:hr>151</ns3:hr>
            <ns3:cad>86</ns3:cad>
          </ns3:TrackPointExtension>
        </extensions>
      </trkpt>
      <trkpt lat="22.6055259816348552703857421875" lon="113.88705049641430377960205078125">
        <ele>16.3999996185302734375</ele>
        <time>2026-08-23T12:08:25.000Z</time>
        <extensions>
          <ns3:TrackPointExtension>
            <ns3:atemp>31.0</ns3:atemp>
            <ns3:hr>150</ns3:hr>
            <ns3:cad>87</ns3:cad>
          </ns3:TrackPointExtension>
        </extensions>
      </trkpt>
      <trkpt lat="22.6055018417537212371826171875" lon="113.88705502264201641082763671875">
        <ele>16.3999996185302734375</ele>
        <time>2026-08-23T12:08:26.000Z</time>
        <extensions>
          <ns3:TrackPointExtension>
            <ns3:atemp>31.0</ns3:atemp>
            <ns3:hr>151</ns3:hr>
            <ns3:cad>87</ns3:cad>
          </ns3:TrackPointExtension>
        </extensions>
      </trkpt>
      <trkpt lat="22.6054760254919528961181640625" lon="113.88705544173717498779296875">
        <ele>16.3999996185302734375</ele>
        <time>2026-08-23T12:08:27.000Z</time>
        <extensions>
          <ns3:TrackPointExtension>
            <ns3:atemp>31.0</ns3:atemp>
            <ns3:hr>151</ns3:hr>
            <ns3:cad>87</ns3:cad>
          </ns3:TrackPointExtension>
        </extensions>
      </trkpt>
      <trkpt lat="22.60545297525823116302490234375" lon="113.88706340454518795013427734375">
        <ele>16.3999996185302734375</ele>
        <time>2026-08-23T12:08:28.000Z</time>
        <extensions>
          <ns3:TrackPointExtension>
            <ns3:atemp>31.0</ns3:atemp>
            <ns3:hr>151</ns3:hr>
            <ns3:cad>86</ns3:cad>
          </ns3:TrackPointExtension>
        </extensions>
      </trkpt>
      <trkpt lat="22.605415172874927520751953125" lon="113.887071199715137481689453125">
        <ele>16.3999996185302734375</ele>
        <time>2026-08-23T12:08:29.000Z</time>
        <extensions>
          <ns3:TrackPointExtension>
            <ns3:atemp>31.0</ns3:atemp>
            <ns3:hr>151</ns3:hr>
            <ns3:cad>86</ns3:cad>
          </ns3:TrackPointExtension>
        </extensions>
      </trkpt>
      <trkpt lat="22.6053898595273494720458984375" lon="113.88708502985537052154541015625">
        <ele>16.3999996185302734375</ele>
        <time>2026-08-23T12:08:30.000Z</time>
        <extensions>
          <ns3:TrackPointExtension>
            <ns3:atemp>31.0</ns3:atemp>
            <ns3:hr>151</ns3:hr>
            <ns3:cad>85</ns3:cad>
          </ns3:TrackPointExtension>
        </extensions>
      </trkpt>
      <trkpt lat="22.605360858142375946044921875" lon="113.88709743507206439971923828125">
        <ele>16.3999996185302734375</ele>
        <time>2026-08-23T12:08:31.000Z</time>
        <extensions>
          <ns3:TrackPointExtension>
            <ns3:atemp>31.0</ns3:atemp>
            <ns3:hr>151</ns3:hr>
            <ns3:cad>85</ns3:cad>
          </ns3:TrackPointExtension>
        </extensions>
      </trkpt>
      <trkpt lat="22.60533529333770275115966796875" lon="113.88710363768041133880615234375">
        <ele>16.3999996185302734375</ele>
        <time>2026-08-23T12:08:32.000Z</time>
        <extensions>
          <ns3:TrackPointExtension>
            <ns3:atemp>31.0</ns3:atemp>
            <ns3:hr>151</ns3:hr>
            <ns3:cad>86</ns3:cad>
          </ns3:TrackPointExtension>
        </extensions>
      </trkpt>
      <trkpt lat="22.605314590036869049072265625" lon="113.8871137797832489013671875">
        <ele>16.3999996185302734375</ele>
        <time>2026-08-23T12:08:33.000Z</time>
        <extensions>
          <ns3:TrackPointExtension>
            <ns3:atemp>31.0</ns3:atemp>
            <ns3:hr>151</ns3:hr>
            <ns3:cad>86</ns3:cad>
          </ns3:TrackPointExtension>
        </extensions>
      </trkpt>
      <trkpt lat="22.60528684593737125396728515625" lon="113.88712157495319843292236328125">
        <ele>16.200000762939453125</ele>
        <time>2026-08-23T12:08:34.000Z</time>
        <extensions>
          <ns3:TrackPointExtension>
            <ns3:atemp>31.0</ns3:atemp>
            <ns3:hr>151</ns3:hr>
            <ns3:cad>86</ns3:cad>
          </ns3:TrackPointExtension>
        </extensions>
      </trkpt>
      <trkpt lat="22.605264969170093536376953125" lon="113.8871320523321628570556640625">
        <ele>16.200000762939453125</ele>
        <time>2026-08-23T12:08:35.000Z</time>
        <extensions>
          <ns3:TrackPointExtension>
            <ns3:atemp>31.0</ns3:atemp>
            <ns3:hr>151</ns3:hr>
            <ns3:cad>86</ns3:cad>
          </ns3:TrackPointExtension>
        </extensions>
      </trkpt>
      <trkpt lat="22.60523387230932712554931640625" lon="113.88714001514017581939697265625">
        <ele>16.200000762939453125</ele>
        <time>2026-08-23T12:08:36.000Z</time>
        <extensions>
          <ns3:TrackPointExtension>
            <ns3:atemp>31.0</ns3:atemp>
            <ns3:hr>152</ns3:hr>
            <ns3:cad>86</ns3:cad>
          </ns3:TrackPointExtension>
        </extensions>
      </trkpt>
      <trkpt lat="22.60521207936108112335205078125" lon="113.88715275563299655914306640625">
        <ele>16.200000762939453125</ele>
        <time>2026-08-23T12:08:37.000Z</time>
        <extensions>
          <ns3:TrackPointExtension>
            <ns3:atemp>31.0</ns3:atemp>
            <ns3:hr>151</ns3:hr>
            <ns3:cad>86</ns3:cad>
          </ns3:TrackPointExtension>
        </extensions>
      </trkpt>
      <trkpt lat="22.60518425144255161285400390625" lon="113.887159712612628936767578125">
        <ele>16.200000762939453125</ele>
        <time>2026-08-23T12:08:38.000Z</time>
        <extensions>
          <ns3:TrackPointExtension>
            <ns3:atemp>31.0</ns3:atemp>
            <ns3:hr>151</ns3:hr>
            <ns3:cad>86</ns3:cad>
          </ns3:TrackPointExtension>
        </extensions>
      </trkpt>
      <trkpt lat="22.60516044683754444122314453125" lon="113.887169770896434783935546875">
        <ele>16.200000762939453125</ele>
        <time>2026-08-23T12:08:39.000Z</time>
        <extensions>
          <ns3:TrackPointExtension>
            <ns3:atemp>31.0</ns3:atemp>
            <ns3:hr>151</ns3:hr>
            <ns3:cad>86</ns3:cad>
          </ns3:TrackPointExtension>
        </extensions>
      </trkpt>
      <trkpt lat="22.60513144545257091522216796875" lon="113.88717236928641796112060546875">
        <ele>16.3999996185302734375</ele>
        <time>2026-08-23T12:08:40.000Z</time>
        <extensions>
          <ns3:TrackPointExtension>
            <ns3:atemp>31.0</ns3:atemp>
            <ns3:hr>151</ns3:hr>
            <ns3:cad>87</ns3:cad>
          </ns3:TrackPointExtension>
        </extensions>
      </trkpt>
      <trkpt lat="22.60510294698178768157958984375" lon="113.88717748224735260009765625">
        <ele>16.3999996185302734375</ele>
        <time>2026-08-23T12:08:41.000Z</time>
        <extensions>
          <ns3:TrackPointExtension>
            <ns3:atemp>31.0</ns3:atemp>
            <ns3:hr>151</ns3:hr>
            <ns3:cad>87</ns3:cad>
          </ns3:TrackPointExtension>
        </extensions>
      </trkpt>
      <trkpt lat="22.6050783880054950714111328125" lon="113.88718552887439727783203125">
        <ele>16.3999996185302734375</ele>
        <time>2026-08-23T12:08:42.000Z</time>
        <extensions>
          <ns3:TrackPointExtension>
            <ns3:atemp>31.0</ns3:atemp>
            <ns3:hr>150</ns3:hr>
            <ns3:cad>87</ns3:cad>
          </ns3:TrackPointExtension>
        </extensions>
      </trkpt>
      <trkpt lat="22.6050458662211894989013671875" lon="113.8871883787214756011962890625">
        <ele>16.3999996185302734375</ele>
        <time>2026-08-23T12:08:43.000Z</time>
        <extensions>
          <ns3:TrackPointExtension>
            <ns3:atemp>31.0</ns3:atemp>
            <ns3:hr>150</ns3:hr>
            <ns3:cad>87</ns3:cad>
          </ns3:TrackPointExtension>
        </extensions>
      </trkpt>
      <trkpt lat="22.6050197146832942962646484375" lon="113.887198604643344879150390625">
        <ele>16.6000003814697265625</ele>
        <time>2026-08-23T12:08:44.000Z</time>
        <extensions>
          <ns3:TrackPointExtension>
            <ns3:atemp>31.0</ns3:atemp>
            <ns3:hr>150</ns3:hr>
            <ns3:cad>87</ns3:cad>
          </ns3:TrackPointExtension>
        </extensions>
      </trkpt>
      <trkpt lat="22.60498945601284503936767578125" lon="113.887203298509120941162109375">
        <ele>16.6000003814697265625</ele>
        <time>2026-08-23T12:08:45.000Z</time>
        <extensions>
          <ns3:TrackPointExtension>
            <ns3:atemp>31.0</ns3:atemp>
            <ns3:hr>150</ns3:hr>
            <ns3:cad>87</ns3:cad>
          </ns3:TrackPointExtension>
        </extensions>
      </trkpt>
      <trkpt lat="22.60495995171368122100830078125" lon="113.8872125186026096343994140625">
        <ele>16.3999996185302734375</ele>
        <time>2026-08-23T12:08:46.000Z</time>
        <extensions>
          <ns3:TrackPointExtension>
            <ns3:atemp>31.0</ns3:atemp>
            <ns3:hr>150</ns3:hr>
            <ns3:cad>87</ns3:cad>
          </ns3:TrackPointExtension>
        </extensions>
      </trkpt>
      <trkpt lat="22.604925669729709625244140625" lon="113.8872219063341617584228515625">
        <ele>16.6000003814697265625</ele>
        <time>2026-08-23T12:08:47.000Z</time>
        <extensions>
          <ns3:TrackPointExtension>
            <ns3:atemp>31.0</ns3:atemp>
            <ns3:hr>150</ns3:hr>
            <ns3:cad>87</ns3:cad>
          </ns3:TrackPointExtension>
        </extensions>
      </trkpt>
      <trkpt lat="22.60490119457244873046875" lon="113.88723573647439479827880859375">
        <ele>16.3999996185302734375</ele>
        <time>2026-08-23T12:08:48.000Z</time>
        <extensions>
          <ns3:TrackPointExtension>
            <ns3:atemp>31.0</ns3:atemp>
            <ns3:hr>150</ns3:hr>
            <ns3:cad>87</ns3:cad>
          </ns3:TrackPointExtension>
        </extensions>
      </trkpt>
      <trkpt lat="22.6048628054559230804443359375" lon="113.8872470520436763763427734375">
        <ele>16.3999996185302734375</ele>
        <time>2026-08-23T12:08:49.000Z</time>
        <extensions>
          <ns3:TrackPointExtension>
            <ns3:atemp>31.0</ns3:atemp>
            <ns3:hr>150</ns3:hr>
            <ns3:cad>87</ns3:cad>
          </ns3:TrackPointExtension>
        </extensions>
      </trkpt>
      <trkpt lat="22.60483489371836185455322265625" lon="113.88725970871746540069580078125">
        <ele>16.200000762939453125</ele>
        <time>2026-08-23T12:08:50.000Z</time>
        <extensions>
          <ns3:TrackPointExtension>
            <ns3:atemp>31.0</ns3:atemp>
            <ns3:hr>150</ns3:hr>
            <ns3:cad>87</ns3:cad>
          </ns3:TrackPointExtension>
        </extensions>
      </trkpt>
      <trkpt lat="22.6048011146485805511474609375" lon="113.88726976700127124786376953125">
        <ele>16.200000762939453125</ele>
        <time>2026-08-23T12:08:51.000Z</time>
        <extensions>
          <ns3:TrackPointExtension>
            <ns3:atemp>31.0</ns3:atemp>
            <ns3:hr>149</ns3:hr>
            <ns3:cad>87</ns3:cad>
          </ns3:TrackPointExtension>
        </extensions>
      </trkpt>
      <trkpt lat="22.6047742925584316253662109375" lon="113.8872792385518550872802734375">
        <ele>16</ele>
        <time>2026-08-23T12:08:52.000Z</time>
        <extensions>
          <ns3:TrackPointExtension>
            <ns3:atemp>31.0</ns3:atemp>
            <ns3:hr>150</ns3:hr>
            <ns3:cad>88</ns3:cad>
          </ns3:TrackPointExtension>
        </extensions>
      </trkpt>
      <trkpt lat="22.60474218986928462982177734375" lon="113.88729390688240528106689453125">
        <ele>16.200000762939453125</ele>
        <time>2026-08-23T12:08:53.000Z</time>
        <extensions>
          <ns3:TrackPointExtension>
            <ns3:atemp>31.0</ns3:atemp>
            <ns3:hr>150</ns3:hr>
            <ns3:cad>88</ns3:cad>
          </ns3:TrackPointExtension>
        </extensions>
      </trkpt>
      <trkpt lat="22.60471436195075511932373046875" lon="113.8873100839555263519287109375">
        <ele>16.200000762939453125</ele>
        <time>2026-08-23T12:08:54.000Z</time>
        <extensions>
          <ns3:TrackPointExtension>
            <ns3:atemp>31.0</ns3:atemp>
            <ns3:hr>150</ns3:hr>
            <ns3:cad>88</ns3:cad>
          </ns3:TrackPointExtension>
        </extensions>
      </trkpt>
      <trkpt lat="22.60468653403222560882568359375" lon="113.88732969760894775390625">
        <ele>16.200000762939453125</ele>
        <time>2026-08-23T12:08:55.000Z</time>
        <extensions>
          <ns3:TrackPointExtension>
            <ns3:atemp>31.0</ns3:atemp>
            <ns3:hr>150</ns3:hr>
            <ns3:cad>88</ns3:cad>
          </ns3:TrackPointExtension>
        </extensions>
      </trkpt>
      <trkpt lat="22.60465376079082489013671875" lon="113.88735056854784488677978515625">
        <ele>16.200000762939453125</ele>
        <time>2026-08-23T12:08:56.000Z</time>
        <extensions>
          <ns3:TrackPointExtension>
            <ns3:atemp>31.0</ns3:atemp>
            <ns3:hr>151</ns3:hr>
            <ns3:cad>88</ns3:cad>
          </ns3:TrackPointExtension>
        </extensions>
      </trkpt>
      <trkpt lat="22.60463221929967403411865234375" lon="113.887376971542835235595703125">
        <ele>16.200000762939453125</ele>
        <time>2026-08-23T12:08:57.000Z</time>
        <extensions>
          <ns3:TrackPointExtension>
            <ns3:atemp>31.0</ns3:atemp>
            <ns3:hr>151</ns3:hr>
            <ns3:cad>88</ns3:cad>
          </ns3:TrackPointExtension>
        </extensions>
      </trkpt>
      <trkpt lat="22.60461059398949146270751953125" lon="113.88740220107138156890869140625">
        <ele>16.200000762939453125</ele>
        <time>2026-08-23T12:08:58.000Z</time>
        <extensions>
          <ns3:TrackPointExtension>
            <ns3:atemp>31.0</ns3:atemp>
            <ns3:hr>152</ns3:hr>
            <ns3:cad>88</ns3:cad>
          </ns3:TrackPointExtension>
        </extensions>
      </trkpt>
      <trkpt lat="22.60460288263857364654541015625" lon="113.88742424547672271728515625">
        <ele>16.200000762939453125</ele>
        <time>2026-08-23T12:08:59.000Z</time>
        <extensions>
          <ns3:TrackPointExtension>
            <ns3:atemp>31.0</ns3:atemp>
            <ns3:hr>152</ns3:hr>
            <ns3:cad>88</ns3:cad>
          </ns3:TrackPointExtension>
        </extensions>
      </trkpt>
      <trkpt lat="22.6045892201364040374755859375" lon="113.8874535821378231048583984375">
        <ele>16.200000762939453125</ele>
        <time>2026-08-23T12:09:00.000Z</time>
        <extensions>
          <ns3:TrackPointExtension>
            <ns3:atemp>31.0</ns3:atemp>
            <ns3:hr>153</ns3:hr>
            <ns3:cad>88</ns3:cad>
          </ns3:TrackPointExtension>
        </extensions>
      </trkpt>
      <trkpt lat="22.60458695702254772186279296875" lon="113.8874757103621959686279296875">
        <ele>16.200000762939453125</ele>
        <time>2026-08-23T12:09:01.000Z</time>
        <extensions>
          <ns3:TrackPointExtension>
            <ns3:atemp>31.0</ns3:atemp>
            <ns3:hr>154</ns3:hr>
            <ns3:cad>88</ns3:cad>
          </ns3:TrackPointExtension>
        </extensions>
      </trkpt>
      <trkpt lat="22.6045778207480907440185546875" lon="113.8875080645084381103515625">
        <ele>16.200000762939453125</ele>
        <time>2026-08-23T12:09:02.000Z</time>
        <extensions>
          <ns3:TrackPointExtension>
            <ns3:atemp>31.0</ns3:atemp>
            <ns3:hr>155</ns3:hr>
            <ns3:cad>88</ns3:cad>
          </ns3:TrackPointExtension>
        </extensions>
      </trkpt>
      <trkpt lat="22.60457656346261501312255859375" lon="113.88754033483564853668212890625">
        <ele>16</ele>
        <time>2026-08-23T12:09:03.000Z</time>
        <extensions>
          <ns3:TrackPointExtension>
            <ns3:atemp>31.0</ns3:atemp>
            <ns3:hr>155</ns3:hr>
            <ns3:cad>88</ns3:cad>
          </ns3:TrackPointExtension>
        </extensions>
      </trkpt>
      <trkpt lat="22.6045781560242176055908203125" lon="113.8875749520957469940185546875">
        <ele>16</ele>
        <time>2026-08-23T12:09:04.000Z</time>
        <extensions>
          <ns3:TrackPointExtension>
            <ns3:atemp>31.0</ns3:atemp>
            <ns3:hr>156</ns3:hr>
            <ns3:cad>88</ns3:cad>
          </ns3:TrackPointExtension>
        </extensions>
      </trkpt>
      <trkpt lat="22.60458259843289852142333984375" lon="113.88760051690042018890380859375">
        <ele>16.200000762939453125</ele>
        <time>2026-08-23T12:09:05.000Z</time>
        <extensions>
          <ns3:TrackPointExtension>
            <ns3:atemp>31.0</ns3:atemp>
            <ns3:hr>156</ns3:hr>
            <ns3:cad>88</ns3:cad>
          </ns3:TrackPointExtension>
        </extensions>
      </trkpt>
      <trkpt lat="22.60459148325026035308837890625" lon="113.887631781399250030517578125">
        <ele>16.200000762939453125</ele>
        <time>2026-08-23T12:09:06.000Z</time>
        <extensions>
          <ns3:TrackPointExtension>
            <ns3:atemp>31.0</ns3:atemp>
            <ns3:hr>156</ns3:hr>
            <ns3:cad>88</ns3:cad>
          </ns3:TrackPointExtension>
        </extensions>
      </trkpt>
      <trkpt lat="22.60459869168698787689208984375" lon="113.88765214942395687103271484375">
        <ele>16.200000762939453125</ele>
        <time>2026-08-23T12:09:07.000Z</time>
        <extensions>
          <ns3:TrackPointExtension>
            <ns3:atemp>31.0</ns3:atemp>
            <ns3:hr>157</ns3:hr>
            <ns3:cad>88</ns3:cad>
          </ns3:TrackPointExtension>
        </extensions>
      </trkpt>
      <trkpt lat="22.60461227037012577056884765625" lon="113.88768400065600872039794921875">
        <ele>16.3999996185302734375</ele>
        <time>2026-08-23T12:09:08.000Z</time>
        <extensions>
          <ns3:TrackPointExtension>
            <ns3:atemp>31.0</ns3:atemp>
            <ns3:hr>157</ns3:hr>
            <ns3:cad>88</ns3:cad>
          </ns3:TrackPointExtension>
        </extensions>
      </trkpt>
      <trkpt lat="22.6046307943761348724365234375" lon="113.8877047039568424224853515625">
        <ele>16.200000762939453125</ele>
        <time>2026-08-23T12:09:09.000Z</time>
        <extensions>
          <ns3:TrackPointExtension>
            <ns3:atemp>31.0</ns3:atemp>
            <ns3:hr>157</ns3:hr>
            <ns3:cad>88</ns3:cad>
          </ns3:TrackPointExtension>
        </extensions>
      </trkpt>
      <trkpt lat="22.604660131037235260009765625" lon="113.8877301849424839019775390625">
        <ele>16.200000762939453125</ele>
        <time>2026-08-23T12:09:10.000Z</time>
        <extensions>
          <ns3:TrackPointExtension>
            <ns3:atemp>31.0</ns3:atemp>
            <ns3:hr>157</ns3:hr>
            <ns3:cad>88</ns3:cad>
          </ns3:TrackPointExtension>
        </extensions>
      </trkpt>
      <trkpt lat="22.6046877913177013397216796875" lon="113.88774351216852664947509765625">
        <ele>16.200000762939453125</ele>
        <time>2026-08-23T12:09:11.000Z</time>
        <extensions>
          <ns3:TrackPointExtension>
            <ns3:atemp>31.0</ns3:atemp>
            <ns3:hr>157</ns3:hr>
            <ns3:cad>88</ns3:cad>
          </ns3:TrackPointExtension>
        </extensions>
      </trkpt>
      <trkpt lat="22.60472349822521209716796875" lon="113.88775885105133056640625">
        <ele>16</ele>
        <time>2026-08-23T12:09:12.000Z</time>
        <extensions>
          <ns3:TrackPointExtension>
            <ns3:atemp>31.0</ns3:atemp>
            <ns3:hr>157</ns3:hr>
            <ns3:cad>88</ns3:cad>
          </ns3:TrackPointExtension>
        </extensions>
      </trkpt>
      <trkpt lat="22.60475568473339080810546875" lon="113.88777016662061214447021484375">
        <ele>16</ele>
        <time>2026-08-23T12:09:13.000Z</time>
        <extensions>
          <ns3:TrackPointExtension>
            <ns3:atemp>31.0</ns3:atemp>
            <ns3:hr>157</ns3:hr>
            <ns3:cad>88</ns3:cad>
          </ns3:TrackPointExtension>
        </extensions>
      </trkpt>
      <trkpt lat="22.60478787124156951904296875" lon="113.88777452521026134490966796875">
        <ele>16</ele>
        <time>2026-08-23T12:09:14.000Z</time>
        <extensions>
          <ns3:TrackPointExtension>
            <ns3:atemp>31.0</ns3:atemp>
            <ns3:hr>157</ns3:hr>
            <ns3:cad>88</ns3:cad>
          </ns3:TrackPointExtension>
        </extensions>
      </trkpt>
      <trkpt lat="22.6048212312161922454833984375" lon="113.8877824880182743072509765625">
        <ele>16.200000762939453125</ele>
        <time>2026-08-23T12:09:15.000Z</time>
        <extensions>
          <ns3:TrackPointExtension>
            <ns3:atemp>31.0</ns3:atemp>
            <ns3:hr>158</ns3:hr>
            <ns3:cad>88</ns3:cad>
          </ns3:TrackPointExtension>
        </extensions>
      </trkpt>
      <trkpt lat="22.60484897531569004058837890625" lon="113.887779302895069122314453125">
        <ele>16.200000762939453125</ele>
        <time>2026-08-23T12:09:16.000Z</time>
        <extensions>
          <ns3:TrackPointExtension>
            <ns3:atemp>31.0</ns3:atemp>
            <ns3:hr>158</ns3:hr>
            <ns3:cad>88</ns3:cad>
          </ns3:TrackPointExtension>
        </extensions>
      </trkpt>
      <trkpt lat="22.60488132946193218231201171875" lon="113.88777871616184711456298828125">
        <ele>16.200000762939453125</ele>
        <time>2026-08-23T12:09:17.000Z</time>
        <extensions>
          <ns3:TrackPointExtension>
            <ns3:atemp>31.0</ns3:atemp>
            <ns3:hr>158</ns3:hr>
            <ns3:cad>88</ns3:cad>
          </ns3:TrackPointExtension>
        </extensions>
      </trkpt>
      <trkpt lat="22.60490546934306621551513671875" lon="113.88776932843029499053955078125">
        <ele>16.200000762939453125</ele>
        <time>2026-08-23T12:09:18.000Z</time>
        <extensions>
          <ns3:TrackPointExtension>
            <ns3:atemp>31.0</ns3:atemp>
            <ns3:hr>159</ns3:hr>
            <ns3:cad>89</ns3:cad>
          </ns3:TrackPointExtension>
        </extensions>
      </trkpt>
      <trkpt lat="22.60494402609765529632568359375" lon="113.887765891849994659423828125">
        <ele>16.200000762939453125</ele>
        <time>2026-08-23T12:09:19.000Z</time>
        <extensions>
          <ns3:TrackPointExtension>
            <ns3:atemp>31.0</ns3:atemp>
            <ns3:hr>159</ns3:hr>
            <ns3:cad>88</ns3:cad>
          </ns3:TrackPointExtension>
        </extensions>
      </trkpt>
      <trkpt lat="22.604970596730709075927734375" lon="113.8877606950700283050537109375">
        <ele>16</ele>
        <time>2026-08-23T12:09:20.000Z</time>
        <extensions>
          <ns3:TrackPointExtension>
            <ns3:atemp>31.0</ns3:atemp>
            <ns3:hr>159</ns3:hr>
            <ns3:cad>88</ns3:cad>
          </ns3:TrackPointExtension>
        </extensions>
      </trkpt>
      <trkpt lat="22.6050126738846302032470703125" lon="113.8877526484429836273193359375">
        <ele>16.200000762939453125</ele>
        <time>2026-08-23T12:09:21.000Z</time>
        <extensions>
          <ns3:TrackPointExtension>
            <ns3:atemp>31.0</ns3:atemp>
            <ns3:hr>159</ns3:hr>
            <ns3:cad>88</ns3:cad>
          </ns3:TrackPointExtension>
        </extensions>
      </trkpt>
      <trkpt lat="22.60503538884222507476806640625" lon="113.88774552382528781890869140625">
        <ele>16.200000762939453125</ele>
        <time>2026-08-23T12:09:22.000Z</time>
        <extensions>
          <ns3:TrackPointExtension>
            <ns3:atemp>31.0</ns3:atemp>
            <ns3:hr>160</ns3:hr>
            <ns3:cad>88</ns3:cad>
          </ns3:TrackPointExtension>
        </extensions>
      </trkpt>
      <trkpt lat="22.6050741970539093017578125" lon="113.88773814775049686431884765625">
        <ele>16.200000762939453125</ele>
        <time>2026-08-23T12:09:23.000Z</time>
        <extensions>
          <ns3:TrackPointExtension>
            <ns3:atemp>31.0</ns3:atemp>
            <ns3:hr>160</ns3:hr>
            <ns3:cad>88</ns3:cad>
          </ns3:TrackPointExtension>
        </extensions>
      </trkpt>
      <trkpt lat="22.60510294698178768157958984375" lon="113.88772540725767612457275390625">
        <ele>16.200000762939453125</ele>
        <time>2026-08-23T12:09:24.000Z</time>
        <extensions>
          <ns3:TrackPointExtension>
            <ns3:atemp>31.0</ns3:atemp>
            <ns3:hr>160</ns3:hr>
            <ns3:cad>88</ns3:cad>
          </ns3:TrackPointExtension>
        </extensions>
      </trkpt>
      <trkpt lat="22.60513865388929843902587890625" lon="113.88771526515483856201171875">
        <ele>16.200000762939453125</ele>
        <time>2026-08-23T12:09:25.000Z</time>
        <extensions>
          <ns3:TrackPointExtension>
            <ns3:atemp>31.0</ns3:atemp>
            <ns3:hr>160</ns3:hr>
            <ns3:cad>88</ns3:cad>
          </ns3:TrackPointExtension>
        </extensions>
      </trkpt>
      <trkpt lat="22.60515759699046611785888671875" lon="113.8876983337104320526123046875">
        <ele>16.3999996185302734375</ele>
        <time>2026-08-23T12:09:26.000Z</time>
        <extensions>
          <ns3:TrackPointExtension>
            <ns3:atemp>31.0</ns3:atemp>
            <ns3:hr>161</ns3:hr>
            <ns3:cad>89</ns3:cad>
          </ns3:TrackPointExtension>
        </extensions>
      </trkpt>
      <trkpt lat="22.6051957346498966217041015625" lon="113.88768601231276988983154296875">
        <ele>16.3999996185302734375</ele>
        <time>2026-08-23T12:09:27.000Z</time>
        <extensions>
          <ns3:TrackPointExtension>
            <ns3:atemp>31.0</ns3:atemp>
            <ns3:hr>161</ns3:hr>
            <ns3:cad>89</ns3:cad>
          </ns3:TrackPointExtension>
        </extensions>
      </trkpt>
      <trkpt lat="22.60522481985390186309814453125" lon="113.8876782171428203582763671875">
        <ele>16.3999996185302734375</ele>
        <time>2026-08-23T12:09:28.000Z</time>
        <extensions>
          <ns3:TrackPointExtension>
            <ns3:atemp>31.0</ns3:atemp>
            <ns3:hr>161</ns3:hr>
            <ns3:cad>89</ns3:cad>
          </ns3:TrackPointExtension>
        </extensions>
      </trkpt>
      <trkpt lat="22.6052594371140003204345703125" lon="113.88766924850642681121826171875">
        <ele>16.3999996185302734375</ele>
        <time>2026-08-23T12:09:29.000Z</time>
        <extensions>
          <ns3:TrackPointExtension>
            <ns3:atemp>31.0</ns3:atemp>
            <ns3:hr>161</ns3:hr>
            <ns3:cad>89</ns3:cad>
          </ns3:TrackPointExtension>
        </extensions>
      </trkpt>
      <trkpt lat="22.605287097394466400146484375" lon="113.88765902258455753326416015625">
        <ele>16.200000762939453125</ele>
        <time>2026-08-23T12:09:30.000Z</time>
        <extensions>
          <ns3:TrackPointExtension>
            <ns3:atemp>31.0</ns3:atemp>
            <ns3:hr>162</ns3:hr>
            <ns3:cad>89</ns3:cad>
          </ns3:TrackPointExtension>
        </extensions>
      </trkpt>
      <trkpt lat="22.60532003827393054962158203125" lon="113.88764812611043453216552734375">
        <ele>16.200000762939453125</ele>
        <time>2026-08-23T12:09:31.000Z</time>
        <extensions>
          <ns3:TrackPointExtension>
            <ns3:atemp>31.0</ns3:atemp>
            <ns3:hr>162</ns3:hr>
            <ns3:cad>89</ns3:cad>
          </ns3:TrackPointExtension>
        </extensions>
      </trkpt>
      <trkpt lat="22.60535021312534809112548828125" lon="113.887638151645660400390625">
        <ele>16.200000762939453125</ele>
        <time>2026-08-23T12:09:32.000Z</time>
        <extensions>
          <ns3:TrackPointExtension>
            <ns3:atemp>31.0</ns3:atemp>
            <ns3:hr>162</ns3:hr>
            <ns3:cad>88</ns3:cad>
          </ns3:TrackPointExtension>
        </extensions>
      </trkpt>
      <trkpt lat="22.60538441129028797149658203125" lon="113.88762599788606166839599609375">
        <ele>16.200000762939453125</ele>
        <time>2026-08-23T12:09:33.000Z</time>
        <extensions>
          <ns3:TrackPointExtension>
            <ns3:atemp>31.0</ns3:atemp>
            <ns3:hr>162</ns3:hr>
            <ns3:cad>89</ns3:cad>
          </ns3:TrackPointExtension>
        </extensions>
      </trkpt>
      <trkpt lat="22.60541391558945178985595703125" lon="113.887619040906429290771484375">
        <ele>16.200000762939453125</ele>
        <time>2026-08-23T12:09:34.000Z</time>
        <extensions>
          <ns3:TrackPointExtension>
            <ns3:atemp>31.0</ns3:atemp>
            <ns3:hr>162</ns3:hr>
            <ns3:cad>88</ns3:cad>
          </ns3:TrackPointExtension>
        </extensions>
      </trkpt>
      <trkpt lat="22.605446018278598785400390625" lon="113.8876141794025897979736328125">
        <ele>16.200000762939453125</ele>
        <time>2026-08-23T12:09:35.000Z</time>
        <extensions>
          <ns3:TrackPointExtension>
            <ns3:atemp>31.0</ns3:atemp>
            <ns3:hr>163</ns3:hr>
            <ns3:cad>88</ns3:cad>
          </ns3:TrackPointExtension>
        </extensions>
      </trkpt>
      <trkpt lat="22.60547778569161891937255859375" lon="113.88760739006102085113525390625">
        <ele>16.200000762939453125</ele>
        <time>2026-08-23T12:09:36.000Z</time>
        <extensions>
          <ns3:TrackPointExtension>
            <ns3:atemp>31.0</ns3:atemp>
            <ns3:hr>163</ns3:hr>
            <ns3:cad>88</ns3:cad>
          </ns3:TrackPointExtension>
        </extensions>
      </trkpt>
      <trkpt lat="22.605506367981433868408203125" lon="113.8875974155962467193603515625">
        <ele>16.200000762939453125</ele>
        <time>2026-08-23T12:09:37.000Z</time>
        <extensions>
          <ns3:TrackPointExtension>
            <ns3:atemp>31.0</ns3:atemp>
            <ns3:hr>163</ns3:hr>
            <ns3:cad>88</ns3:cad>
          </ns3:TrackPointExtension>
        </extensions>
      </trkpt>
      <trkpt lat="22.6055417396128177642822265625" lon="113.8875930570065975189208984375">
        <ele>16.200000762939453125</ele>
        <time>2026-08-23T12:09:38.000Z</time>
        <extensions>
          <ns3:TrackPointExtension>
            <ns3:atemp>31.0</ns3:atemp>
            <ns3:hr>163</ns3:hr>
            <ns3:cad>88</ns3:cad>
          </ns3:TrackPointExtension>
        </extensions>
      </trkpt>
      <trkpt lat="22.6055682264268398284912109375" lon="113.88758040033280849456787109375">
        <ele>16.200000762939453125</ele>
        <time>2026-08-23T12:09:39.000Z</time>
        <extensions>
          <ns3:TrackPointExtension>
            <ns3:atemp>31.0</ns3:atemp>
            <ns3:hr>163</ns3:hr>
            <ns3:cad>88</ns3:cad>
          </ns3:TrackPointExtension>
        </extensions>
      </trkpt>
      <trkpt lat="22.6056034304201602935791015625" lon="113.88757017441093921661376953125">
        <ele>16.200000762939453125</ele>
        <time>2026-08-23T12:09:40.000Z</time>
        <extensions>
          <ns3:TrackPointExtension>
            <ns3:atemp>31.0</ns3:atemp>
            <ns3:hr>164</ns3:hr>
            <ns3:cad>89</ns3:cad>
          </ns3:TrackPointExtension>
        </extensions>
      </trkpt>
      <trkpt lat="22.60562329553067684173583984375" lon="113.88755592517554759979248046875">
        <ele>16</ele>
        <time>2026-08-23T12:09:41.000Z</time>
        <extensions>
          <ns3:TrackPointExtension>
            <ns3:atemp>31.0</ns3:atemp>
            <ns3:hr>164</ns3:hr>
            <ns3:cad>89</ns3:cad>
          </ns3:TrackPointExtension>
        </extensions>
      </trkpt>
      <trkpt lat="22.60565849952399730682373046875" lon="113.88753580860793590545654296875">
        <ele>16.200000762939453125</ele>
        <time>2026-08-23T12:09:42.000Z</time>
        <extensions>
          <ns3:TrackPointExtension>
            <ns3:atemp>31.0</ns3:atemp>
            <ns3:hr>164</ns3:hr>
            <ns3:cad>89</ns3:cad>
          </ns3:TrackPointExtension>
        </extensions>
      </trkpt>
      <trkpt lat="22.60567660443484783172607421875" lon="113.8875182904303073883056640625">
        <ele>16.200000762939453125</ele>
        <time>2026-08-23T12:09:43.000Z</time>
        <extensions>
          <ns3:TrackPointExtension>
            <ns3:atemp>31.0</ns3:atemp>
            <ns3:hr>164</ns3:hr>
            <ns3:cad>88</ns3:cad>
          </ns3:TrackPointExtension>
        </extensions>
      </trkpt>
      <trkpt lat="22.6057053543627262115478515625" lon="113.88749121688306331634521484375">
        <ele>16.200000762939453125</ele>
        <time>2026-08-23T12:09:44.000Z</time>
        <extensions>
          <ns3:TrackPointExtension>
            <ns3:atemp>31.0</ns3:atemp>
            <ns3:hr>164</ns3:hr>
            <ns3:cad>87</ns3:cad>
          </ns3:TrackPointExtension>
        </extensions>
      </trkpt>
      <trkpt lat="22.60571750812232494354248046875" lon="113.887469507753849029541015625">
        <ele>16.200000762939453125</ele>
        <time>2026-08-23T12:09:45.000Z</time>
        <extensions>
          <ns3:TrackPointExtension>
            <ns3:atemp>31.0</ns3:atemp>
            <ns3:hr>164</ns3:hr>
            <ns3:cad>87</ns3:cad>
          </ns3:TrackPointExtension>
        </extensions>
      </trkpt>
      <trkpt lat="22.60573712177574634552001953125" lon="113.8874368183314800262451171875">
        <ele>16.200000762939453125</ele>
        <time>2026-08-23T12:09:46.000Z</time>
        <extensions>
          <ns3:TrackPointExtension>
            <ns3:atemp>31.0</ns3:atemp>
            <ns3:hr>164</ns3:hr>
            <ns3:cad>87</ns3:cad>
          </ns3:TrackPointExtension>
        </extensions>
      </trkpt>
      <trkpt lat="22.60574600659310817718505859375" lon="113.8874093256890773773193359375">
        <ele>16.200000762939453125</ele>
        <time>2026-08-23T12:09:47.000Z</time>
        <extensions>
          <ns3:TrackPointExtension>
            <ns3:atemp>31.0</ns3:atemp>
            <ns3:hr>164</ns3:hr>
            <ns3:cad>87</ns3:cad>
          </ns3:TrackPointExtension>
        </extensions>
      </trkpt>
      <trkpt lat="22.6057546399533748626708984375" lon="113.88737328350543975830078125">
        <ele>16.200000762939453125</ele>
        <time>2026-08-23T12:09:48.000Z</time>
        <extensions>
          <ns3:TrackPointExtension>
            <ns3:atemp>31.0</ns3:atemp>
            <ns3:hr>164</ns3:hr>
            <ns3:cad>88</ns3:cad>
          </ns3:TrackPointExtension>
        </extensions>
      </trkpt>
      <trkpt lat="22.605754472315311431884765625" lon="113.8873409293591976165771484375">
        <ele>16.200000762939453125</ele>
        <time>2026-08-23T12:09:49.000Z</time>
        <extensions>
          <ns3:TrackPointExtension>
            <ns3:atemp>31.0</ns3:atemp>
            <ns3:hr>164</ns3:hr>
            <ns3:cad>88</ns3:cad>
          </ns3:TrackPointExtension>
        </extensions>
      </trkpt>
      <trkpt lat="22.60575438849627971649169921875" lon="113.887300193309783935546875">
        <ele>16.200000762939453125</ele>
        <time>2026-08-23T12:09:50.000Z</time>
        <extensions>
          <ns3:TrackPointExtension>
            <ns3:atemp>31.0</ns3:atemp>
            <ns3:hr>163</ns3:hr>
            <ns3:cad>88</ns3:cad>
          </ns3:TrackPointExtension>
        </extensions>
      </trkpt>
      <trkpt lat="22.60575053282082080841064453125" lon="113.8872658275067806243896484375">
        <ele>16.200000762939453125</ele>
        <time>2026-08-23T12:09:51.000Z</time>
        <extensions>
          <ns3:TrackPointExtension>
            <ns3:atemp>31.0</ns3:atemp>
            <ns3:hr>163</ns3:hr>
            <ns3:cad>88</ns3:cad>
          </ns3:TrackPointExtension>
        </extensions>
      </trkpt>
      <trkpt lat="22.6057415641844272613525390625" lon="113.8872336409986019134521484375">
        <ele>16.200000762939453125</ele>
        <time>2026-08-23T12:09:52.000Z</time>
        <extensions>
          <ns3:TrackPointExtension>
            <ns3:atemp>31.0</ns3:atemp>
            <ns3:hr>163</ns3:hr>
            <ns3:cad>88</ns3:cad>
          </ns3:TrackPointExtension>
        </extensions>
      </trkpt>
      <trkpt lat="22.60572941042482852935791015625" lon="113.887203633785247802734375">
        <ele>16.200000762939453125</ele>
        <time>2026-08-23T12:09:53.000Z</time>
        <extensions>
          <ns3:TrackPointExtension>
            <ns3:atemp>31.0</ns3:atemp>
            <ns3:hr>163</ns3:hr>
            <ns3:cad>88</ns3:cad>
          </ns3:TrackPointExtension>
        </extensions>
      </trkpt>
      <trkpt lat="22.6057112216949462890625" lon="113.887171112000942230224609375">
        <ele>16.200000762939453125</ele>
        <time>2026-08-23T12:09:54.000Z</time>
        <extensions>
          <ns3:TrackPointExtension>
            <ns3:atemp>31.0</ns3:atemp>
            <ns3:hr>163</ns3:hr>
            <ns3:cad>88</ns3:cad>
          </ns3:TrackPointExtension>
        </extensions>
      </trkpt>
      <trkpt lat="22.6056912727653980255126953125" lon="113.8871437869966030120849609375">
        <ele>16.200000762939453125</ele>
        <time>2026-08-23T12:09:55.000Z</time>
        <extensions>
          <ns3:TrackPointExtension>
            <ns3:atemp>31.0</ns3:atemp>
            <ns3:hr>163</ns3:hr>
            <ns3:cad>88</ns3:cad>
          </ns3:TrackPointExtension>
        </extensions>
      </trkpt>
      <trkpt lat="22.60566763579845428466796875" lon="113.887121491134166717529296875">
        <ele>16.200000762939453125</ele>
        <time>2026-08-23T12:09:56.000Z</time>
        <extensions>
          <ns3:TrackPointExtension>
            <ns3:atemp>31.0</ns3:atemp>
            <ns3:hr>162</ns3:hr>
            <ns3:cad>88</ns3:cad>
          </ns3:TrackPointExtension>
        </extensions>
      </trkpt>
      <trkpt lat="22.6056429930031299591064453125" lon="113.8870981894433498382568359375">
        <ele>16.200000762939453125</ele>
        <time>2026-08-23T12:09:57.000Z</time>
        <extensions>
          <ns3:TrackPointExtension>
            <ns3:atemp>31.0</ns3:atemp>
            <ns3:hr>162</ns3:hr>
            <ns3:cad>88</ns3:cad>
          </ns3:TrackPointExtension>
        </extensions>
      </trkpt>
      <trkpt lat="22.60561608709394931793212890625" lon="113.88708469457924365997314453125">
        <ele>16</ele>
        <time>2026-08-23T12:09:58.000Z</time>
        <extensions>
          <ns3:TrackPointExtension>
            <ns3:atemp>31.0</ns3:atemp>
            <ns3:hr>162</ns3:hr>
            <ns3:cad>88</ns3:cad>
          </ns3:TrackPointExtension>
        </extensions>
      </trkpt>
      <trkpt lat="22.60558323003351688385009765625" lon="113.88706675730645656585693359375">
        <ele>16</ele>
        <time>2026-08-23T12:09:59.000Z</time>
        <extensions>
          <ns3:TrackPointExtension>
            <ns3:atemp>31.0</ns3:atemp>
            <ns3:hr>162</ns3:hr>
            <ns3:cad>88</ns3:cad>
          </ns3:TrackPointExtension>
        </extensions>
      </trkpt>
      <trkpt lat="22.605555318295955657958984375" lon="113.8870566152036190032958984375">
        <ele>16</ele>
        <time>2026-08-23T12:10:00.000Z</time>
        <extensions>
          <ns3:TrackPointExtension>
            <ns3:atemp>31.0</ns3:atemp>
            <ns3:hr>162</ns3:hr>
            <ns3:cad>88</ns3:cad>
          </ns3:TrackPointExtension>
        </extensions>
      </trkpt>
      <trkpt lat="22.60551743209362030029296875" lon="113.887044377624988555908203125">
        <ele>16</ele>
        <time>2026-08-23T12:10:01.000Z</time>
        <extensions>
          <ns3:TrackPointExtension>
            <ns3:atemp>31.0</ns3:atemp>
            <ns3:hr>161</ns3:hr>
            <ns3:cad>88</ns3:cad>
          </ns3:TrackPointExtension>
        </extensions>
      </trkpt>
      <trkpt lat="22.6054880954325199127197265625" lon="113.88704965822398662567138671875">
        <ele>16</ele>
        <time>2026-08-23T12:10:02.000Z</time>
        <extensions>
          <ns3:TrackPointExtension>
            <ns3:atemp>31.0</ns3:atemp>
            <ns3:hr>161</ns3:hr>
            <ns3:cad>88</ns3:cad>
          </ns3:TrackPointExtension>
        </extensions>
      </trkpt>
      <trkpt lat="22.60544828139245510101318359375" lon="113.88705401681363582611083984375">
        <ele>16</ele>
        <time>2026-08-23T12:10:03.000Z</time>
        <extensions>
          <ns3:TrackPointExtension>
            <ns3:atemp>31.0</ns3:atemp>
            <ns3:hr>161</ns3:hr>
            <ns3:cad>88</ns3:cad>
          </ns3:TrackPointExtension>
        </extensions>
      </trkpt>
      <trkpt lat="22.6054217107594013214111328125" lon="113.88706558384001255035400390625">
        <ele>16</ele>
        <time>2026-08-23T12:10:04.000Z</time>
        <extensions>
          <ns3:TrackPointExtension>
            <ns3:atemp>31.0</ns3:atemp>
            <ns3:hr>161</ns3:hr>
            <ns3:cad>88</ns3:cad>
          </ns3:TrackPointExtension>
        </extensions>
      </trkpt>
      <trkpt lat="22.605384327471256256103515625" lon="113.8870747201144695281982421875">
        <ele>16</ele>
        <time>2026-08-23T12:10:05.000Z</time>
        <extensions>
          <ns3:TrackPointExtension>
            <ns3:atemp>31.0</ns3:atemp>
            <ns3:hr>161</ns3:hr>
            <ns3:cad>88</ns3:cad>
          </ns3:TrackPointExtension>
        </extensions>
      </trkpt>
      <trkpt lat="22.6053650490939617156982421875" lon="113.88708905316889286041259765625">
        <ele>16</ele>
        <time>2026-08-23T12:10:06.000Z</time>
        <extensions>
          <ns3:TrackPointExtension>
            <ns3:atemp>31.0</ns3:atemp>
            <ns3:hr>161</ns3:hr>
            <ns3:cad>88</ns3:cad>
          </ns3:TrackPointExtension>
        </extensions>
      </trkpt>
      <trkpt lat="22.60532992891967296600341796875" lon="113.8870991952717304229736328125">
        <ele>16</ele>
        <time>2026-08-23T12:10:07.000Z</time>
        <extensions>
          <ns3:TrackPointExtension>
            <ns3:atemp>31.0</ns3:atemp>
            <ns3:hr>161</ns3:hr>
            <ns3:cad>88</ns3:cad>
          </ns3:TrackPointExtension>
        </extensions>
      </trkpt>
      <trkpt lat="22.6053050346672534942626953125" lon="113.8871142826974391937255859375">
        <ele>16</ele>
        <time>2026-08-23T12:10:08.000Z</time>
        <extensions>
          <ns3:TrackPointExtension>
            <ns3:atemp>31.0</ns3:atemp>
            <ns3:hr>161</ns3:hr>
            <ns3:cad>88</ns3:cad>
          </ns3:TrackPointExtension>
        </extensions>
      </trkpt>
      <trkpt lat="22.60526237078011035919189453125" lon="113.8871317170560359954833984375">
        <ele>16</ele>
        <time>2026-08-23T12:10:09.000Z</time>
        <extensions>
          <ns3:TrackPointExtension>
            <ns3:atemp>31.0</ns3:atemp>
            <ns3:hr>161</ns3:hr>
            <ns3:cad>88</ns3:cad>
          </ns3:TrackPointExtension>
        </extensions>
      </trkpt>
      <trkpt lat="22.60523286648094654083251953125" lon="113.8871468044817447662353515625">
        <ele>16</ele>
        <time>2026-08-23T12:10:10.000Z</time>
        <extensions>
          <ns3:TrackPointExtension>
            <ns3:atemp>31.0</ns3:atemp>
            <ns3:hr>161</ns3:hr>
            <ns3:cad>88</ns3:cad>
          </ns3:TrackPointExtension>
        </extensions>
      </trkpt>
      <trkpt lat="22.60519263334572315216064453125" lon="113.8871639035642147064208984375">
        <ele>16</ele>
        <time>2026-08-23T12:10:11.000Z</time>
        <extensions>
          <ns3:TrackPointExtension>
            <ns3:atemp>31.0</ns3:atemp>
            <ns3:hr>161</ns3:hr>
            <ns3:cad>88</ns3:cad>
          </ns3:TrackPointExtension>
        </extensions>
      </trkpt>
      <trkpt lat="22.60516178794205188751220703125" lon="113.887176476418972015380859375">
        <ele>16</ele>
        <time>2026-08-23T12:10:12.000Z</time>
        <extensions>
          <ns3:TrackPointExtension>
            <ns3:atemp>31.0</ns3:atemp>
            <ns3:hr>161</ns3:hr>
            <ns3:cad>88</ns3:cad>
          </ns3:TrackPointExtension>
        </extensions>
      </trkpt>
      <trkpt lat="22.60512658394873142242431640625" lon="113.88718955218791961669921875">
        <ele>16</ele>
        <time>2026-08-23T12:10:13.000Z</time>
        <extensions>
          <ns3:TrackPointExtension>
            <ns3:atemp>31.0</ns3:atemp>
            <ns3:hr>161</ns3:hr>
            <ns3:cad>88</ns3:cad>
          </ns3:TrackPointExtension>
        </extensions>
      </trkpt>
      <trkpt lat="22.60509967803955078125" lon="113.88720120303332805633544921875">
        <ele>16</ele>
        <time>2026-08-23T12:10:14.000Z</time>
        <extensions>
          <ns3:TrackPointExtension>
            <ns3:atemp>31.0</ns3:atemp>
            <ns3:hr>161</ns3:hr>
            <ns3:cad>88</ns3:cad>
          </ns3:TrackPointExtension>
        </extensions>
      </trkpt>
      <trkpt lat="22.605064809322357177734375" lon="113.88721260242164134979248046875">
        <ele>16</ele>
        <time>2026-08-23T12:10:15.000Z</time>
        <extensions>
          <ns3:TrackPointExtension>
            <ns3:atemp>31.0</ns3:atemp>
            <ns3:hr>161</ns3:hr>
            <ns3:cad>88</ns3:cad>
          </ns3:TrackPointExtension>
        </extensions>
      </trkpt>
      <trkpt lat="22.60503597557544708251953125" lon="113.88722098432481288909912109375">
        <ele>16</ele>
        <time>2026-08-23T12:10:16.000Z</time>
        <extensions>
          <ns3:TrackPointExtension>
            <ns3:atemp>31.0</ns3:atemp>
            <ns3:hr>162</ns3:hr>
            <ns3:cad>89</ns3:cad>
          </ns3:TrackPointExtension>
        </extensions>
      </trkpt>
      <trkpt lat="22.60500336997210979461669921875" lon="113.887227438390254974365234375">
        <ele>16</ele>
        <time>2026-08-23T12:10:17.000Z</time>
        <extensions>
          <ns3:TrackPointExtension>
            <ns3:atemp>31.0</ns3:atemp>
            <ns3:hr>162</ns3:hr>
            <ns3:cad>89</ns3:cad>
          </ns3:TrackPointExtension>
        </extensions>
      </trkpt>
      <trkpt lat="22.60497319512069225311279296875" lon="113.88723406009376049041748046875">
        <ele>16</ele>
        <time>2026-08-23T12:10:18.000Z</time>
        <extensions>
          <ns3:TrackPointExtension>
            <ns3:atemp>31.0</ns3:atemp>
            <ns3:hr>161</ns3:hr>
            <ns3:cad>89</ns3:cad>
          </ns3:TrackPointExtension>
        </extensions>
      </trkpt>
      <trkpt lat="22.60493882931768894195556640625" lon="113.88723649084568023681640625">
        <ele>15.80000019073486328125</ele>
        <time>2026-08-23T12:10:19.000Z</time>
        <extensions>
          <ns3:TrackPointExtension>
            <ns3:atemp>31.0</ns3:atemp>
            <ns3:hr>162</ns3:hr>
            <ns3:cad>89</ns3:cad>
          </ns3:TrackPointExtension>
        </extensions>
      </trkpt>
      <trkpt lat="22.604906894266605377197265625" lon="113.88724311254918575286865234375">
        <ele>15.80000019073486328125</ele>
        <time>2026-08-23T12:10:20.000Z</time>
        <extensions>
          <ns3:TrackPointExtension>
            <ns3:atemp>31.0</ns3:atemp>
            <ns3:hr>162</ns3:hr>
            <ns3:cad>89</ns3:cad>
          </ns3:TrackPointExtension>
        </extensions>
      </trkpt>
      <trkpt lat="22.604872696101665496826171875" lon="113.8872507400810718536376953125">
        <ele>15.80000019073486328125</ele>
        <time>2026-08-23T12:10:21.000Z</time>
        <extensions>
          <ns3:TrackPointExtension>
            <ns3:atemp>31.0</ns3:atemp>
            <ns3:hr>162</ns3:hr>
            <ns3:cad>89</ns3:cad>
          </ns3:TrackPointExtension>
        </extensions>
      </trkpt>
      <trkpt lat="22.604839168488979339599609375" lon="113.88725803233683109283447265625">
        <ele>16</ele>
        <time>2026-08-23T12:10:22.000Z</time>
        <extensions>
          <ns3:TrackPointExtension>
            <ns3:atemp>31.0</ns3:atemp>
            <ns3:hr>162</ns3:hr>
            <ns3:cad>89</ns3:cad>
          </ns3:TrackPointExtension>
        </extensions>
      </trkpt>
      <trkpt lat="22.6048058085143566131591796875" lon="113.88726733624935150146484375">
        <ele>16</ele>
        <time>2026-08-23T12:10:23.000Z</time>
        <extensions>
          <ns3:TrackPointExtension>
            <ns3:atemp>31.0</ns3:atemp>
            <ns3:hr>162</ns3:hr>
            <ns3:cad>89</ns3:cad>
          </ns3:TrackPointExtension>
        </extensions>
      </trkpt>
      <trkpt lat="22.6047706045210361480712890625" lon="113.887277729809284210205078125">
        <ele>15.80000019073486328125</ele>
        <time>2026-08-23T12:10:24.000Z</time>
        <extensions>
          <ns3:TrackPointExtension>
            <ns3:atemp>31.0</ns3:atemp>
            <ns3:hr>163</ns3:hr>
            <ns3:cad>89</ns3:cad>
          </ns3:TrackPointExtension>
        </extensions>
      </trkpt>
      <trkpt lat="22.604736573994159698486328125" lon="113.88729306869208812713623046875">
        <ele>16</ele>
        <time>2026-08-23T12:10:25.000Z</time>
        <extensions>
          <ns3:TrackPointExtension>
            <ns3:atemp>31.0</ns3:atemp>
            <ns3:hr>163</ns3:hr>
            <ns3:cad>89</ns3:cad>
          </ns3:TrackPointExtension>
        </extensions>
      </trkpt>
      <trkpt lat="22.60470061562955379486083984375" lon="113.88730849139392375946044921875">
        <ele>16</ele>
        <time>2026-08-23T12:10:26.000Z</time>
        <extensions>
          <ns3:TrackPointExtension>
            <ns3:atemp>31.0</ns3:atemp>
            <ns3:hr>163</ns3:hr>
            <ns3:cad>89</ns3:cad>
          </ns3:TrackPointExtension>
        </extensions>
      </trkpt>
      <trkpt lat="22.60467681102454662322998046875" lon="113.88732969760894775390625">
        <ele>15.80000019073486328125</ele>
        <time>2026-08-23T12:10:27.000Z</time>
        <extensions>
          <ns3:TrackPointExtension>
            <ns3:atemp>31.0</ns3:atemp>
            <ns3:hr>163</ns3:hr>
            <ns3:cad>89</ns3:cad>
          </ns3:TrackPointExtension>
        </extensions>
      </trkpt>
      <trkpt lat="22.6046448759734630584716796875" lon="113.88735182583332061767578125">
        <ele>15.80000019073486328125</ele>
        <time>2026-08-23T12:10:28.000Z</time>
        <extensions>
          <ns3:TrackPointExtension>
            <ns3:atemp>31.0</ns3:atemp>
            <ns3:hr>163</ns3:hr>
            <ns3:cad>89</ns3:cad>
          </ns3:TrackPointExtension>
        </extensions>
      </trkpt>
      <trkpt lat="22.60462693870067596435546875" lon="113.88737638480961322784423828125">
        <ele>15.80000019073486328125</ele>
        <time>2026-08-23T12:10:29.000Z</time>
        <extensions>
          <ns3:TrackPointExtension>
            <ns3:atemp>31.0</ns3:atemp>
            <ns3:hr>163</ns3:hr>
            <ns3:cad>89</ns3:cad>
          </ns3:TrackPointExtension>
        </extensions>
      </trkpt>
      <trkpt lat="22.604601122438907623291015625" lon="113.88740488328039646148681640625">
        <ele>16</ele>
        <time>2026-08-23T12:10:30.000Z</time>
        <extensions>
          <ns3:TrackPointExtension>
            <ns3:atemp>31.0</ns3:atemp>
            <ns3:hr>164</ns3:hr>
            <ns3:cad>89</ns3:cad>
          </ns3:TrackPointExtension>
        </extensions>
      </trkpt>
      <trkpt lat="22.60459047742187976837158203125" lon="113.88742818497121334075927734375">
        <ele>16</ele>
        <time>2026-08-23T12:10:31.000Z</time>
        <extensions>
          <ns3:TrackPointExtension>
            <ns3:atemp>31.0</ns3:atemp>
            <ns3:hr>164</ns3:hr>
            <ns3:cad>89</ns3:cad>
          </ns3:TrackPointExtension>
        </extensions>
      </trkpt>
      <trkpt lat="22.60457471944391727447509765625" lon="113.887466154992580413818359375">
        <ele>16</ele>
        <time>2026-08-23T12:10:32.000Z</time>
        <extensions>
          <ns3:TrackPointExtension>
            <ns3:atemp>31.0</ns3:atemp>
            <ns3:hr>164</ns3:hr>
            <ns3:cad>88</ns3:cad>
          </ns3:TrackPointExtension>
        </extensions>
      </trkpt>
      <trkpt lat="22.60457019321620464324951171875" lon="113.8874919712543487548828125">
        <ele>16</ele>
        <time>2026-08-23T12:10:33.000Z</time>
        <extensions>
          <ns3:TrackPointExtension>
            <ns3:atemp>31.0</ns3:atemp>
            <ns3:hr>164</ns3:hr>
            <ns3:cad>88</ns3:cad>
          </ns3:TrackPointExtension>
        </extensions>
      </trkpt>
      <trkpt lat="22.6045645773410797119140625" lon="113.88753212057054042816162109375">
        <ele>16</ele>
        <time>2026-08-23T12:10:34.000Z</time>
        <extensions>
          <ns3:TrackPointExtension>
            <ns3:atemp>31.0</ns3:atemp>
            <ns3:hr>164</ns3:hr>
            <ns3:cad>88</ns3:cad>
          </ns3:TrackPointExtension>
        </extensions>
      </trkpt>
      <trkpt lat="22.60456793010234832763671875" lon="113.88755776919424533843994140625">
        <ele>15.80000019073486328125</ele>
        <time>2026-08-23T12:10:35.000Z</time>
        <extensions>
          <ns3:TrackPointExtension>
            <ns3:atemp>31.0</ns3:atemp>
            <ns3:hr>163</ns3:hr>
            <ns3:cad>88</ns3:cad>
          </ns3:TrackPointExtension>
        </extensions>
      </trkpt>
      <trkpt lat="22.60457823984324932098388671875" lon="113.8875960744917392730712890625">
        <ele>15.80000019073486328125</ele>
        <time>2026-08-23T12:10:36.000Z</time>
        <extensions>
          <ns3:TrackPointExtension>
            <ns3:atemp>31.0</ns3:atemp>
            <ns3:hr>164</ns3:hr>
            <ns3:cad>88</ns3:cad>
          </ns3:TrackPointExtension>
        </extensions>
      </trkpt>
      <trkpt lat="22.604587711393833160400390625" lon="113.88762348331511020660400390625">
        <ele>15.80000019073486328125</ele>
        <time>2026-08-23T12:10:37.000Z</time>
        <extensions>
          <ns3:TrackPointExtension>
            <ns3:atemp>31.0</ns3:atemp>
            <ns3:hr>164</ns3:hr>
            <ns3:cad>88</ns3:cad>
          </ns3:TrackPointExtension>
        </extensions>
      </trkpt>
      <trkpt lat="22.604605145752429962158203125" lon="113.8876557536423206329345703125">
        <ele>15.80000019073486328125</ele>
        <time>2026-08-23T12:10:38.000Z</time>
        <extensions>
          <ns3:TrackPointExtension>
            <ns3:atemp>31.0</ns3:atemp>
            <ns3:hr>164</ns3:hr>
            <ns3:cad>88</ns3:cad>
          </ns3:TrackPointExtension>
        </extensions>
      </trkpt>
      <trkpt lat="22.604620568454265594482421875" lon="113.88768852688372135162353515625">
        <ele>15.80000019073486328125</ele>
        <time>2026-08-23T12:10:39.000Z</time>
        <extensions>
          <ns3:TrackPointExtension>
            <ns3:atemp>31.0</ns3:atemp>
            <ns3:hr>164</ns3:hr>
            <ns3:cad>88</ns3:cad>
          </ns3:TrackPointExtension>
        </extensions>
      </trkpt>
      <trkpt lat="22.60464680381119251251220703125" lon="113.887712247669696807861328125">
        <ele>15.80000019073486328125</ele>
        <time>2026-08-23T12:10:40.000Z</time>
        <extensions>
          <ns3:TrackPointExtension>
            <ns3:atemp>31.0</ns3:atemp>
            <ns3:hr>164</ns3:hr>
            <ns3:cad>88</ns3:cad>
          </ns3:TrackPointExtension>
        </extensions>
      </trkpt>
      <trkpt lat="22.6046713627874851226806640625" lon="113.8877389021217823028564453125">
        <ele>15.80000019073486328125</ele>
        <time>2026-08-23T12:10:41.000Z</time>
        <extensions>
          <ns3:TrackPointExtension>
            <ns3:atemp>31.0</ns3:atemp>
            <ns3:hr>164</ns3:hr>
            <ns3:cad>88</ns3:cad>
          </ns3:TrackPointExtension>
        </extensions>
      </trkpt>
      <trkpt lat="22.60469843633472919464111328125" lon="113.8877583481371402740478515625">
        <ele>15.80000019073486328125</ele>
        <time>2026-08-23T12:10:42.000Z</time>
        <extensions>
          <ns3:TrackPointExtension>
            <ns3:atemp>31.0</ns3:atemp>
            <ns3:hr>164</ns3:hr>
            <ns3:cad>88</ns3:cad>
          </ns3:TrackPointExtension>
        </extensions>
      </trkpt>
      <trkpt lat="22.604730539023876190185546875" lon="113.887777626514434814453125">
        <ele>15.80000019073486328125</ele>
        <time>2026-08-23T12:10:43.000Z</time>
        <extensions>
          <ns3:TrackPointExtension>
            <ns3:atemp>31.0</ns3:atemp>
            <ns3:hr>164</ns3:hr>
            <ns3:cad>88</ns3:cad>
          </ns3:TrackPointExtension>
        </extensions>
      </trkpt>
      <trkpt lat="22.6047581993043422698974609375" lon="113.88778592459857463836669921875">
        <ele>15.80000019073486328125</ele>
        <time>2026-08-23T12:10:44.000Z</time>
        <extensions>
          <ns3:TrackPointExtension>
            <ns3:atemp>31.0</ns3:atemp>
            <ns3:hr>165</ns3:hr>
            <ns3:cad>88</ns3:cad>
          </ns3:TrackPointExtension>
        </extensions>
      </trkpt>
      <trkpt lat="22.60479063726961612701416015625" lon="113.88779581524431705474853515625">
        <ele>15.80000019073486328125</ele>
        <time>2026-08-23T12:10:45.000Z</time>
        <extensions>
          <ns3:TrackPointExtension>
            <ns3:atemp>31.0</ns3:atemp>
            <ns3:hr>164</ns3:hr>
            <ns3:cad>89</ns3:cad>
          </ns3:TrackPointExtension>
        </extensions>
      </trkpt>
      <trkpt lat="22.6048198901116847991943359375" lon="113.88779866509139537811279296875">
        <ele>15.80000019073486328125</ele>
        <time>2026-08-23T12:10:46.000Z</time>
        <extensions>
          <ns3:TrackPointExtension>
            <ns3:atemp>31.0</ns3:atemp>
            <ns3:hr>164</ns3:hr>
            <ns3:cad>89</ns3:cad>
          </ns3:TrackPointExtension>
        </extensions>
      </trkpt>
      <trkpt lat="22.6048591174185276031494140625" lon="113.8878029398620128631591796875">
        <ele>15.80000019073486328125</ele>
        <time>2026-08-23T12:10:47.000Z</time>
        <extensions>
          <ns3:TrackPointExtension>
            <ns3:atemp>31.0</ns3:atemp>
            <ns3:hr>164</ns3:hr>
            <ns3:cad>89</ns3:cad>
          </ns3:TrackPointExtension>
        </extensions>
      </trkpt>
      <trkpt lat="22.60488870553672313690185546875" lon="113.887792713940143585205078125">
        <ele>15.80000019073486328125</ele>
        <time>2026-08-23T12:10:48.000Z</time>
        <extensions>
          <ns3:TrackPointExtension>
            <ns3:atemp>31.0</ns3:atemp>
            <ns3:hr>165</ns3:hr>
            <ns3:cad>89</ns3:cad>
          </ns3:TrackPointExtension>
        </extensions>
      </trkpt>
      <trkpt lat="22.60493581183254718780517578125" lon="113.88778374530375003814697265625">
        <ele>15.80000019073486328125</ele>
        <time>2026-08-23T12:10:49.000Z</time>
        <extensions>
          <ns3:TrackPointExtension>
            <ns3:atemp>31.0</ns3:atemp>
            <ns3:hr>164</ns3:hr>
            <ns3:cad>89</ns3:cad>
          </ns3:TrackPointExtension>
        </extensions>
      </trkpt>
      <trkpt lat="22.6049674116075038909912109375" lon="113.88777385465800762176513671875">
        <ele>15.80000019073486328125</ele>
        <time>2026-08-23T12:10:50.000Z</time>
        <extensions>
          <ns3:TrackPointExtension>
            <ns3:atemp>31.0</ns3:atemp>
            <ns3:hr>164</ns3:hr>
            <ns3:cad>89</ns3:cad>
          </ns3:TrackPointExtension>
        </extensions>
      </trkpt>
      <trkpt lat="22.605012170970439910888671875" lon="113.887756504118442535400390625">
        <ele>15.80000019073486328125</ele>
        <time>2026-08-23T12:10:51.000Z</time>
        <extensions>
          <ns3:TrackPointExtension>
            <ns3:atemp>31.0</ns3:atemp>
            <ns3:hr>165</ns3:hr>
            <ns3:cad>89</ns3:cad>
          </ns3:TrackPointExtension>
        </extensions>
      </trkpt>
      <trkpt lat="22.6050411723554134368896484375" lon="113.88775021769106388092041015625">
        <ele>15.80000019073486328125</ele>
        <time>2026-08-23T12:10:52.000Z</time>
        <extensions>
          <ns3:TrackPointExtension>
            <ns3:atemp>31.0</ns3:atemp>
            <ns3:hr>165</ns3:hr>
            <ns3:cad>88</ns3:cad>
          </ns3:TrackPointExtension>
        </extensions>
      </trkpt>
      <trkpt lat="22.60508098639547824859619140625" lon="113.8877360522747039794921875">
        <ele>15.80000019073486328125</ele>
        <time>2026-08-23T12:10:53.000Z</time>
        <extensions>
          <ns3:TrackPointExtension>
            <ns3:atemp>31.0</ns3:atemp>
            <ns3:hr>165</ns3:hr>
            <ns3:cad>88</ns3:cad>
          </ns3:TrackPointExtension>
        </extensions>
      </trkpt>
      <trkpt lat="22.60511116124689579010009765625" lon="113.8877268321812152862548828125">
        <ele>15.80000019073486328125</ele>
        <time>2026-08-23T12:10:54.000Z</time>
        <extensions>
          <ns3:TrackPointExtension>
            <ns3:atemp>31.0</ns3:atemp>
            <ns3:hr>165</ns3:hr>
            <ns3:cad>87</ns3:cad>
          </ns3:TrackPointExtension>
        </extensions>
      </trkpt>
      <trkpt lat="22.60514636524021625518798828125" lon="113.8877124153077602386474609375">
        <ele>15.80000019073486328125</ele>
        <time>2026-08-23T12:10:55.000Z</time>
        <extensions>
          <ns3:TrackPointExtension>
            <ns3:atemp>31.0</ns3:atemp>
            <ns3:hr>165</ns3:hr>
            <ns3:cad>87</ns3:cad>
          </ns3:TrackPointExtension>
        </extensions>
      </trkpt>
      <trkpt lat="22.60517184622585773468017578125" lon="113.88770051300525665283203125">
        <ele>15.80000019073486328125</ele>
        <time>2026-08-23T12:10:56.000Z</time>
        <extensions>
          <ns3:TrackPointExtension>
            <ns3:atemp>31.0</ns3:atemp>
            <ns3:hr>165</ns3:hr>
            <ns3:cad>87</ns3:cad>
          </ns3:TrackPointExtension>
        </extensions>
      </trkpt>
      <trkpt lat="22.60520805604755878448486328125" lon="113.88768651522696018218994140625">
        <ele>15.80000019073486328125</ele>
        <time>2026-08-23T12:10:57.000Z</time>
        <extensions>
          <ns3:TrackPointExtension>
            <ns3:atemp>31.0</ns3:atemp>
            <ns3:hr>165</ns3:hr>
            <ns3:cad>88</ns3:cad>
          </ns3:TrackPointExtension>
        </extensions>
      </trkpt>
      <trkpt lat="22.60523906908929347991943359375" lon="113.88767662458121776580810546875">
        <ele>15.80000019073486328125</ele>
        <time>2026-08-23T12:10:58.000Z</time>
        <extensions>
          <ns3:TrackPointExtension>
            <ns3:atemp>31.0</ns3:atemp>
            <ns3:hr>165</ns3:hr>
            <ns3:cad>88</ns3:cad>
          </ns3:TrackPointExtension>
        </extensions>
      </trkpt>
      <trkpt lat="22.60527259670197963714599609375" lon="113.88766673393547534942626953125">
        <ele>15.80000019073486328125</ele>
        <time>2026-08-23T12:10:59.000Z</time>
        <extensions>
          <ns3:TrackPointExtension>
            <ns3:atemp>31.0</ns3:atemp>
            <ns3:hr>166</ns3:hr>
            <ns3:cad>89</ns3:cad>
          </ns3:TrackPointExtension>
        </extensions>
      </trkpt>
      <trkpt lat="22.60530495084822177886962890625" lon="113.88765902258455753326416015625">
        <ele>15.80000019073486328125</ele>
        <time>2026-08-23T12:11:00.000Z</time>
        <extensions>
          <ns3:TrackPointExtension>
            <ns3:atemp>31.0</ns3:atemp>
            <ns3:hr>166</ns3:hr>
            <ns3:cad>89</ns3:cad>
          </ns3:TrackPointExtension>
        </extensions>
      </trkpt>
      <trkpt lat="22.6053385622799396514892578125" lon="113.88764795847237110137939453125">
        <ele>16</ele>
        <time>2026-08-23T12:11:01.000Z</time>
        <extensions>
          <ns3:TrackPointExtension>
            <ns3:atemp>31.0</ns3:atemp>
            <ns3:hr>166</ns3:hr>
            <ns3:cad>88</ns3:cad>
          </ns3:TrackPointExtension>
        </extensions>
      </trkpt>
      <trkpt lat="22.60537468828260898590087890625" lon="113.88763907365500926971435546875">
        <ele>16</ele>
        <time>2026-08-23T12:11:02.000Z</time>
        <extensions>
          <ns3:TrackPointExtension>
            <ns3:atemp>31.0</ns3:atemp>
            <ns3:hr>167</ns3:hr>
            <ns3:cad>88</ns3:cad>
          </ns3:TrackPointExtension>
        </extensions>
      </trkpt>
      <trkpt lat="22.60540746152400970458984375" lon="113.8876262493431568145751953125">
        <ele>15.80000019073486328125</ele>
        <time>2026-08-23T12:11:03.000Z</time>
        <extensions>
          <ns3:TrackPointExtension>
            <ns3:atemp>31.0</ns3:atemp>
            <ns3:hr>167</ns3:hr>
            <ns3:cad>88</ns3:cad>
          </ns3:TrackPointExtension>
        </extensions>
      </trkpt>
      <trkpt lat="22.60544157586991786956787109375" lon="113.88761694543063640594482421875">
        <ele>16</ele>
        <time>2026-08-23T12:11:04.000Z</time>
        <extensions>
          <ns3:TrackPointExtension>
            <ns3:atemp>31.0</ns3:atemp>
            <ns3:hr>168</ns3:hr>
            <ns3:cad>88</ns3:cad>
          </ns3:TrackPointExtension>
        </extensions>
      </trkpt>
      <trkpt lat="22.605470158159732818603515625" lon="113.88760856352746486663818359375">
        <ele>16</ele>
        <time>2026-08-23T12:11:05.000Z</time>
        <extensions>
          <ns3:TrackPointExtension>
            <ns3:atemp>31.0</ns3:atemp>
            <ns3:hr>168</ns3:hr>
            <ns3:cad>88</ns3:cad>
          </ns3:TrackPointExtension>
        </extensions>
      </trkpt>
      <trkpt lat="22.60550863109529018402099609375" lon="113.887603282928466796875">
        <ele>16</ele>
        <time>2026-08-23T12:11:06.000Z</time>
        <extensions>
          <ns3:TrackPointExtension>
            <ns3:atemp>31.0</ns3:atemp>
            <ns3:hr>169</ns3:hr>
            <ns3:cad>88</ns3:cad>
          </ns3:TrackPointExtension>
        </extensions>
      </trkpt>
      <trkpt lat="22.60554023087024688720703125" lon="113.8875900395214557647705078125">
        <ele>16</ele>
        <time>2026-08-23T12:11:07.000Z</time>
        <extensions>
          <ns3:TrackPointExtension>
            <ns3:atemp>31.0</ns3:atemp>
            <ns3:hr>170</ns3:hr>
            <ns3:cad>88</ns3:cad>
          </ns3:TrackPointExtension>
        </extensions>
      </trkpt>
      <trkpt lat="22.6055789552628993988037109375" lon="113.887582160532474517822265625">
        <ele>16</ele>
        <time>2026-08-23T12:11:08.000Z</time>
        <extensions>
          <ns3:TrackPointExtension>
            <ns3:atemp>31.0</ns3:atemp>
            <ns3:hr>171</ns3:hr>
            <ns3:cad>88</ns3:cad>
          </ns3:TrackPointExtension>
        </extensions>
      </trkpt>
      <trkpt lat="22.605605609714984893798828125" lon="113.887564055621623992919921875">
        <ele>16</ele>
        <time>2026-08-23T12:11:09.000Z</time>
        <extensions>
          <ns3:TrackPointExtension>
            <ns3:atemp>31.0</ns3:atemp>
            <ns3:hr>172</ns3:hr>
            <ns3:cad>88</ns3:cad>
          </ns3:TrackPointExtension>
        </extensions>
      </trkpt>
      <trkpt lat="22.60564140044152736663818359375" lon="113.8875496387481689453125">
        <ele>15.80000019073486328125</ele>
        <time>2026-08-23T12:11:10.000Z</time>
        <extensions>
          <ns3:TrackPointExtension>
            <ns3:atemp>31.0</ns3:atemp>
            <ns3:hr>173</ns3:hr>
            <ns3:cad>88</ns3:cad>
          </ns3:TrackPointExtension>
        </extensions>
      </trkpt>
      <trkpt lat="22.60566336102783679962158203125" lon="113.88753295876085758209228515625">
        <ele>15.80000019073486328125</ele>
        <time>2026-08-23T12:11:11.000Z</time>
        <extensions>
          <ns3:TrackPointExtension>
            <ns3:atemp>31.0</ns3:atemp>
            <ns3:hr>174</ns3:hr>
            <ns3:cad>89</ns3:cad>
          </ns3:TrackPointExtension>
        </extensions>
      </trkpt>
      <trkpt lat="22.60569303296506404876708984375" lon="113.88750932179391384124755859375">
        <ele>15.6000003814697265625</ele>
        <time>2026-08-23T12:11:12.000Z</time>
        <extensions>
          <ns3:TrackPointExtension>
            <ns3:atemp>31.0</ns3:atemp>
            <ns3:hr>174</ns3:hr>
            <ns3:cad>89</ns3:cad>
          </ns3:TrackPointExtension>
        </extensions>
      </trkpt>
      <trkpt lat="22.6057070307433605194091796875" lon="113.88748702593147754669189453125">
        <ele>15.6000003814697265625</ele>
        <time>2026-08-23T12:11:13.000Z</time>
        <extensions>
          <ns3:TrackPointExtension>
            <ns3:atemp>31.0</ns3:atemp>
            <ns3:hr>174</ns3:hr>
            <ns3:cad>88</ns3:cad>
          </ns3:TrackPointExtension>
        </extensions>
      </trkpt>
      <trkpt lat="22.6057325117290019989013671875" lon="113.88745282776653766632080078125">
        <ele>15.6000003814697265625</ele>
        <time>2026-08-23T12:11:14.000Z</time>
        <extensions>
          <ns3:TrackPointExtension>
            <ns3:atemp>31.0</ns3:atemp>
            <ns3:hr>173</ns3:hr>
            <ns3:cad>88</ns3:cad>
          </ns3:TrackPointExtension>
        </extensions>
      </trkpt>
      <trkpt lat="22.6057420670986175537109375" lon="113.887428604066371917724609375">
        <ele>15.6000003814697265625</ele>
        <time>2026-08-23T12:11:15.000Z</time>
        <extensions>
          <ns3:TrackPointExtension>
            <ns3:atemp>31.0</ns3:atemp>
            <ns3:hr>173</ns3:hr>
            <ns3:cad>88</ns3:cad>
          </ns3:TrackPointExtension>
        </extensions>
      </trkpt>
      <trkpt lat="22.60575723834335803985595703125" lon="113.8873972557485103607177734375">
        <ele>15.6000003814697265625</ele>
        <time>2026-08-23T12:11:16.000Z</time>
        <extensions>
          <ns3:TrackPointExtension>
            <ns3:atemp>31.0</ns3:atemp>
            <ns3:hr>173</ns3:hr>
            <ns3:cad>88</ns3:cad>
          </ns3:TrackPointExtension>
        </extensions>
      </trkpt>
      <trkpt lat="22.6057596690952777862548828125" lon="113.8873714394867420196533203125">
        <ele>15.80000019073486328125</ele>
        <time>2026-08-23T12:11:17.000Z</time>
        <extensions>
          <ns3:TrackPointExtension>
            <ns3:atemp>31.0</ns3:atemp>
            <ns3:hr>173</ns3:hr>
            <ns3:cad>88</ns3:cad>
          </ns3:TrackPointExtension>
        </extensions>
      </trkpt>
      <trkpt lat="22.60576344095170497894287109375" lon="113.8873310387134552001953125">
        <ele>15.80000019073486328125</ele>
        <time>2026-08-23T12:11:18.000Z</time>
        <extensions>
          <ns3:TrackPointExtension>
            <ns3:atemp>31.0</ns3:atemp>
            <ns3:hr>172</ns3:hr>
            <ns3:cad>88</ns3:cad>
          </ns3:TrackPointExtension>
        </extensions>
      </trkpt>
      <trkpt lat="22.60575824417173862457275390625" lon="113.88729860074818134307861328125">
        <ele>15.80000019073486328125</ele>
        <time>2026-08-23T12:11:19.000Z</time>
        <extensions>
          <ns3:TrackPointExtension>
            <ns3:atemp>31.0</ns3:atemp>
            <ns3:hr>172</ns3:hr>
            <ns3:cad>88</ns3:cad>
          </ns3:TrackPointExtension>
        </extensions>
      </trkpt>
      <trkpt lat="22.60575002990663051605224609375" lon="113.8872559368610382080078125">
        <ele>15.80000019073486328125</ele>
        <time>2026-08-23T12:11:20.000Z</time>
        <extensions>
          <ns3:TrackPointExtension>
            <ns3:atemp>31.0</ns3:atemp>
            <ns3:hr>172</ns3:hr>
            <ns3:cad>88</ns3:cad>
          </ns3:TrackPointExtension>
        </extensions>
      </trkpt>
      <trkpt lat="22.605736367404460906982421875" lon="113.8872276060283184051513671875">
        <ele>15.80000019073486328125</ele>
        <time>2026-08-23T12:11:21.000Z</time>
        <extensions>
          <ns3:TrackPointExtension>
            <ns3:atemp>31.0</ns3:atemp>
            <ns3:hr>172</ns3:hr>
            <ns3:cad>88</ns3:cad>
          </ns3:TrackPointExtension>
        </extensions>
      </trkpt>
      <trkpt lat="22.6057157479226589202880859375" lon="113.8871867023408412933349609375">
        <ele>15.80000019073486328125</ele>
        <time>2026-08-23T12:11:22.000Z</time>
        <extensions>
          <ns3:TrackPointExtension>
            <ns3:atemp>31.0</ns3:atemp>
            <ns3:hr>171</ns3:hr>
            <ns3:cad>88</ns3:cad>
          </ns3:TrackPointExtension>
        </extensions>
      </trkpt>
      <trkpt lat="22.60569219477474689483642578125" lon="113.88715912587940692901611328125">
        <ele>15.80000019073486328125</ele>
        <time>2026-08-23T12:11:23.000Z</time>
        <extensions>
          <ns3:TrackPointExtension>
            <ns3:atemp>31.0</ns3:atemp>
            <ns3:hr>172</ns3:hr>
            <ns3:cad>88</ns3:cad>
          </ns3:TrackPointExtension>
        </extensions>
      </trkpt>
      <trkpt lat="22.605665288865566253662109375" lon="113.88712559826672077178955078125">
        <ele>15.80000019073486328125</ele>
        <time>2026-08-23T12:11:24.000Z</time>
        <extensions>
          <ns3:TrackPointExtension>
            <ns3:atemp>31.0</ns3:atemp>
            <ns3:hr>172</ns3:hr>
            <ns3:cad>88</ns3:cad>
          </ns3:TrackPointExtension>
        </extensions>
      </trkpt>
      <trkpt lat="22.60564039461314678192138671875" lon="113.887110091745853424072265625">
        <ele>15.80000019073486328125</ele>
        <time>2026-08-23T12:11:25.000Z</time>
        <extensions>
          <ns3:TrackPointExtension>
            <ns3:atemp>31.0</ns3:atemp>
            <ns3:hr>172</ns3:hr>
            <ns3:cad>88</ns3:cad>
          </ns3:TrackPointExtension>
        </extensions>
      </trkpt>
      <trkpt lat="22.60560736991465091705322265625" lon="113.8870851136744022369384765625">
        <ele>15.80000019073486328125</ele>
        <time>2026-08-23T12:11:26.000Z</time>
        <extensions>
          <ns3:TrackPointExtension>
            <ns3:atemp>31.0</ns3:atemp>
            <ns3:hr>172</ns3:hr>
            <ns3:cad>88</ns3:cad>
          </ns3:TrackPointExtension>
        </extensions>
      </trkpt>
      <trkpt lat="22.60557635687291622161865234375" lon="113.88707044534385204315185546875">
        <ele>15.80000019073486328125</ele>
        <time>2026-08-23T12:11:27.000Z</time>
        <extensions>
          <ns3:TrackPointExtension>
            <ns3:atemp>31.0</ns3:atemp>
            <ns3:hr>173</ns3:hr>
            <ns3:cad>88</ns3:cad>
          </ns3:TrackPointExtension>
        </extensions>
      </trkpt>
      <trkpt lat="22.6055395603179931640625" lon="113.88705619610846042633056640625">
        <ele>15.80000019073486328125</ele>
        <time>2026-08-23T12:11:28.000Z</time>
        <extensions>
          <ns3:TrackPointExtension>
            <ns3:atemp>31.0</ns3:atemp>
            <ns3:hr>173</ns3:hr>
            <ns3:cad>88</ns3:cad>
          </ns3:TrackPointExtension>
        </extensions>
      </trkpt>
      <trkpt lat="22.605505697429180145263671875" lon="113.8870532624423503875732421875">
        <ele>15.6000003814697265625</ele>
        <time>2026-08-23T12:11:29.000Z</time>
        <extensions>
          <ns3:TrackPointExtension>
            <ns3:atemp>31.0</ns3:atemp>
            <ns3:hr>173</ns3:hr>
            <ns3:cad>88</ns3:cad>
          </ns3:TrackPointExtension>
        </extensions>
      </trkpt>
      <trkpt lat="22.60546110570430755615234375" lon="113.88705552555620670318603515625">
        <ele>15.6000003814697265625</ele>
        <time>2026-08-23T12:11:30.000Z</time>
        <extensions>
          <ns3:TrackPointExtension>
            <ns3:atemp>31.0</ns3:atemp>
            <ns3:hr>173</ns3:hr>
            <ns3:cad>89</ns3:cad>
          </ns3:TrackPointExtension>
        </extensions>
      </trkpt>
      <trkpt lat="22.60543151758611202239990234375" lon="113.88706751167774200439453125">
        <ele>15.6000003814697265625</ele>
        <time>2026-08-23T12:11:31.000Z</time>
        <extensions>
          <ns3:TrackPointExtension>
            <ns3:atemp>31.0</ns3:atemp>
            <ns3:hr>172</ns3:hr>
            <ns3:cad>89</ns3:cad>
          </ns3:TrackPointExtension>
        </extensions>
      </trkpt>
      <trkpt lat="22.605391032993793487548828125" lon="113.8870762288570404052734375">
        <ele>15.6000003814697265625</ele>
        <time>2026-08-23T12:11:32.000Z</time>
        <extensions>
          <ns3:TrackPointExtension>
            <ns3:atemp>30.0</ns3:atemp>
            <ns3:hr>172</ns3:hr>
            <ns3:cad>89</ns3:cad>
          </ns3:TrackPointExtension>
        </extensions>
      </trkpt>
      <trkpt lat="22.60536395944654941558837890625" lon="113.88708452694118022918701171875">
        <ele>15.80000019073486328125</ele>
        <time>2026-08-23T12:11:33.000Z</time>
        <extensions>
          <ns3:TrackPointExtension>
            <ns3:atemp>30.0</ns3:atemp>
            <ns3:hr>172</ns3:hr>
            <ns3:cad>89</ns3:cad>
          </ns3:TrackPointExtension>
        </extensions>
      </trkpt>
      <trkpt lat="22.605330683290958404541015625" lon="113.88709642924368381500244140625">
        <ele>15.80000019073486328125</ele>
        <time>2026-08-23T12:11:34.000Z</time>
        <extensions>
          <ns3:TrackPointExtension>
            <ns3:atemp>31.0</ns3:atemp>
            <ns3:hr>173</ns3:hr>
            <ns3:cad>89</ns3:cad>
          </ns3:TrackPointExtension>
        </extensions>
      </trkpt>
      <trkpt lat="22.6053048670291900634765625" lon="113.88711176812648773193359375">
        <ele>15.80000019073486328125</ele>
        <time>2026-08-23T12:11:35.000Z</time>
        <extensions>
          <ns3:TrackPointExtension>
            <ns3:atemp>31.0</ns3:atemp>
            <ns3:hr>172</ns3:hr>
            <ns3:cad>89</ns3:cad>
          </ns3:TrackPointExtension>
        </extensions>
      </trkpt>
      <trkpt lat="22.6052748598158359527587890625" lon="113.8871271908283233642578125">
        <ele>15.80000019073486328125</ele>
        <time>2026-08-23T12:11:36.000Z</time>
        <extensions>
          <ns3:TrackPointExtension>
            <ns3:atemp>31.0</ns3:atemp>
            <ns3:hr>172</ns3:hr>
            <ns3:cad>89</ns3:cad>
          </ns3:TrackPointExtension>
        </extensions>
      </trkpt>
      <trkpt lat="22.6052431762218475341796875" lon="113.88713934458792209625244140625">
        <ele>15.6000003814697265625</ele>
        <time>2026-08-23T12:11:37.000Z</time>
        <extensions>
          <ns3:TrackPointExtension>
            <ns3:atemp>31.0</ns3:atemp>
            <ns3:hr>173</ns3:hr>
            <ns3:cad>88</ns3:cad>
          </ns3:TrackPointExtension>
        </extensions>
      </trkpt>
      <trkpt lat="22.60521040298044681549072265625" lon="113.8871528394520282745361328125">
        <ele>15.6000003814697265625</ele>
        <time>2026-08-23T12:11:38.000Z</time>
        <extensions>
          <ns3:TrackPointExtension>
            <ns3:atemp>31.0</ns3:atemp>
            <ns3:hr>173</ns3:hr>
            <ns3:cad>88</ns3:cad>
          </ns3:TrackPointExtension>
        </extensions>
      </trkpt>
      <trkpt lat="22.605178467929363250732421875" lon="113.887160383164882659912109375">
        <ele>15.6000003814697265625</ele>
        <time>2026-08-23T12:11:39.000Z</time>
        <extensions>
          <ns3:TrackPointExtension>
            <ns3:atemp>31.0</ns3:atemp>
            <ns3:hr>173</ns3:hr>
            <ns3:cad>88</ns3:cad>
          </ns3:TrackPointExtension>
        </extensions>
      </trkpt>
      <trkpt lat="22.60515122674405574798583984375" lon="113.8871726207435131072998046875">
        <ele>15.6000003814697265625</ele>
        <time>2026-08-23T12:11:40.000Z</time>
        <extensions>
          <ns3:TrackPointExtension>
            <ns3:atemp>31.0</ns3:atemp>
            <ns3:hr>173</ns3:hr>
            <ns3:cad>89</ns3:cad>
          </ns3:TrackPointExtension>
        </extensions>
      </trkpt>
      <trkpt lat="22.6051156036555767059326171875" lon="113.88717345893383026123046875">
        <ele>15.6000003814697265625</ele>
        <time>2026-08-23T12:11:41.000Z</time>
        <extensions>
          <ns3:TrackPointExtension>
            <ns3:atemp>30.0</ns3:atemp>
            <ns3:hr>172</ns3:hr>
            <ns3:cad>88</ns3:cad>
          </ns3:TrackPointExtension>
        </extensions>
      </trkpt>
      <trkpt lat="22.605091296136379241943359375" lon="113.88718158937990665435791015625">
        <ele>15.6000003814697265625</ele>
        <time>2026-08-23T12:11:42.000Z</time>
        <extensions>
          <ns3:TrackPointExtension>
            <ns3:atemp>30.0</ns3:atemp>
            <ns3:hr>173</ns3:hr>
            <ns3:cad>88</ns3:cad>
          </ns3:TrackPointExtension>
        </extensions>
      </trkpt>
      <trkpt lat="22.60505475103855133056640625" lon="113.88718544505536556243896484375">
        <ele>15.6000003814697265625</ele>
        <time>2026-08-23T12:11:43.000Z</time>
        <extensions>
          <ns3:TrackPointExtension>
            <ns3:atemp>31.0</ns3:atemp>
            <ns3:hr>172</ns3:hr>
            <ns3:cad>89</ns3:cad>
          </ns3:TrackPointExtension>
        </extensions>
      </trkpt>
      <trkpt lat="22.60502868331968784332275390625" lon="113.8871957547962665557861328125">
        <ele>15.6000003814697265625</ele>
        <time>2026-08-23T12:11:44.000Z</time>
        <extensions>
          <ns3:TrackPointExtension>
            <ns3:atemp>31.0</ns3:atemp>
            <ns3:hr>172</ns3:hr>
            <ns3:cad>88</ns3:cad>
          </ns3:TrackPointExtension>
        </extensions>
      </trkpt>
      <trkpt lat="22.60499096475541591644287109375" lon="113.88720254413783550262451171875">
        <ele>15.6000003814697265625</ele>
        <time>2026-08-23T12:11:45.000Z</time>
        <extensions>
          <ns3:TrackPointExtension>
            <ns3:atemp>30.0</ns3:atemp>
            <ns3:hr>172</ns3:hr>
            <ns3:cad>88</ns3:cad>
          </ns3:TrackPointExtension>
        </extensions>
      </trkpt>
      <trkpt lat="22.60496464557945728302001953125" lon="113.88721377588808536529541015625">
        <ele>15.6000003814697265625</ele>
        <time>2026-08-23T12:11:46.000Z</time>
        <extensions>
          <ns3:TrackPointExtension>
            <ns3:atemp>31.0</ns3:atemp>
            <ns3:hr>173</ns3:hr>
            <ns3:cad>88</ns3:cad>
          </ns3:TrackPointExtension>
        </extensions>
      </trkpt>
      <trkpt lat="22.60492508299648761749267578125" lon="113.887222744524478912353515625">
        <ele>15.6000003814697265625</ele>
        <time>2026-08-23T12:11:47.000Z</time>
        <extensions>
          <ns3:TrackPointExtension>
            <ns3:atemp>31.0</ns3:atemp>
            <ns3:hr>172</ns3:hr>
            <ns3:cad>88</ns3:cad>
          </ns3:TrackPointExtension>
        </extensions>
      </trkpt>
      <trkpt lat="22.6048959977924823760986328125" lon="113.88723649084568023681640625">
        <ele>15.6000003814697265625</ele>
        <time>2026-08-23T12:11:48.000Z</time>
        <extensions>
          <ns3:TrackPointExtension>
            <ns3:atemp>31.0</ns3:atemp>
            <ns3:hr>172</ns3:hr>
            <ns3:cad>88</ns3:cad>
          </ns3:TrackPointExtension>
        </extensions>
      </trkpt>
      <trkpt lat="22.604857273399829864501953125" lon="113.88724713586270809173583984375">
        <ele>15.6000003814697265625</ele>
        <time>2026-08-23T12:11:49.000Z</time>
        <extensions>
          <ns3:TrackPointExtension>
            <ns3:atemp>30.0</ns3:atemp>
            <ns3:hr>172</ns3:hr>
            <ns3:cad>88</ns3:cad>
          </ns3:TrackPointExtension>
        </extensions>
      </trkpt>
      <trkpt lat="22.604825086891651153564453125" lon="113.88725317083299160003662109375">
        <ele>15.6000003814697265625</ele>
        <time>2026-08-23T12:11:50.000Z</time>
        <extensions>
          <ns3:TrackPointExtension>
            <ns3:atemp>30.0</ns3:atemp>
            <ns3:hr>172</ns3:hr>
            <ns3:cad>88</ns3:cad>
          </ns3:TrackPointExtension>
        </extensions>
      </trkpt>
      <trkpt lat="22.6047900505363941192626953125" lon="113.8872641511261463165283203125">
        <ele>15.6000003814697265625</ele>
        <time>2026-08-23T12:11:51.000Z</time>
        <extensions>
          <ns3:TrackPointExtension>
            <ns3:atemp>30.0</ns3:atemp>
            <ns3:hr>172</ns3:hr>
            <ns3:cad>89</ns3:cad>
          </ns3:TrackPointExtension>
        </extensions>
      </trkpt>
      <trkpt lat="22.60475568473339080810546875" lon="113.887272365391254425048828125">
        <ele>15.6000003814697265625</ele>
        <time>2026-08-23T12:11:52.000Z</time>
        <extensions>
          <ns3:TrackPointExtension>
            <ns3:atemp>30.0</ns3:atemp>
            <ns3:hr>172</ns3:hr>
            <ns3:cad>89</ns3:cad>
          </ns3:TrackPointExtension>
        </extensions>
      </trkpt>
      <trkpt lat="22.60472022928297519683837890625" lon="113.887289129197597503662109375">
        <ele>15.3999996185302734375</ele>
        <time>2026-08-23T12:11:53.000Z</time>
        <extensions>
          <ns3:TrackPointExtension>
            <ns3:atemp>30.0</ns3:atemp>
            <ns3:hr>172</ns3:hr>
            <ns3:cad>89</ns3:cad>
          </ns3:TrackPointExtension>
        </extensions>
      </trkpt>
      <trkpt lat="22.60468594729900360107421875" lon="113.88730916194617748260498046875">
        <ele>15.3999996185302734375</ele>
        <time>2026-08-23T12:11:54.000Z</time>
        <extensions>
          <ns3:TrackPointExtension>
            <ns3:atemp>30.0</ns3:atemp>
            <ns3:hr>172</ns3:hr>
            <ns3:cad>89</ns3:cad>
          </ns3:TrackPointExtension>
        </extensions>
      </trkpt>
      <trkpt lat="22.60465443134307861328125" lon="113.887332044541835784912109375">
        <ele>15.3999996185302734375</ele>
        <time>2026-08-23T12:11:55.000Z</time>
        <extensions>
          <ns3:TrackPointExtension>
            <ns3:atemp>31.0</ns3:atemp>
            <ns3:hr>172</ns3:hr>
            <ns3:cad>89</ns3:cad>
          </ns3:TrackPointExtension>
        </extensions>
      </trkpt>
      <trkpt lat="22.60462400503456592559814453125" lon="113.88735719025135040283203125">
        <ele>15.3999996185302734375</ele>
        <time>2026-08-23T12:11:56.000Z</time>
        <extensions>
          <ns3:TrackPointExtension>
            <ns3:atemp>30.0</ns3:atemp>
            <ns3:hr>172</ns3:hr>
            <ns3:cad>89</ns3:cad>
          </ns3:TrackPointExtension>
        </extensions>
      </trkpt>
      <trkpt lat="22.604603134095668792724609375" lon="113.88738334178924560546875">
        <ele>15.3999996185302734375</ele>
        <time>2026-08-23T12:11:57.000Z</time>
        <extensions>
          <ns3:TrackPointExtension>
            <ns3:atemp>30.0</ns3:atemp>
            <ns3:hr>172</ns3:hr>
            <ns3:cad>89</ns3:cad>
          </ns3:TrackPointExtension>
        </extensions>
      </trkpt>
      <trkpt lat="22.60458863340318202972412109375" lon="113.88741108588874340057373046875">
        <ele>15.3999996185302734375</ele>
        <time>2026-08-23T12:11:58.000Z</time>
        <extensions>
          <ns3:TrackPointExtension>
            <ns3:atemp>30.0</ns3:atemp>
            <ns3:hr>171</ns3:hr>
            <ns3:cad>89</ns3:cad>
          </ns3:TrackPointExtension>
        </extensions>
      </trkpt>
      <trkpt lat="22.60458259843289852142333984375" lon="113.8874445296823978424072265625">
        <ele>15.3999996185302734375</ele>
        <time>2026-08-23T12:11:59.000Z</time>
        <extensions>
          <ns3:TrackPointExtension>
            <ns3:atemp>30.0</ns3:atemp>
            <ns3:hr>171</ns3:hr>
            <ns3:cad>89</ns3:cad>
          </ns3:TrackPointExtension>
        </extensions>
      </trkpt>
      <trkpt lat="22.60458209551870822906494140625" lon="113.88748099096119403839111328125">
        <ele>15.3999996185302734375</ele>
        <time>2026-08-23T12:12:00.000Z</time>
        <extensions>
          <ns3:TrackPointExtension>
            <ns3:atemp>30.0</ns3:atemp>
            <ns3:hr>171</ns3:hr>
            <ns3:cad>89</ns3:cad>
          </ns3:TrackPointExtension>
        </extensions>
      </trkpt>
      <trkpt lat="22.60458209551870822906494140625" lon="113.88751334510743618011474609375">
        <ele>15.3999996185302734375</ele>
        <time>2026-08-23T12:12:01.000Z</time>
        <extensions>
          <ns3:TrackPointExtension>
            <ns3:atemp>30.0</ns3:atemp>
            <ns3:hr>171</ns3:hr>
            <ns3:cad>89</ns3:cad>
          </ns3:TrackPointExtension>
        </extensions>
      </trkpt>
      <trkpt lat="22.604585029184818267822265625" lon="113.88754787854850292205810546875">
        <ele>15.3999996185302734375</ele>
        <time>2026-08-23T12:12:02.000Z</time>
        <extensions>
          <ns3:TrackPointExtension>
            <ns3:atemp>30.0</ns3:atemp>
            <ns3:hr>172</ns3:hr>
            <ns3:cad>89</ns3:cad>
          </ns3:TrackPointExtension>
        </extensions>
      </trkpt>
      <trkpt lat="22.60459064505994319915771484375" lon="113.887578807771205902099609375">
        <ele>15.6000003814697265625</ele>
        <time>2026-08-23T12:12:03.000Z</time>
        <extensions>
          <ns3:TrackPointExtension>
            <ns3:atemp>30.0</ns3:atemp>
            <ns3:hr>171</ns3:hr>
            <ns3:cad>88</ns3:cad>
          </ns3:TrackPointExtension>
        </extensions>
      </trkpt>
      <trkpt lat="22.6045972667634487152099609375" lon="113.88761091046035289764404296875">
        <ele>15.6000003814697265625</ele>
        <time>2026-08-23T12:12:04.000Z</time>
        <extensions>
          <ns3:TrackPointExtension>
            <ns3:atemp>30.0</ns3:atemp>
            <ns3:hr>171</ns3:hr>
            <ns3:cad>88</ns3:cad>
          </ns3:TrackPointExtension>
        </extensions>
      </trkpt>
      <trkpt lat="22.60461009107530117034912109375" lon="113.887636475265026092529296875">
        <ele>15.6000003814697265625</ele>
        <time>2026-08-23T12:12:05.000Z</time>
        <extensions>
          <ns3:TrackPointExtension>
            <ns3:atemp>31.0</ns3:atemp>
            <ns3:hr>171</ns3:hr>
            <ns3:cad>89</ns3:cad>
          </ns3:TrackPointExtension>
        </extensions>
      </trkpt>
      <trkpt lat="22.60462584905326366424560546875" lon="113.88767343945801258087158203125">
        <ele>15.6000003814697265625</ele>
        <time>2026-08-23T12:12:06.000Z</time>
        <extensions>
          <ns3:TrackPointExtension>
            <ns3:atemp>30.0</ns3:atemp>
            <ns3:hr>171</ns3:hr>
            <ns3:cad>89</ns3:cad>
          </ns3:TrackPointExtension>
        </extensions>
      </trkpt>
      <trkpt lat="22.6046452112495899200439453125" lon="113.88769808225333690643310546875">
        <ele>15.6000003814697265625</ele>
        <time>2026-08-23T12:12:07.000Z</time>
        <extensions>
          <ns3:TrackPointExtension>
            <ns3:atemp>30.0</ns3:atemp>
            <ns3:hr>171</ns3:hr>
            <ns3:cad>89</ns3:cad>
          </ns3:TrackPointExtension>
        </extensions>
      </trkpt>
      <trkpt lat="22.60467546992003917694091796875" lon="113.88772926293313503265380859375">
        <ele>15.3999996185302734375</ele>
        <time>2026-08-23T12:12:08.000Z</time>
        <extensions>
          <ns3:TrackPointExtension>
            <ns3:atemp>30.0</ns3:atemp>
            <ns3:hr>170</ns3:hr>
            <ns3:cad>89</ns3:cad>
          </ns3:TrackPointExtension>
        </extensions>
      </trkpt>
      <trkpt lat="22.6047042198479175567626953125" lon="113.8877456076443195343017578125">
        <ele>15.3999996185302734375</ele>
        <time>2026-08-23T12:12:09.000Z</time>
        <extensions>
          <ns3:TrackPointExtension>
            <ns3:atemp>30.0</ns3:atemp>
            <ns3:hr>169</ns3:hr>
            <ns3:cad>89</ns3:cad>
          </ns3:TrackPointExtension>
        </extensions>
      </trkpt>
      <trkpt lat="22.60474135167896747589111328125" lon="113.88776429928839206695556640625">
        <ele>15.3999996185302734375</ele>
        <time>2026-08-23T12:12:10.000Z</time>
        <extensions>
          <ns3:TrackPointExtension>
            <ns3:atemp>30.0</ns3:atemp>
            <ns3:hr>168</ns3:hr>
            <ns3:cad>88</ns3:cad>
          </ns3:TrackPointExtension>
        </extensions>
      </trkpt>
      <trkpt lat="22.604769766330718994140625" lon="113.88776882551610469818115234375">
        <ele>15.3999996185302734375</ele>
        <time>2026-08-23T12:12:11.000Z</time>
        <extensions>
          <ns3:TrackPointExtension>
            <ns3:atemp>30.0</ns3:atemp>
            <ns3:hr>168</ns3:hr>
            <ns3:cad>88</ns3:cad>
          </ns3:TrackPointExtension>
        </extensions>
      </trkpt>
      <trkpt lat="22.6048041321337223052978515625" lon="113.8877774588763713836669921875">
        <ele>15.3999996185302734375</ele>
        <time>2026-08-23T12:12:12.000Z</time>
        <extensions>
          <ns3:TrackPointExtension>
            <ns3:atemp>30.0</ns3:atemp>
            <ns3:hr>167</ns3:hr>
            <ns3:cad>88</ns3:cad>
          </ns3:TrackPointExtension>
        </extensions>
      </trkpt>
      <trkpt lat="22.60483338497579097747802734375" lon="113.8877781294286251068115234375">
        <ele>15.19999980926513671875</ele>
        <time>2026-08-23T12:12:13.000Z</time>
        <extensions>
          <ns3:TrackPointExtension>
            <ns3:atemp>30.0</ns3:atemp>
            <ns3:hr>167</ns3:hr>
            <ns3:cad>88</ns3:cad>
          </ns3:TrackPointExtension>
        </extensions>
      </trkpt>
      <trkpt lat="22.60486724786460399627685546875" lon="113.88777469284832477569580078125">
        <ele>15.19999980926513671875</ele>
        <time>2026-08-23T12:12:14.000Z</time>
        <extensions>
          <ns3:TrackPointExtension>
            <ns3:atemp>30.0</ns3:atemp>
            <ns3:hr>166</ns3:hr>
            <ns3:cad>88</ns3:cad>
          </ns3:TrackPointExtension>
        </extensions>
      </trkpt>
      <trkpt lat="22.60489909909665584564208984375" lon="113.8877710886299610137939453125">
        <ele>15.3999996185302734375</ele>
        <time>2026-08-23T12:12:15.000Z</time>
        <extensions>
          <ns3:TrackPointExtension>
            <ns3:atemp>30.0</ns3:atemp>
            <ns3:hr>166</ns3:hr>
            <ns3:cad>88</ns3:cad>
          </ns3:TrackPointExtension>
        </extensions>
      </trkpt>
      <trkpt lat="22.60493011213839054107666015625" lon="113.88776245526969432830810546875">
        <ele>15.6000003814697265625</ele>
        <time>2026-08-23T12:12:16.000Z</time>
        <extensions>
          <ns3:TrackPointExtension>
            <ns3:atemp>30.0</ns3:atemp>
            <ns3:hr>166</ns3:hr>
            <ns3:cad>88</ns3:cad>
          </ns3:TrackPointExtension>
        </extensions>
      </trkpt>
      <trkpt lat="22.604962885379791259765625" lon="113.8877533189952373504638671875">
        <ele>15.6000003814697265625</ele>
        <time>2026-08-23T12:12:17.000Z</time>
        <extensions>
          <ns3:TrackPointExtension>
            <ns3:atemp>30.0</ns3:atemp>
            <ns3:hr>166</ns3:hr>
            <ns3:cad>88</ns3:cad>
          </ns3:TrackPointExtension>
        </extensions>
      </trkpt>
      <trkpt lat="22.60498912073671817779541015625" lon="113.88774267397820949554443359375">
        <ele>15.6000003814697265625</ele>
        <time>2026-08-23T12:12:18.000Z</time>
        <extensions>
          <ns3:TrackPointExtension>
            <ns3:atemp>30.0</ns3:atemp>
            <ns3:hr>166</ns3:hr>
            <ns3:cad>88</ns3:cad>
          </ns3:TrackPointExtension>
        </extensions>
      </trkpt>
      <trkpt lat="22.60502683930099010467529296875" lon="113.8877368904650211334228515625">
        <ele>15.6000003814697265625</ele>
        <time>2026-08-23T12:12:19.000Z</time>
        <extensions>
          <ns3:TrackPointExtension>
            <ns3:atemp>30.0</ns3:atemp>
            <ns3:hr>166</ns3:hr>
            <ns3:cad>88</ns3:cad>
          </ns3:TrackPointExtension>
        </extensions>
      </trkpt>
      <trkpt lat="22.60505139827728271484375" lon="113.8877228088676929473876953125">
        <ele>15.6000003814697265625</ele>
        <time>2026-08-23T12:12:20.000Z</time>
        <extensions>
          <ns3:TrackPointExtension>
            <ns3:atemp>30.0</ns3:atemp>
            <ns3:hr>166</ns3:hr>
            <ns3:cad>89</ns3:cad>
          </ns3:TrackPointExtension>
        </extensions>
      </trkpt>
      <trkpt lat="22.6050867699086666107177734375" lon="113.8877119123935699462890625">
        <ele>15.3999996185302734375</ele>
        <time>2026-08-23T12:12:21.000Z</time>
        <extensions>
          <ns3:TrackPointExtension>
            <ns3:atemp>30.0</ns3:atemp>
            <ns3:hr>165</ns3:hr>
            <ns3:cad>89</ns3:cad>
          </ns3:TrackPointExtension>
        </extensions>
      </trkpt>
      <trkpt lat="22.6051095686852931976318359375" lon="113.88769523240625858306884765625">
        <ele>15.3999996185302734375</ele>
        <time>2026-08-23T12:12:22.000Z</time>
        <extensions>
          <ns3:TrackPointExtension>
            <ns3:atemp>30.0</ns3:atemp>
            <ns3:hr>165</ns3:hr>
            <ns3:cad>88</ns3:cad>
          </ns3:TrackPointExtension>
        </extensions>
      </trkpt>
      <trkpt lat="22.60514787398278713226318359375" lon="113.88768584467470645904541015625">
        <ele>15.6000003814697265625</ele>
        <time>2026-08-23T12:12:23.000Z</time>
        <extensions>
          <ns3:TrackPointExtension>
            <ns3:atemp>30.0</ns3:atemp>
            <ns3:hr>165</ns3:hr>
            <ns3:cad>88</ns3:cad>
          </ns3:TrackPointExtension>
        </extensions>
      </trkpt>
      <trkpt lat="22.60517301969230175018310546875" lon="113.88768115080893039703369140625">
        <ele>15.6000003814697265625</ele>
        <time>2026-08-23T12:12:24.000Z</time>
        <extensions>
          <ns3:TrackPointExtension>
            <ns3:atemp>30.0</ns3:atemp>
            <ns3:hr>165</ns3:hr>
            <ns3:cad>88</ns3:cad>
          </ns3:TrackPointExtension>
        </extensions>
      </trkpt>
      <trkpt lat="22.6052104867994785308837890625" lon="113.88766966760158538818359375">
        <ele>15.6000003814697265625</ele>
        <time>2026-08-23T12:12:25.000Z</time>
        <extensions>
          <ns3:TrackPointExtension>
            <ns3:atemp>30.0</ns3:atemp>
            <ns3:hr>165</ns3:hr>
            <ns3:cad>87</ns3:cad>
          </ns3:TrackPointExtension>
        </extensions>
      </trkpt>
      <trkpt lat="22.60524158366024494171142578125" lon="113.887663967907428741455078125">
        <ele>15.3999996185302734375</ele>
        <time>2026-08-23T12:12:26.000Z</time>
        <extensions>
          <ns3:TrackPointExtension>
            <ns3:atemp>30.0</ns3:atemp>
            <ns3:hr>165</ns3:hr>
            <ns3:cad>87</ns3:cad>
          </ns3:TrackPointExtension>
        </extensions>
      </trkpt>
      <trkpt lat="22.60527527891099452972412109375" lon="113.88765432871878147125244140625">
        <ele>15.3999996185302734375</ele>
        <time>2026-08-23T12:12:27.000Z</time>
        <extensions>
          <ns3:TrackPointExtension>
            <ns3:atemp>30.0</ns3:atemp>
            <ns3:hr>165</ns3:hr>
            <ns3:cad>87</ns3:cad>
          </ns3:TrackPointExtension>
        </extensions>
      </trkpt>
      <trkpt lat="22.60530478321015834808349609375" lon="113.88764812611043453216552734375">
        <ele>15.3999996185302734375</ele>
        <time>2026-08-23T12:12:28.000Z</time>
        <extensions>
          <ns3:TrackPointExtension>
            <ns3:atemp>30.0</ns3:atemp>
            <ns3:hr>165</ns3:hr>
            <ns3:cad>87</ns3:cad>
          </ns3:TrackPointExtension>
        </extensions>
      </trkpt>
      <trkpt lat="22.60533395223319530487060546875" lon="113.88764007948338985443115234375">
        <ele>15.3999996185302734375</ele>
        <time>2026-08-23T12:12:29.000Z</time>
        <extensions>
          <ns3:TrackPointExtension>
            <ns3:atemp>30.0</ns3:atemp>
            <ns3:hr>165</ns3:hr>
            <ns3:cad>87</ns3:cad>
          </ns3:TrackPointExtension>
        </extensions>
      </trkpt>
      <trkpt lat="22.6053660549223423004150390625" lon="113.88763437978923320770263671875">
        <ele>15.3999996185302734375</ele>
        <time>2026-08-23T12:12:30.000Z</time>
        <extensions>
          <ns3:TrackPointExtension>
            <ns3:atemp>30.0</ns3:atemp>
            <ns3:hr>165</ns3:hr>
            <ns3:cad>87</ns3:cad>
          </ns3:TrackPointExtension>
        </extensions>
      </trkpt>
      <trkpt lat="22.60539279319345951080322265625" lon="113.887621723115444183349609375">
        <ele>15.3999996185302734375</ele>
        <time>2026-08-23T12:12:31.000Z</time>
        <extensions>
          <ns3:TrackPointExtension>
            <ns3:atemp>30.0</ns3:atemp>
            <ns3:hr>165</ns3:hr>
            <ns3:cad>87</ns3:cad>
          </ns3:TrackPointExtension>
        </extensions>
      </trkpt>
      <trkpt lat="22.60542900301516056060791015625" lon="113.88761602342128753662109375">
        <ele>15.3999996185302734375</ele>
        <time>2026-08-23T12:12:32.000Z</time>
        <extensions>
          <ns3:TrackPointExtension>
            <ns3:atemp>30.0</ns3:atemp>
            <ns3:hr>165</ns3:hr>
            <ns3:cad>87</ns3:cad>
          </ns3:TrackPointExtension>
        </extensions>
      </trkpt>
      <trkpt lat="22.60545448400080204010009765625" lon="113.88760420493781566619873046875">
        <ele>15.3999996185302734375</ele>
        <time>2026-08-23T12:12:33.000Z</time>
        <extensions>
          <ns3:TrackPointExtension>
            <ns3:atemp>30.0</ns3:atemp>
            <ns3:hr>165</ns3:hr>
            <ns3:cad>87</ns3:cad>
          </ns3:TrackPointExtension>
        </extensions>
      </trkpt>
      <trkpt lat="22.6054870896041393280029296875" lon="113.88760437257587909698486328125">
        <ele>15.3999996185302734375</ele>
        <time>2026-08-23T12:12:34.000Z</time>
        <extensions>
          <ns3:TrackPointExtension>
            <ns3:atemp>30.0</ns3:atemp>
            <ns3:hr>165</ns3:hr>
            <ns3:cad>87</ns3:cad>
          </ns3:TrackPointExtension>
        </extensions>
      </trkpt>
      <trkpt lat="22.6055149175226688385009765625" lon="113.8875987567007541656494140625">
        <ele>15.3999996185302734375</ele>
        <time>2026-08-23T12:12:35.000Z</time>
        <extensions>
          <ns3:TrackPointExtension>
            <ns3:atemp>30.0</ns3:atemp>
            <ns3:hr>165</ns3:hr>
            <ns3:cad>87</ns3:cad>
          </ns3:TrackPointExtension>
        </extensions>
      </trkpt>
      <trkpt lat="22.6055514626204967498779296875" lon="113.88758928515017032623291015625">
        <ele>15.3999996185302734375</ele>
        <time>2026-08-23T12:12:36.000Z</time>
        <extensions>
          <ns3:TrackPointExtension>
            <ns3:atemp>30.0</ns3:atemp>
            <ns3:hr>165</ns3:hr>
            <ns3:cad>87</ns3:cad>
          </ns3:TrackPointExtension>
        </extensions>
      </trkpt>
      <trkpt lat="22.60558004491031169891357421875" lon="113.88757838867604732513427734375">
        <ele>15.6000003814697265625</ele>
        <time>2026-08-23T12:12:37.000Z</time>
        <extensions>
          <ns3:TrackPointExtension>
            <ns3:atemp>30.0</ns3:atemp>
            <ns3:hr>164</ns3:hr>
            <ns3:cad>87</ns3:cad>
          </ns3:TrackPointExtension>
        </extensions>
      </trkpt>
      <trkpt lat="22.60561608709394931793212890625" lon="113.887564055621623992919921875">
        <ele>15.6000003814697265625</ele>
        <time>2026-08-23T12:12:38.000Z</time>
        <extensions>
          <ns3:TrackPointExtension>
            <ns3:atemp>30.0</ns3:atemp>
            <ns3:hr>164</ns3:hr>
            <ns3:cad>87</ns3:cad>
          </ns3:TrackPointExtension>
        </extensions>
      </trkpt>
      <trkpt lat="22.6056453399360179901123046875" lon="113.88754704035818576812744140625">
        <ele>15.3999996185302734375</ele>
        <time>2026-08-23T12:12:39.000Z</time>
        <extensions>
          <ns3:TrackPointExtension>
            <ns3:atemp>30.0</ns3:atemp>
            <ns3:hr>164</ns3:hr>
            <ns3:cad>87</ns3:cad>
          </ns3:TrackPointExtension>
        </extensions>
      </trkpt>
      <trkpt lat="22.6056723296642303466796875" lon="113.88752642087638378143310546875">
        <ele>15.6000003814697265625</ele>
        <time>2026-08-23T12:12:40.000Z</time>
        <extensions>
          <ns3:TrackPointExtension>
            <ns3:atemp>30.0</ns3:atemp>
            <ns3:hr>164</ns3:hr>
            <ns3:cad>88</ns3:cad>
          </ns3:TrackPointExtension>
        </extensions>
      </trkpt>
      <trkpt lat="22.60569605045020580291748046875" lon="113.887505047023296356201171875">
        <ele>15.6000003814697265625</ele>
        <time>2026-08-23T12:12:41.000Z</time>
        <extensions>
          <ns3:TrackPointExtension>
            <ns3:atemp>30.0</ns3:atemp>
            <ns3:hr>165</ns3:hr>
            <ns3:cad>88</ns3:cad>
          </ns3:TrackPointExtension>
        </extensions>
      </trkpt>
      <trkpt lat="22.60571583174169063568115234375" lon="113.88748216442763805389404296875">
        <ele>15.80000019073486328125</ele>
        <time>2026-08-23T12:12:42.000Z</time>
        <extensions>
          <ns3:TrackPointExtension>
            <ns3:atemp>30.0</ns3:atemp>
            <ns3:hr>164</ns3:hr>
            <ns3:cad>88</ns3:cad>
          </ns3:TrackPointExtension>
        </extensions>
      </trkpt>
      <trkpt lat="22.6057313382625579833984375" lon="113.88745567761361598968505859375">
        <ele>15.80000019073486328125</ele>
        <time>2026-08-23T12:12:43.000Z</time>
        <extensions>
          <ns3:TrackPointExtension>
            <ns3:atemp>30.0</ns3:atemp>
            <ns3:hr>164</ns3:hr>
            <ns3:cad>88</ns3:cad>
          </ns3:TrackPointExtension>
        </extensions>
      </trkpt>
      <trkpt lat="22.60574047453701496124267578125" lon="113.88742818497121334075927734375">
        <ele>15.80000019073486328125</ele>
        <time>2026-08-23T12:12:44.000Z</time>
        <extensions>
          <ns3:TrackPointExtension>
            <ns3:atemp>30.0</ns3:atemp>
            <ns3:hr>164</ns3:hr>
            <ns3:cad>88</ns3:cad>
          </ns3:TrackPointExtension>
        </extensions>
      </trkpt>
      <trkpt lat="22.6057519577443599700927734375" lon="113.88739340007305145263671875">
        <ele>15.80000019073486328125</ele>
        <time>2026-08-23T12:12:45.000Z</time>
        <extensions>
          <ns3:TrackPointExtension>
            <ns3:atemp>30.0</ns3:atemp>
            <ns3:hr>163</ns3:hr>
            <ns3:cad>88</ns3:cad>
          </ns3:TrackPointExtension>
        </extensions>
      </trkpt>
      <trkpt lat="22.60575908236205577850341796875" lon="113.887361548840999603271484375">
        <ele>15.80000019073486328125</ele>
        <time>2026-08-23T12:12:46.000Z</time>
        <extensions>
          <ns3:TrackPointExtension>
            <ns3:atemp>30.0</ns3:atemp>
            <ns3:hr>163</ns3:hr>
            <ns3:cad>88</ns3:cad>
          </ns3:TrackPointExtension>
        </extensions>
      </trkpt>
      <trkpt lat="22.605762518942356109619140625" lon="113.8873238302767276763916015625">
        <ele>15.6000003814697265625</ele>
        <time>2026-08-23T12:12:47.000Z</time>
        <extensions>
          <ns3:TrackPointExtension>
            <ns3:atemp>30.0</ns3:atemp>
            <ns3:hr>163</ns3:hr>
            <ns3:cad>88</ns3:cad>
          </ns3:TrackPointExtension>
        </extensions>
      </trkpt>
      <trkpt lat="22.605755142867565155029296875" lon="113.88729424215853214263916015625">
        <ele>15.6000003814697265625</ele>
        <time>2026-08-23T12:12:48.000Z</time>
        <extensions>
          <ns3:TrackPointExtension>
            <ns3:atemp>30.0</ns3:atemp>
            <ns3:hr>163</ns3:hr>
            <ns3:cad>88</ns3:cad>
          </ns3:TrackPointExtension>
        </extensions>
      </trkpt>
      <trkpt lat="22.60574919171631336212158203125" lon="113.88725585304200649261474609375">
        <ele>15.6000003814697265625</ele>
        <time>2026-08-23T12:12:49.000Z</time>
        <extensions>
          <ns3:TrackPointExtension>
            <ns3:atemp>30.0</ns3:atemp>
            <ns3:hr>163</ns3:hr>
            <ns3:cad>88</ns3:cad>
          </ns3:TrackPointExtension>
        </extensions>
      </trkpt>
      <trkpt lat="22.60573376901447772979736328125" lon="113.88723255135118961334228515625">
        <ele>15.6000003814697265625</ele>
        <time>2026-08-23T12:12:50.000Z</time>
        <extensions>
          <ns3:TrackPointExtension>
            <ns3:atemp>30.0</ns3:atemp>
            <ns3:hr>163</ns3:hr>
            <ns3:cad>88</ns3:cad>
          </ns3:TrackPointExtension>
        </extensions>
      </trkpt>
      <trkpt lat="22.60571599937975406646728515625" lon="113.88719164766371250152587890625">
        <ele>15.6000003814697265625</ele>
        <time>2026-08-23T12:12:51.000Z</time>
        <extensions>
          <ns3:TrackPointExtension>
            <ns3:atemp>30.0</ns3:atemp>
            <ns3:hr>162</ns3:hr>
            <ns3:cad>88</ns3:cad>
          </ns3:TrackPointExtension>
        </extensions>
      </trkpt>
      <trkpt lat="22.605697810649871826171875" lon="113.88716784305870532989501953125">
        <ele>15.6000003814697265625</ele>
        <time>2026-08-23T12:12:52.000Z</time>
        <extensions>
          <ns3:TrackPointExtension>
            <ns3:atemp>30.0</ns3:atemp>
            <ns3:hr>163</ns3:hr>
            <ns3:cad>88</ns3:cad>
          </ns3:TrackPointExtension>
        </extensions>
      </trkpt>
      <trkpt lat="22.605674006044864654541015625" lon="113.88713146559894084930419921875">
        <ele>15.6000003814697265625</ele>
        <time>2026-08-23T12:12:53.000Z</time>
        <extensions>
          <ns3:TrackPointExtension>
            <ns3:atemp>30.0</ns3:atemp>
            <ns3:hr>163</ns3:hr>
            <ns3:cad>88</ns3:cad>
          </ns3:TrackPointExtension>
        </extensions>
      </trkpt>
      <trkpt lat="22.6056510396301746368408203125" lon="113.88711671344935894012451171875">
        <ele>15.6000003814697265625</ele>
        <time>2026-08-23T12:12:54.000Z</time>
        <extensions>
          <ns3:TrackPointExtension>
            <ns3:atemp>30.0</ns3:atemp>
            <ns3:hr>162</ns3:hr>
            <ns3:cad>88</ns3:cad>
          </ns3:TrackPointExtension>
        </extensions>
      </trkpt>
      <trkpt lat="22.6056212000548839569091796875" lon="113.88708855025470256805419921875">
        <ele>15.6000003814697265625</ele>
        <time>2026-08-23T12:12:55.000Z</time>
        <extensions>
          <ns3:TrackPointExtension>
            <ns3:atemp>30.0</ns3:atemp>
            <ns3:hr>163</ns3:hr>
            <ns3:cad>88</ns3:cad>
          </ns3:TrackPointExtension>
        </extensions>
      </trkpt>
      <trkpt lat="22.6055873371660709381103515625" lon="113.88706927187740802764892578125">
        <ele>15.6000003814697265625</ele>
        <time>2026-08-23T12:12:56.000Z</time>
        <extensions>
          <ns3:TrackPointExtension>
            <ns3:atemp>30.0</ns3:atemp>
            <ns3:hr>163</ns3:hr>
            <ns3:cad>88</ns3:cad>
          </ns3:TrackPointExtension>
        </extensions>
      </trkpt>
      <trkpt lat="22.6055564917623996734619140625" lon="113.88705837540328502655029296875">
        <ele>15.6000003814697265625</ele>
        <time>2026-08-23T12:12:57.000Z</time>
        <extensions>
          <ns3:TrackPointExtension>
            <ns3:atemp>30.0</ns3:atemp>
            <ns3:hr>162</ns3:hr>
            <ns3:cad>88</ns3:cad>
          </ns3:TrackPointExtension>
        </extensions>
      </trkpt>
      <trkpt lat="22.60552455671131610870361328125" lon="113.8870520889759063720703125">
        <ele>15.6000003814697265625</ele>
        <time>2026-08-23T12:12:58.000Z</time>
        <extensions>
          <ns3:TrackPointExtension>
            <ns3:atemp>30.0</ns3:atemp>
            <ns3:hr>162</ns3:hr>
            <ns3:cad>88</ns3:cad>
          </ns3:TrackPointExtension>
        </extensions>
      </trkpt>
      <trkpt lat="22.6054941304028034210205078125" lon="113.88705116696655750274658203125">
        <ele>15.6000003814697265625</ele>
        <time>2026-08-23T12:12:59.000Z</time>
        <extensions>
          <ns3:TrackPointExtension>
            <ns3:atemp>30.0</ns3:atemp>
            <ns3:hr>162</ns3:hr>
            <ns3:cad>88</ns3:cad>
          </ns3:TrackPointExtension>
        </extensions>
      </trkpt>
      <trkpt lat="22.60545909404754638671875" lon="113.88704814948141574859619140625">
        <ele>15.6000003814697265625</ele>
        <time>2026-08-23T12:13:00.000Z</time>
        <extensions>
          <ns3:TrackPointExtension>
            <ns3:atemp>30.0</ns3:atemp>
            <ns3:hr>163</ns3:hr>
            <ns3:cad>88</ns3:cad>
          </ns3:TrackPointExtension>
        </extensions>
      </trkpt>
      <trkpt lat="22.60543101467192173004150390625" lon="113.88705368153750896453857421875">
        <ele>15.3999996185302734375</ele>
        <time>2026-08-23T12:13:01.000Z</time>
        <extensions>
          <ns3:TrackPointExtension>
            <ns3:atemp>30.0</ns3:atemp>
            <ns3:hr>162</ns3:hr>
            <ns3:cad>88</ns3:cad>
          </ns3:TrackPointExtension>
        </extensions>
      </trkpt>
      <trkpt lat="22.6053962297737598419189453125" lon="113.887057118117809295654296875">
        <ele>15.3999996185302734375</ele>
        <time>2026-08-23T12:13:02.000Z</time>
        <extensions>
          <ns3:TrackPointExtension>
            <ns3:atemp>30.0</ns3:atemp>
            <ns3:hr>162</ns3:hr>
            <ns3:cad>87</ns3:cad>
          </ns3:TrackPointExtension>
        </extensions>
      </trkpt>
      <trkpt lat="22.6053665578365325927734375" lon="113.88706876896321773529052734375">
        <ele>15.6000003814697265625</ele>
        <time>2026-08-23T12:13:03.000Z</time>
        <extensions>
          <ns3:TrackPointExtension>
            <ns3:atemp>30.0</ns3:atemp>
            <ns3:hr>163</ns3:hr>
            <ns3:cad>87</ns3:cad>
          </ns3:TrackPointExtension>
        </extensions>
      </trkpt>
      <trkpt lat="22.60533428750932216644287109375" lon="113.8870775699615478515625">
        <ele>15.80000019073486328125</ele>
        <time>2026-08-23T12:13:04.000Z</time>
        <extensions>
          <ns3:TrackPointExtension>
            <ns3:atemp>30.0</ns3:atemp>
            <ns3:hr>162</ns3:hr>
            <ns3:cad>88</ns3:cad>
          </ns3:TrackPointExtension>
        </extensions>
      </trkpt>
      <trkpt lat="22.6053117401897907257080078125" lon="113.8870923221111297607421875">
        <ele>15.80000019073486328125</ele>
        <time>2026-08-23T12:13:05.000Z</time>
        <extensions>
          <ns3:TrackPointExtension>
            <ns3:atemp>30.0</ns3:atemp>
            <ns3:hr>162</ns3:hr>
            <ns3:cad>88</ns3:cad>
          </ns3:TrackPointExtension>
        </extensions>
      </trkpt>
      <trkpt lat="22.6052745245397090911865234375" lon="113.8871035538613796234130859375">
        <ele>15.6000003814697265625</ele>
        <time>2026-08-23T12:13:06.000Z</time>
        <extensions>
          <ns3:TrackPointExtension>
            <ns3:atemp>30.0</ns3:atemp>
            <ns3:hr>163</ns3:hr>
            <ns3:cad>88</ns3:cad>
          </ns3:TrackPointExtension>
        </extensions>
      </trkpt>
      <trkpt lat="22.60525164194405078887939453125" lon="113.88711805455386638641357421875">
        <ele>15.6000003814697265625</ele>
        <time>2026-08-23T12:13:07.000Z</time>
        <extensions>
          <ns3:TrackPointExtension>
            <ns3:atemp>30.0</ns3:atemp>
            <ns3:hr>162</ns3:hr>
            <ns3:cad>88</ns3:cad>
          </ns3:TrackPointExtension>
        </extensions>
      </trkpt>
      <trkpt lat="22.60521342046558856964111328125" lon="113.887133561074733734130859375">
        <ele>15.6000003814697265625</ele>
        <time>2026-08-23T12:13:08.000Z</time>
        <extensions>
          <ns3:TrackPointExtension>
            <ns3:atemp>30.0</ns3:atemp>
            <ns3:hr>163</ns3:hr>
            <ns3:cad>88</ns3:cad>
          </ns3:TrackPointExtension>
        </extensions>
      </trkpt>
      <trkpt lat="22.6051833294332027435302734375" lon="113.88714529573917388916015625">
        <ele>15.3999996185302734375</ele>
        <time>2026-08-23T12:13:09.000Z</time>
        <extensions>
          <ns3:TrackPointExtension>
            <ns3:atemp>30.0</ns3:atemp>
            <ns3:hr>163</ns3:hr>
            <ns3:cad>88</ns3:cad>
          </ns3:TrackPointExtension>
        </extensions>
      </trkpt>
      <trkpt lat="22.60514795780181884765625" lon="113.88716096989810466766357421875">
        <ele>15.3999996185302734375</ele>
        <time>2026-08-23T12:13:10.000Z</time>
        <extensions>
          <ns3:TrackPointExtension>
            <ns3:atemp>30.0</ns3:atemp>
            <ns3:hr>163</ns3:hr>
            <ns3:cad>88</ns3:cad>
          </ns3:TrackPointExtension>
        </extensions>
      </trkpt>
      <trkpt lat="22.6051176153123378753662109375" lon="113.88717069290578365325927734375">
        <ele>15.3999996185302734375</ele>
        <time>2026-08-23T12:13:11.000Z</time>
        <extensions>
          <ns3:TrackPointExtension>
            <ns3:atemp>30.0</ns3:atemp>
            <ns3:hr>162</ns3:hr>
            <ns3:cad>88</ns3:cad>
          </ns3:TrackPointExtension>
        </extensions>
      </trkpt>
      <trkpt lat="22.60508836247026920318603515625" lon="113.8871808350086212158203125">
        <ele>15.3999996185302734375</ele>
        <time>2026-08-23T12:13:12.000Z</time>
        <extensions>
          <ns3:TrackPointExtension>
            <ns3:atemp>30.0</ns3:atemp>
            <ns3:hr>163</ns3:hr>
            <ns3:cad>88</ns3:cad>
          </ns3:TrackPointExtension>
        </extensions>
      </trkpt>
      <trkpt lat="22.605055086314678192138671875" lon="113.8871907256543636322021484375">
        <ele>15.3999996185302734375</ele>
        <time>2026-08-23T12:13:13.000Z</time>
        <extensions>
          <ns3:TrackPointExtension>
            <ns3:atemp>30.0</ns3:atemp>
            <ns3:hr>163</ns3:hr>
            <ns3:cad>88</ns3:cad>
          </ns3:TrackPointExtension>
        </extensions>
      </trkpt>
      <trkpt lat="22.605029605329036712646484375" lon="113.88720656745135784149169921875">
        <ele>15.3999996185302734375</ele>
        <time>2026-08-23T12:13:14.000Z</time>
        <extensions>
          <ns3:TrackPointExtension>
            <ns3:atemp>30.0</ns3:atemp>
            <ns3:hr>163</ns3:hr>
            <ns3:cad>87</ns3:cad>
          </ns3:TrackPointExtension>
        </extensions>
      </trkpt>
      <trkpt lat="22.60499381460249423980712890625" lon="113.88721168041229248046875">
        <ele>15.3999996185302734375</ele>
        <time>2026-08-23T12:13:15.000Z</time>
        <extensions>
          <ns3:TrackPointExtension>
            <ns3:atemp>30.0</ns3:atemp>
            <ns3:hr>163</ns3:hr>
            <ns3:cad>87</ns3:cad>
          </ns3:TrackPointExtension>
        </extensions>
      </trkpt>
      <trkpt lat="22.604969255626201629638671875" lon="113.88722349889576435089111328125">
        <ele>15.3999996185302734375</ele>
        <time>2026-08-23T12:13:16.000Z</time>
        <extensions>
          <ns3:TrackPointExtension>
            <ns3:atemp>30.0</ns3:atemp>
            <ns3:hr>163</ns3:hr>
            <ns3:cad>87</ns3:cad>
          </ns3:TrackPointExtension>
        </extensions>
      </trkpt>
      <trkpt lat="22.6049335487186908721923828125" lon="113.88722802512347698211669921875">
        <ele>15.3999996185302734375</ele>
        <time>2026-08-23T12:13:17.000Z</time>
        <extensions>
          <ns3:TrackPointExtension>
            <ns3:atemp>30.0</ns3:atemp>
            <ns3:hr>163</ns3:hr>
            <ns3:cad>87</ns3:cad>
          </ns3:TrackPointExtension>
        </extensions>
      </trkpt>
      <trkpt lat="22.60490798391401767730712890625" lon="113.88723875395953655242919921875">
        <ele>15.3999996185302734375</ele>
        <time>2026-08-23T12:13:18.000Z</time>
        <extensions>
          <ns3:TrackPointExtension>
            <ns3:atemp>30.0</ns3:atemp>
            <ns3:hr>163</ns3:hr>
            <ns3:cad>87</ns3:cad>
          </ns3:TrackPointExtension>
        </extensions>
      </trkpt>
      <trkpt lat="22.60487462393939495086669921875" lon="113.88724721968173980712890625">
        <ele>15.3999996185302734375</ele>
        <time>2026-08-23T12:13:19.000Z</time>
        <extensions>
          <ns3:TrackPointExtension>
            <ns3:atemp>30.0</ns3:atemp>
            <ns3:hr>163</ns3:hr>
            <ns3:cad>87</ns3:cad>
          </ns3:TrackPointExtension>
        </extensions>
      </trkpt>
      <trkpt lat="22.6048463769257068634033203125" lon="113.8872571103274822235107421875">
        <ele>15.3999996185302734375</ele>
        <time>2026-08-23T12:13:20.000Z</time>
        <extensions>
          <ns3:TrackPointExtension>
            <ns3:atemp>30.0</ns3:atemp>
            <ns3:hr>162</ns3:hr>
            <ns3:cad>87</ns3:cad>
          </ns3:TrackPointExtension>
        </extensions>
      </trkpt>
      <trkpt lat="22.60481494478881359100341796875" lon="113.88726473785936832427978515625">
        <ele>15.3999996185302734375</ele>
        <time>2026-08-23T12:13:21.000Z</time>
        <extensions>
          <ns3:TrackPointExtension>
            <ns3:atemp>30.0</ns3:atemp>
            <ns3:hr>163</ns3:hr>
            <ns3:cad>87</ns3:cad>
          </ns3:TrackPointExtension>
        </extensions>
      </trkpt>
      <trkpt lat="22.604785859584808349609375" lon="113.88726842589676380157470703125">
        <ele>15.3999996185302734375</ele>
        <time>2026-08-23T12:13:22.000Z</time>
        <extensions>
          <ns3:TrackPointExtension>
            <ns3:atemp>30.0</ns3:atemp>
            <ns3:hr>163</ns3:hr>
            <ns3:cad>87</ns3:cad>
          </ns3:TrackPointExtension>
        </extensions>
      </trkpt>
      <trkpt lat="22.60475124232470989227294921875" lon="113.8872809149324893951416015625">
        <ele>15.3999996185302734375</ele>
        <time>2026-08-23T12:13:23.000Z</time>
        <extensions>
          <ns3:TrackPointExtension>
            <ns3:atemp>30.0</ns3:atemp>
            <ns3:hr>163</ns3:hr>
            <ns3:cad>87</ns3:cad>
          </ns3:TrackPointExtension>
        </extensions>
      </trkpt>
      <trkpt lat="22.60471687652170658111572265625" lon="113.88729491271078586578369140625">
        <ele>15.3999996185302734375</ele>
        <time>2026-08-23T12:13:24.000Z</time>
        <extensions>
          <ns3:TrackPointExtension>
            <ns3:atemp>30.0</ns3:atemp>
            <ns3:hr>163</ns3:hr>
            <ns3:cad>88</ns3:cad>
          </ns3:TrackPointExtension>
        </extensions>
      </trkpt>
      <trkpt lat="22.604694329202175140380859375" lon="113.88731318525969982147216796875">
        <ele>15.3999996185302734375</ele>
        <time>2026-08-23T12:13:25.000Z</time>
        <extensions>
          <ns3:TrackPointExtension>
            <ns3:atemp>30.0</ns3:atemp>
            <ns3:hr>163</ns3:hr>
            <ns3:cad>88</ns3:cad>
          </ns3:TrackPointExtension>
        </extensions>
      </trkpt>
      <trkpt lat="22.6046639867126941680908203125" lon="113.88733263127505779266357421875">
        <ele>15.3999996185302734375</ele>
        <time>2026-08-23T12:13:26.000Z</time>
        <extensions>
          <ns3:TrackPointExtension>
            <ns3:atemp>30.0</ns3:atemp>
            <ns3:hr>163</ns3:hr>
            <ns3:cad>89</ns3:cad>
          </ns3:TrackPointExtension>
        </extensions>
      </trkpt>
      <trkpt lat="22.604642026126384735107421875" lon="113.8873553462326526641845703125">
        <ele>15.3999996185302734375</ele>
        <time>2026-08-23T12:13:27.000Z</time>
        <extensions>
          <ns3:TrackPointExtension>
            <ns3:atemp>30.0</ns3:atemp>
            <ns3:hr>163</ns3:hr>
            <ns3:cad>89</ns3:cad>
          </ns3:TrackPointExtension>
        </extensions>
      </trkpt>
      <trkpt lat="22.60461595840752124786376953125" lon="113.88738107867538928985595703125">
        <ele>15.19999980926513671875</ele>
        <time>2026-08-23T12:13:28.000Z</time>
        <extensions>
          <ns3:TrackPointExtension>
            <ns3:atemp>30.0</ns3:atemp>
            <ns3:hr>163</ns3:hr>
            <ns3:cad>89</ns3:cad>
          </ns3:TrackPointExtension>
        </extensions>
      </trkpt>
      <trkpt lat="22.60459651239216327667236328125" lon="113.88740572147071361541748046875">
        <ele>15.19999980926513671875</ele>
        <time>2026-08-23T12:13:29.000Z</time>
        <extensions>
          <ns3:TrackPointExtension>
            <ns3:atemp>30.0</ns3:atemp>
            <ns3:hr>163</ns3:hr>
            <ns3:cad>89</ns3:cad>
          </ns3:TrackPointExtension>
        </extensions>
      </trkpt>
      <trkpt lat="22.60457857511937618255615234375" lon="113.88743958435952663421630859375">
        <ele>15.19999980926513671875</ele>
        <time>2026-08-23T12:13:30.000Z</time>
        <extensions>
          <ns3:TrackPointExtension>
            <ns3:atemp>30.0</ns3:atemp>
            <ns3:hr>163</ns3:hr>
            <ns3:cad>88</ns3:cad>
          </ns3:TrackPointExtension>
        </extensions>
      </trkpt>
      <trkpt lat="22.60457019321620464324951171875" lon="113.887466154992580413818359375">
        <ele>15.3999996185302734375</ele>
        <time>2026-08-23T12:13:31.000Z</time>
        <extensions>
          <ns3:TrackPointExtension>
            <ns3:atemp>30.0</ns3:atemp>
            <ns3:hr>163</ns3:hr>
            <ns3:cad>88</ns3:cad>
          </ns3:TrackPointExtension>
        </extensions>
      </trkpt>
      <trkpt lat="22.60456466116011142730712890625" lon="113.88750010170042514801025390625">
        <ele>15.3999996185302734375</ele>
        <time>2026-08-23T12:13:32.000Z</time>
        <extensions>
          <ns3:TrackPointExtension>
            <ns3:atemp>30.0</ns3:atemp>
            <ns3:hr>163</ns3:hr>
            <ns3:cad>88</ns3:cad>
          </ns3:TrackPointExtension>
        </extensions>
      </trkpt>
      <trkpt lat="22.60456382296979427337646484375" lon="113.887528516352176666259765625">
        <ele>15.3999996185302734375</ele>
        <time>2026-08-23T12:13:33.000Z</time>
        <extensions>
          <ns3:TrackPointExtension>
            <ns3:atemp>30.0</ns3:atemp>
            <ns3:hr>163</ns3:hr>
            <ns3:cad>87</ns3:cad>
          </ns3:TrackPointExtension>
        </extensions>
      </trkpt>
      <trkpt lat="22.60456415824592113494873046875" lon="113.8875652290880680084228515625">
        <ele>15.3999996185302734375</ele>
        <time>2026-08-23T12:13:34.000Z</time>
        <extensions>
          <ns3:TrackPointExtension>
            <ns3:atemp>30.0</ns3:atemp>
            <ns3:hr>163</ns3:hr>
            <ns3:cad>86</ns3:cad>
          </ns3:TrackPointExtension>
        </extensions>
      </trkpt>
      <trkpt lat="22.60457086376845836639404296875" lon="113.8875957392156124114990234375">
        <ele>15.3999996185302734375</ele>
        <time>2026-08-23T12:13:35.000Z</time>
        <extensions>
          <ns3:TrackPointExtension>
            <ns3:atemp>30.0</ns3:atemp>
            <ns3:hr>163</ns3:hr>
            <ns3:cad>86</ns3:cad>
          </ns3:TrackPointExtension>
        </extensions>
      </trkpt>
      <trkpt lat="22.60458293370902538299560546875" lon="113.88762214221060276031494140625">
        <ele>15.3999996185302734375</ele>
        <time>2026-08-23T12:13:36.000Z</time>
        <extensions>
          <ns3:TrackPointExtension>
            <ns3:atemp>30.0</ns3:atemp>
            <ns3:hr>163</ns3:hr>
            <ns3:cad>87</ns3:cad>
          </ns3:TrackPointExtension>
        </extensions>
      </trkpt>
      <trkpt lat="22.60459475219249725341796875" lon="113.88765768148005008697509765625">
        <ele>15.3999996185302734375</ele>
        <time>2026-08-23T12:13:37.000Z</time>
        <extensions>
          <ns3:TrackPointExtension>
            <ns3:atemp>30.0</ns3:atemp>
            <ns3:hr>163</ns3:hr>
            <ns3:cad>88</ns3:cad>
          </ns3:TrackPointExtension>
        </extensions>
      </trkpt>
      <trkpt lat="22.6046103425323963165283203125" lon="113.887689113616943359375">
        <ele>15.3999996185302734375</ele>
        <time>2026-08-23T12:13:38.000Z</time>
        <extensions>
          <ns3:TrackPointExtension>
            <ns3:atemp>30.0</ns3:atemp>
            <ns3:hr>163</ns3:hr>
            <ns3:cad>88</ns3:cad>
          </ns3:TrackPointExtension>
        </extensions>
      </trkpt>
      <trkpt lat="22.604626603424549102783203125" lon="113.8877150975167751312255859375">
        <ele>15.3999996185302734375</ele>
        <time>2026-08-23T12:13:39.000Z</time>
        <extensions>
          <ns3:TrackPointExtension>
            <ns3:atemp>30.0</ns3:atemp>
            <ns3:hr>163</ns3:hr>
            <ns3:cad>88</ns3:cad>
          </ns3:TrackPointExtension>
        </extensions>
      </trkpt>
      <trkpt lat="22.60464948602020740509033203125" lon="113.88773747719824314117431640625">
        <ele>15.3999996185302734375</ele>
        <time>2026-08-23T12:13:40.000Z</time>
        <extensions>
          <ns3:TrackPointExtension>
            <ns3:atemp>30.0</ns3:atemp>
            <ns3:hr>163</ns3:hr>
            <ns3:cad>88</ns3:cad>
          </ns3:TrackPointExtension>
        </extensions>
      </trkpt>
      <trkpt lat="22.60467211715877056121826171875" lon="113.88776061125099658966064453125">
        <ele>15.6000003814697265625</ele>
        <time>2026-08-23T12:13:41.000Z</time>
        <extensions>
          <ns3:TrackPointExtension>
            <ns3:atemp>30.0</ns3:atemp>
            <ns3:hr>163</ns3:hr>
            <ns3:cad>87</ns3:cad>
          </ns3:TrackPointExtension>
        </extensions>
      </trkpt>
      <trkpt lat="22.6047035492956638336181640625" lon="113.88777963817119598388671875">
        <ele>15.6000003814697265625</ele>
        <time>2026-08-23T12:13:42.000Z</time>
        <extensions>
          <ns3:TrackPointExtension>
            <ns3:atemp>30.0</ns3:atemp>
            <ns3:hr>162</ns3:hr>
            <ns3:cad>87</ns3:cad>
          </ns3:TrackPointExtension>
        </extensions>
      </trkpt>
      <trkpt lat="22.604735903441905975341796875" lon="113.88779464177787303924560546875">
        <ele>15.6000003814697265625</ele>
        <time>2026-08-23T12:13:43.000Z</time>
        <extensions>
          <ns3:TrackPointExtension>
            <ns3:atemp>30.0</ns3:atemp>
            <ns3:hr>162</ns3:hr>
            <ns3:cad>87</ns3:cad>
          </ns3:TrackPointExtension>
        </extensions>
      </trkpt>
      <trkpt lat="22.604764401912689208984375" lon="113.88780134730041027069091796875">
        <ele>15.3999996185302734375</ele>
        <time>2026-08-23T12:13:44.000Z</time>
        <extensions>
          <ns3:TrackPointExtension>
            <ns3:atemp>30.0</ns3:atemp>
            <ns3:hr>162</ns3:hr>
            <ns3:cad>88</ns3:cad>
          </ns3:TrackPointExtension>
        </extensions>
      </trkpt>
      <trkpt lat="22.60480505414307117462158203125" lon="113.88780788518488407135009765625">
        <ele>15.3999996185302734375</ele>
        <time>2026-08-23T12:13:45.000Z</time>
        <extensions>
          <ns3:TrackPointExtension>
            <ns3:atemp>30.0</ns3:atemp>
            <ns3:hr>162</ns3:hr>
            <ns3:cad>88</ns3:cad>
          </ns3:TrackPointExtension>
        </extensions>
      </trkpt>
      <trkpt lat="22.60484394617378711700439453125" lon="113.88780587352812290191650390625">
        <ele>15.3999996185302734375</ele>
        <time>2026-08-23T12:13:46.000Z</time>
        <extensions>
          <ns3:TrackPointExtension>
            <ns3:atemp>30.0</ns3:atemp>
            <ns3:hr>163</ns3:hr>
            <ns3:cad>89</ns3:cad>
          </ns3:TrackPointExtension>
        </extensions>
      </trkpt>
      <trkpt lat="22.604888118803501129150390625" lon="113.88779849745333194732666015625">
        <ele>15.19999980926513671875</ele>
        <time>2026-08-23T12:13:47.000Z</time>
        <extensions>
          <ns3:TrackPointExtension>
            <ns3:atemp>30.0</ns3:atemp>
            <ns3:hr>162</ns3:hr>
            <ns3:cad>89</ns3:cad>
          </ns3:TrackPointExtension>
        </extensions>
      </trkpt>
      <trkpt lat="22.60492022149264812469482421875" lon="113.8877918757498264312744140625">
        <ele>15.19999980926513671875</ele>
        <time>2026-08-23T12:13:48.000Z</time>
        <extensions>
          <ns3:TrackPointExtension>
            <ns3:atemp>30.0</ns3:atemp>
            <ns3:hr>162</ns3:hr>
            <ns3:cad>88</ns3:cad>
          </ns3:TrackPointExtension>
        </extensions>
      </trkpt>
      <trkpt lat="22.6049563474953174591064453125" lon="113.88778089545667171478271484375">
        <ele>15.19999980926513671875</ele>
        <time>2026-08-23T12:13:49.000Z</time>
        <extensions>
          <ns3:TrackPointExtension>
            <ns3:atemp>30.0</ns3:atemp>
            <ns3:hr>162</ns3:hr>
            <ns3:cad>87</ns3:cad>
          </ns3:TrackPointExtension>
        </extensions>
      </trkpt>
      <trkpt lat="22.60498777963221073150634765625" lon="113.88777351938188076019287109375">
        <ele>15.19999980926513671875</ele>
        <time>2026-08-23T12:13:50.000Z</time>
        <extensions>
          <ns3:TrackPointExtension>
            <ns3:atemp>30.0</ns3:atemp>
            <ns3:hr>162</ns3:hr>
            <ns3:cad>87</ns3:cad>
          </ns3:TrackPointExtension>
        </extensions>
      </trkpt>
      <trkpt lat="22.605019547045230865478515625" lon="113.88775994069874286651611328125">
        <ele>15.19999980926513671875</ele>
        <time>2026-08-23T12:13:51.000Z</time>
        <extensions>
          <ns3:TrackPointExtension>
            <ns3:atemp>30.0</ns3:atemp>
            <ns3:hr>162</ns3:hr>
            <ns3:cad>87</ns3:cad>
          </ns3:TrackPointExtension>
        </extensions>
      </trkpt>
      <trkpt lat="22.60505366139113903045654296875" lon="113.88774988241493701934814453125">
        <ele>15.19999980926513671875</ele>
        <time>2026-08-23T12:13:52.000Z</time>
        <extensions>
          <ns3:TrackPointExtension>
            <ns3:atemp>30.0</ns3:atemp>
            <ns3:hr>162</ns3:hr>
            <ns3:cad>88</ns3:cad>
          </ns3:TrackPointExtension>
        </extensions>
      </trkpt>
      <trkpt lat="22.6050830818712711334228515625" lon="113.88773462735116481781005859375">
        <ele>15.19999980926513671875</ele>
        <time>2026-08-23T12:13:53.000Z</time>
        <extensions>
          <ns3:TrackPointExtension>
            <ns3:atemp>30.0</ns3:atemp>
            <ns3:hr>162</ns3:hr>
            <ns3:cad>88</ns3:cad>
          </ns3:TrackPointExtension>
        </extensions>
      </trkpt>
      <trkpt lat="22.60511736385524272918701171875" lon="113.887723647058010101318359375">
        <ele>15.3999996185302734375</ele>
        <time>2026-08-23T12:13:54.000Z</time>
        <extensions>
          <ns3:TrackPointExtension>
            <ns3:atemp>30.0</ns3:atemp>
            <ns3:hr>162</ns3:hr>
            <ns3:cad>88</ns3:cad>
          </ns3:TrackPointExtension>
        </extensions>
      </trkpt>
      <trkpt lat="22.60514351539313793182373046875" lon="113.88770914636552333831787109375">
        <ele>15.3999996185302734375</ele>
        <time>2026-08-23T12:13:55.000Z</time>
        <extensions>
          <ns3:TrackPointExtension>
            <ns3:atemp>30.0</ns3:atemp>
            <ns3:hr>163</ns3:hr>
            <ns3:cad>88</ns3:cad>
          </ns3:TrackPointExtension>
        </extensions>
      </trkpt>
      <trkpt lat="22.60517788119614124298095703125" lon="113.88769757933914661407470703125">
        <ele>15.6000003814697265625</ele>
        <time>2026-08-23T12:13:56.000Z</time>
        <extensions>
          <ns3:TrackPointExtension>
            <ns3:atemp>30.0</ns3:atemp>
            <ns3:hr>162</ns3:hr>
            <ns3:cad>88</ns3:cad>
          </ns3:TrackPointExtension>
        </extensions>
      </trkpt>
      <trkpt lat="22.60520939715206623077392578125" lon="113.887686096131801605224609375">
        <ele>15.6000003814697265625</ele>
        <time>2026-08-23T12:13:57.000Z</time>
        <extensions>
          <ns3:TrackPointExtension>
            <ns3:atemp>30.0</ns3:atemp>
            <ns3:hr>162</ns3:hr>
            <ns3:cad>88</ns3:cad>
          </ns3:TrackPointExtension>
        </extensions>
      </trkpt>
      <trkpt lat="22.6052466966211795806884765625" lon="113.88767846859991550445556640625">
        <ele>15.80000019073486328125</ele>
        <time>2026-08-23T12:13:58.000Z</time>
        <extensions>
          <ns3:TrackPointExtension>
            <ns3:atemp>30.0</ns3:atemp>
            <ns3:hr>163</ns3:hr>
            <ns3:cad>88</ns3:cad>
          </ns3:TrackPointExtension>
        </extensions>
      </trkpt>
      <trkpt lat="22.6052748598158359527587890625" lon="113.88766430318355560302734375">
        <ele>16</ele>
        <time>2026-08-23T12:13:59.000Z</time>
        <extensions>
          <ns3:TrackPointExtension>
            <ns3:atemp>30.0</ns3:atemp>
            <ns3:hr>163</ns3:hr>
            <ns3:cad>88</ns3:cad>
          </ns3:TrackPointExtension>
        </extensions>
      </trkpt>
      <trkpt lat="22.60530679486691951751708984375" lon="113.88765550218522548675537109375">
        <ele>16</ele>
        <time>2026-08-23T12:14:00.000Z</time>
        <extensions>
          <ns3:TrackPointExtension>
            <ns3:atemp>30.0</ns3:atemp>
            <ns3:hr>163</ns3:hr>
            <ns3:cad>88</ns3:cad>
          </ns3:TrackPointExtension>
        </extensions>
      </trkpt>
      <trkpt lat="22.60533344931900501251220703125" lon="113.8876423425972461700439453125">
        <ele>16</ele>
        <time>2026-08-23T12:14:01.000Z</time>
        <extensions>
          <ns3:TrackPointExtension>
            <ns3:atemp>30.0</ns3:atemp>
            <ns3:hr>163</ns3:hr>
            <ns3:cad>88</ns3:cad>
          </ns3:TrackPointExtension>
        </extensions>
      </trkpt>
      <trkpt lat="22.60536865331232547760009765625" lon="113.8876349665224552154541015625">
        <ele>16</ele>
        <time>2026-08-23T12:14:02.000Z</time>
        <extensions>
          <ns3:TrackPointExtension>
            <ns3:atemp>30.0</ns3:atemp>
            <ns3:hr>163</ns3:hr>
            <ns3:cad>88</ns3:cad>
          </ns3:TrackPointExtension>
        </extensions>
      </trkpt>
      <trkpt lat="22.60539396665990352630615234375" lon="113.88762348331511020660400390625">
        <ele>16</ele>
        <time>2026-08-23T12:14:03.000Z</time>
        <extensions>
          <ns3:TrackPointExtension>
            <ns3:atemp>30.0</ns3:atemp>
            <ns3:hr>164</ns3:hr>
            <ns3:cad>88</ns3:cad>
          </ns3:TrackPointExtension>
        </extensions>
      </trkpt>
      <trkpt lat="22.60543101467192173004150390625" lon="113.8876126706600189208984375">
        <ele>15.80000019073486328125</ele>
        <time>2026-08-23T12:14:04.000Z</time>
        <extensions>
          <ns3:TrackPointExtension>
            <ns3:atemp>30.0</ns3:atemp>
            <ns3:hr>164</ns3:hr>
            <ns3:cad>88</ns3:cad>
          </ns3:TrackPointExtension>
        </extensions>
      </trkpt>
      <trkpt lat="22.605456747114658355712890625" lon="113.88760470785200595855712890625">
        <ele>15.80000019073486328125</ele>
        <time>2026-08-23T12:14:05.000Z</time>
        <extensions>
          <ns3:TrackPointExtension>
            <ns3:atemp>30.0</ns3:atemp>
            <ns3:hr>164</ns3:hr>
            <ns3:cad>88</ns3:cad>
          </ns3:TrackPointExtension>
        </extensions>
      </trkpt>
      <trkpt lat="22.60548901744186878204345703125" lon="113.887595571577548980712890625">
        <ele>15.80000019073486328125</ele>
        <time>2026-08-23T12:14:06.000Z</time>
        <extensions>
          <ns3:TrackPointExtension>
            <ns3:atemp>30.0</ns3:atemp>
            <ns3:hr>164</ns3:hr>
            <ns3:cad>88</ns3:cad>
          </ns3:TrackPointExtension>
        </extensions>
      </trkpt>
      <trkpt lat="22.6055182702839374542236328125" lon="113.887590877711772918701171875">
        <ele>15.80000019073486328125</ele>
        <time>2026-08-23T12:14:07.000Z</time>
        <extensions>
          <ns3:TrackPointExtension>
            <ns3:atemp>30.0</ns3:atemp>
            <ns3:hr>163</ns3:hr>
            <ns3:cad>88</ns3:cad>
          </ns3:TrackPointExtension>
        </extensions>
      </trkpt>
      <trkpt lat="22.60554953478276729583740234375" lon="113.88758341781795024871826171875">
        <ele>16</ele>
        <time>2026-08-23T12:14:08.000Z</time>
        <extensions>
          <ns3:TrackPointExtension>
            <ns3:atemp>30.0</ns3:atemp>
            <ns3:hr>164</ns3:hr>
            <ns3:cad>88</ns3:cad>
          </ns3:TrackPointExtension>
        </extensions>
      </trkpt>
      <trkpt lat="22.605580128729343414306640625" lon="113.88757570646703243255615234375">
        <ele>16</ele>
        <time>2026-08-23T12:14:09.000Z</time>
        <extensions>
          <ns3:TrackPointExtension>
            <ns3:atemp>30.0</ns3:atemp>
            <ns3:hr>164</ns3:hr>
            <ns3:cad>88</ns3:cad>
          </ns3:TrackPointExtension>
        </extensions>
      </trkpt>
      <trkpt lat="22.605606280267238616943359375" lon="113.88755894266068935394287109375">
        <ele>16</ele>
        <time>2026-08-23T12:14:10.000Z</time>
        <extensions>
          <ns3:TrackPointExtension>
            <ns3:atemp>30.0</ns3:atemp>
            <ns3:hr>164</ns3:hr>
            <ns3:cad>88</ns3:cad>
          </ns3:TrackPointExtension>
        </extensions>
      </trkpt>
      <trkpt lat="22.6056362874805927276611328125" lon="113.88753782026469707489013671875">
        <ele>15.80000019073486328125</ele>
        <time>2026-08-23T12:14:11.000Z</time>
        <extensions>
          <ns3:TrackPointExtension>
            <ns3:atemp>30.0</ns3:atemp>
            <ns3:hr>164</ns3:hr>
            <ns3:cad>88</ns3:cad>
          </ns3:TrackPointExtension>
        </extensions>
      </trkpt>
      <trkpt lat="22.60565397329628467559814453125" lon="113.8875226490199565887451171875">
        <ele>16</ele>
        <time>2026-08-23T12:14:12.000Z</time>
        <extensions>
          <ns3:TrackPointExtension>
            <ns3:atemp>30.0</ns3:atemp>
            <ns3:hr>165</ns3:hr>
            <ns3:cad>88</ns3:cad>
          </ns3:TrackPointExtension>
        </extensions>
      </trkpt>
      <trkpt lat="22.60568372905254364013671875" lon="113.88750135898590087890625">
        <ele>16</ele>
        <time>2026-08-23T12:14:13.000Z</time>
        <extensions>
          <ns3:TrackPointExtension>
            <ns3:atemp>30.0</ns3:atemp>
            <ns3:hr>165</ns3:hr>
            <ns3:cad>88</ns3:cad>
          </ns3:TrackPointExtension>
        </extensions>
      </trkpt>
      <trkpt lat="22.6056966371834278106689453125" lon="113.88748300261795520782470703125">
        <ele>16</ele>
        <time>2026-08-23T12:14:14.000Z</time>
        <extensions>
          <ns3:TrackPointExtension>
            <ns3:atemp>30.0</ns3:atemp>
            <ns3:hr>165</ns3:hr>
            <ns3:cad>88</ns3:cad>
          </ns3:TrackPointExtension>
        </extensions>
      </trkpt>
      <trkpt lat="22.60572069324553012847900390625" lon="113.887452743947505950927734375">
        <ele>16</ele>
        <time>2026-08-23T12:14:15.000Z</time>
        <extensions>
          <ns3:TrackPointExtension>
            <ns3:atemp>30.0</ns3:atemp>
            <ns3:hr>165</ns3:hr>
            <ns3:cad>88</ns3:cad>
          </ns3:TrackPointExtension>
        </extensions>
      </trkpt>
      <trkpt lat="22.60573376901447772979736328125" lon="113.88743002898991107940673828125">
        <ele>16</ele>
        <time>2026-08-23T12:14:16.000Z</time>
        <extensions>
          <ns3:TrackPointExtension>
            <ns3:atemp>30.0</ns3:atemp>
            <ns3:hr>165</ns3:hr>
            <ns3:cad>88</ns3:cad>
          </ns3:TrackPointExtension>
        </extensions>
      </trkpt>
      <trkpt lat="22.6057512871921062469482421875" lon="113.88740010559558868408203125">
        <ele>16</ele>
        <time>2026-08-23T12:14:17.000Z</time>
        <extensions>
          <ns3:TrackPointExtension>
            <ns3:atemp>30.0</ns3:atemp>
            <ns3:hr>166</ns3:hr>
            <ns3:cad>88</ns3:cad>
          </ns3:TrackPointExtension>
        </extensions>
      </trkpt>
      <trkpt lat="22.6057559810578823089599609375" lon="113.8873751275241374969482421875">
        <ele>16</ele>
        <time>2026-08-23T12:14:18.000Z</time>
        <extensions>
          <ns3:TrackPointExtension>
            <ns3:atemp>30.0</ns3:atemp>
            <ns3:hr>165</ns3:hr>
            <ns3:cad>87</ns3:cad>
          </ns3:TrackPointExtension>
        </extensions>
      </trkpt>
      <trkpt lat="22.6057596690952777862548828125" lon="113.88734218664467334747314453125">
        <ele>16</ele>
        <time>2026-08-23T12:14:19.000Z</time>
        <extensions>
          <ns3:TrackPointExtension>
            <ns3:atemp>30.0</ns3:atemp>
            <ns3:hr>166</ns3:hr>
            <ns3:cad>87</ns3:cad>
          </ns3:TrackPointExtension>
        </extensions>
      </trkpt>
      <trkpt lat="22.60575774125754833221435546875" lon="113.8873104192316532135009765625">
        <ele>16</ele>
        <time>2026-08-23T12:14:20.000Z</time>
        <extensions>
          <ns3:TrackPointExtension>
            <ns3:atemp>30.0</ns3:atemp>
            <ns3:hr>166</ns3:hr>
            <ns3:cad>88</ns3:cad>
          </ns3:TrackPointExtension>
        </extensions>
      </trkpt>
      <trkpt lat="22.6057499460875988006591796875" lon="113.88728016056120395660400390625">
        <ele>16</ele>
        <time>2026-08-23T12:14:21.000Z</time>
        <extensions>
          <ns3:TrackPointExtension>
            <ns3:atemp>30.0</ns3:atemp>
            <ns3:hr>166</ns3:hr>
            <ns3:cad>88</ns3:cad>
          </ns3:TrackPointExtension>
        </extensions>
      </trkpt>
      <trkpt lat="22.605743072926998138427734375" lon="113.8872478902339935302734375">
        <ele>16</ele>
        <time>2026-08-23T12:14:22.000Z</time>
        <extensions>
          <ns3:TrackPointExtension>
            <ns3:atemp>30.0</ns3:atemp>
            <ns3:hr>166</ns3:hr>
            <ns3:cad>87</ns3:cad>
          </ns3:TrackPointExtension>
        </extensions>
      </trkpt>
      <trkpt lat="22.6057284884154796600341796875" lon="113.88722148723900318145751953125">
        <ele>16</ele>
        <time>2026-08-23T12:14:23.000Z</time>
        <extensions>
          <ns3:TrackPointExtension>
            <ns3:atemp>30.0</ns3:atemp>
            <ns3:hr>165</ns3:hr>
            <ns3:cad>87</ns3:cad>
          </ns3:TrackPointExtension>
        </extensions>
      </trkpt>
      <trkpt lat="22.60571130551397800445556640625" lon="113.88718695379793643951416015625">
        <ele>16</ele>
        <time>2026-08-23T12:14:24.000Z</time>
        <extensions>
          <ns3:TrackPointExtension>
            <ns3:atemp>30.0</ns3:atemp>
            <ns3:hr>166</ns3:hr>
            <ns3:cad>87</ns3:cad>
          </ns3:TrackPointExtension>
        </extensions>
      </trkpt>
      <trkpt lat="22.6056899316608905792236328125" lon="113.8871639035642147064208984375">
        <ele>16</ele>
        <time>2026-08-23T12:14:25.000Z</time>
        <extensions>
          <ns3:TrackPointExtension>
            <ns3:atemp>30.0</ns3:atemp>
            <ns3:hr>166</ns3:hr>
            <ns3:cad>87</ns3:cad>
          </ns3:TrackPointExtension>
        </extensions>
      </trkpt>
      <trkpt lat="22.60566554032266139984130859375" lon="113.88712794519960880279541015625">
        <ele>16</ele>
        <time>2026-08-23T12:14:26.000Z</time>
        <extensions>
          <ns3:TrackPointExtension>
            <ns3:atemp>30.0</ns3:atemp>
            <ns3:hr>166</ns3:hr>
            <ns3:cad>88</ns3:cad>
          </ns3:TrackPointExtension>
        </extensions>
      </trkpt>
      <trkpt lat="22.60564508847892284393310546875" lon="113.887111432850360870361328125">
        <ele>16.200000762939453125</ele>
        <time>2026-08-23T12:14:27.000Z</time>
        <extensions>
          <ns3:TrackPointExtension>
            <ns3:atemp>30.0</ns3:atemp>
            <ns3:hr>165</ns3:hr>
            <ns3:cad>88</ns3:cad>
          </ns3:TrackPointExtension>
        </extensions>
      </trkpt>
      <trkpt lat="22.60561156086623668670654296875" lon="113.887086622416973114013671875">
        <ele>16.200000762939453125</ele>
        <time>2026-08-23T12:14:28.000Z</time>
        <extensions>
          <ns3:TrackPointExtension>
            <ns3:atemp>30.0</ns3:atemp>
            <ns3:hr>166</ns3:hr>
            <ns3:cad>88</ns3:cad>
          </ns3:TrackPointExtension>
        </extensions>
      </trkpt>
      <trkpt lat="22.60558323003351688385009765625" lon="113.88707421720027923583984375">
        <ele>16</ele>
        <time>2026-08-23T12:14:29.000Z</time>
        <extensions>
          <ns3:TrackPointExtension>
            <ns3:atemp>30.0</ns3:atemp>
            <ns3:hr>166</ns3:hr>
            <ns3:cad>88</ns3:cad>
          </ns3:TrackPointExtension>
        </extensions>
      </trkpt>
      <trkpt lat="22.60554953478276729583740234375" lon="113.8870579563081264495849609375">
        <ele>16</ele>
        <time>2026-08-23T12:14:30.000Z</time>
        <extensions>
          <ns3:TrackPointExtension>
            <ns3:atemp>30.0</ns3:atemp>
            <ns3:hr>165</ns3:hr>
            <ns3:cad>88</ns3:cad>
          </ns3:TrackPointExtension>
        </extensions>
      </trkpt>
      <trkpt lat="22.6055186055600643157958984375" lon="113.8870494067668914794921875">
        <ele>16</ele>
        <time>2026-08-23T12:14:31.000Z</time>
        <extensions>
          <ns3:TrackPointExtension>
            <ns3:atemp>30.0</ns3:atemp>
            <ns3:hr>165</ns3:hr>
            <ns3:cad>88</ns3:cad>
          </ns3:TrackPointExtension>
        </extensions>
      </trkpt>
      <trkpt lat="22.60548315010964870452880859375" lon="113.88704429380595684051513671875">
        <ele>16</ele>
        <time>2026-08-23T12:14:32.000Z</time>
        <extensions>
          <ns3:TrackPointExtension>
            <ns3:atemp>30.0</ns3:atemp>
            <ns3:hr>165</ns3:hr>
            <ns3:cad>87</ns3:cad>
          </ns3:TrackPointExtension>
        </extensions>
      </trkpt>
      <trkpt lat="22.6054502092301845550537109375" lon="113.88704697601497173309326171875">
        <ele>16.200000762939453125</ele>
        <time>2026-08-23T12:14:33.000Z</time>
        <extensions>
          <ns3:TrackPointExtension>
            <ns3:atemp>30.0</ns3:atemp>
            <ns3:hr>165</ns3:hr>
            <ns3:cad>87</ns3:cad>
          </ns3:TrackPointExtension>
        </extensions>
      </trkpt>
      <trkpt lat="22.60542363859713077545166015625" lon="113.8870574533939361572265625">
        <ele>16.200000762939453125</ele>
        <time>2026-08-23T12:14:34.000Z</time>
        <extensions>
          <ns3:TrackPointExtension>
            <ns3:atemp>30.0</ns3:atemp>
            <ns3:hr>166</ns3:hr>
            <ns3:cad>87</ns3:cad>
          </ns3:TrackPointExtension>
        </extensions>
      </trkpt>
      <trkpt lat="22.60539094917476177215576171875" lon="113.88706658966839313507080078125">
        <ele>16.200000762939453125</ele>
        <time>2026-08-23T12:14:35.000Z</time>
        <extensions>
          <ns3:TrackPointExtension>
            <ns3:atemp>30.0</ns3:atemp>
            <ns3:hr>165</ns3:hr>
            <ns3:cad>87</ns3:cad>
          </ns3:TrackPointExtension>
        </extensions>
      </trkpt>
      <trkpt lat="22.605362199246883392333984375" lon="113.887083269655704498291015625">
        <ele>16.200000762939453125</ele>
        <time>2026-08-23T12:14:36.000Z</time>
        <extensions>
          <ns3:TrackPointExtension>
            <ns3:atemp>30.0</ns3:atemp>
            <ns3:hr>165</ns3:hr>
            <ns3:cad>88</ns3:cad>
          </ns3:TrackPointExtension>
        </extensions>
      </trkpt>
      <trkpt lat="22.60532506741583347320556640625" lon="113.88709324412047863006591796875">
        <ele>16.3999996185302734375</ele>
        <time>2026-08-23T12:14:37.000Z</time>
        <extensions>
          <ns3:TrackPointExtension>
            <ns3:atemp>30.0</ns3:atemp>
            <ns3:hr>165</ns3:hr>
            <ns3:cad>88</ns3:cad>
          </ns3:TrackPointExtension>
        </extensions>
      </trkpt>
      <trkpt lat="22.6053013466298580169677734375" lon="113.88710347004234790802001953125">
        <ele>16.200000762939453125</ele>
        <time>2026-08-23T12:14:38.000Z</time>
        <extensions>
          <ns3:TrackPointExtension>
            <ns3:atemp>30.0</ns3:atemp>
            <ns3:hr>165</ns3:hr>
            <ns3:cad>88</ns3:cad>
          </ns3:TrackPointExtension>
        </extensions>
      </trkpt>
      <trkpt lat="22.60526522062718868255615234375" lon="113.88711118139326572418212890625">
        <ele>16.200000762939453125</ele>
        <time>2026-08-23T12:14:39.000Z</time>
        <extensions>
          <ns3:TrackPointExtension>
            <ns3:atemp>30.0</ns3:atemp>
            <ns3:hr>165</ns3:hr>
            <ns3:cad>88</ns3:cad>
          </ns3:TrackPointExtension>
        </extensions>
      </trkpt>
      <trkpt lat="22.605241499841213226318359375" lon="113.88712476007640361785888671875">
        <ele>16.200000762939453125</ele>
        <time>2026-08-23T12:14:40.000Z</time>
        <extensions>
          <ns3:TrackPointExtension>
            <ns3:atemp>30.0</ns3:atemp>
            <ns3:hr>165</ns3:hr>
            <ns3:cad>88</ns3:cad>
          </ns3:TrackPointExtension>
        </extensions>
      </trkpt>
      <trkpt lat="22.6052037812769412994384765625" lon="113.8871400989592075347900390625">
        <ele>16.200000762939453125</ele>
        <time>2026-08-23T12:14:41.000Z</time>
        <extensions>
          <ns3:TrackPointExtension>
            <ns3:atemp>30.0</ns3:atemp>
            <ns3:hr>165</ns3:hr>
            <ns3:cad>88</ns3:cad>
          </ns3:TrackPointExtension>
        </extensions>
      </trkpt>
      <trkpt lat="22.60517436079680919647216796875" lon="113.8871545158326625823974609375">
        <ele>16.200000762939453125</ele>
        <time>2026-08-23T12:14:42.000Z</time>
        <extensions>
          <ns3:TrackPointExtension>
            <ns3:atemp>30.0</ns3:atemp>
            <ns3:hr>165</ns3:hr>
            <ns3:cad>88</ns3:cad>
          </ns3:TrackPointExtension>
        </extensions>
      </trkpt>
      <trkpt lat="22.6051370613276958465576171875" lon="113.88716935180127620697021484375">
        <ele>16.200000762939453125</ele>
        <time>2026-08-23T12:14:43.000Z</time>
        <extensions>
          <ns3:TrackPointExtension>
            <ns3:atemp>30.0</ns3:atemp>
            <ns3:hr>165</ns3:hr>
            <ns3:cad>88</ns3:cad>
          </ns3:TrackPointExtension>
        </extensions>
      </trkpt>
      <trkpt lat="22.60510914959013462066650390625" lon="113.8871810026466846466064453125">
        <ele>16.200000762939453125</ele>
        <time>2026-08-23T12:14:44.000Z</time>
        <extensions>
          <ns3:TrackPointExtension>
            <ns3:atemp>30.0</ns3:atemp>
            <ns3:hr>165</ns3:hr>
            <ns3:cad>88</ns3:cad>
          </ns3:TrackPointExtension>
        </extensions>
      </trkpt>
      <trkpt lat="22.6050750352442264556884765625" lon="113.8871883787214756011962890625">
        <ele>16.200000762939453125</ele>
        <time>2026-08-23T12:14:45.000Z</time>
        <extensions>
          <ns3:TrackPointExtension>
            <ns3:atemp>30.0</ns3:atemp>
            <ns3:hr>164</ns3:hr>
            <ns3:cad>88</ns3:cad>
          </ns3:TrackPointExtension>
        </extensions>
      </trkpt>
      <trkpt lat="22.6050460338592529296875" lon="113.88719567097723484039306640625">
        <ele>16.200000762939453125</ele>
        <time>2026-08-23T12:14:46.000Z</time>
        <extensions>
          <ns3:TrackPointExtension>
            <ns3:atemp>30.0</ns3:atemp>
            <ns3:hr>165</ns3:hr>
            <ns3:cad>88</ns3:cad>
          </ns3:TrackPointExtension>
        </extensions>
      </trkpt>
      <trkpt lat="22.6050136797130107879638671875" lon="113.88720857910811901092529296875">
        <ele>16.200000762939453125</ele>
        <time>2026-08-23T12:14:47.000Z</time>
        <extensions>
          <ns3:TrackPointExtension>
            <ns3:atemp>30.0</ns3:atemp>
            <ns3:hr>164</ns3:hr>
            <ns3:cad>88</ns3:cad>
          </ns3:TrackPointExtension>
        </extensions>
      </trkpt>
      <trkpt lat="22.6049804873764514923095703125" lon="113.8872138597071170806884765625">
        <ele>16.200000762939453125</ele>
        <time>2026-08-23T12:14:48.000Z</time>
        <extensions>
          <ns3:TrackPointExtension>
            <ns3:atemp>30.0</ns3:atemp>
            <ns3:hr>164</ns3:hr>
            <ns3:cad>88</ns3:cad>
          </ns3:TrackPointExtension>
        </extensions>
      </trkpt>
      <trkpt lat="22.604949809610843658447265625" lon="113.88722718693315982818603515625">
        <ele>16.200000762939453125</ele>
        <time>2026-08-23T12:14:49.000Z</time>
        <extensions>
          <ns3:TrackPointExtension>
            <ns3:atemp>30.0</ns3:atemp>
            <ns3:hr>164</ns3:hr>
            <ns3:cad>88</ns3:cad>
          </ns3:TrackPointExtension>
        </extensions>
      </trkpt>
      <trkpt lat="22.6049154438078403472900390625" lon="113.8872329704463481903076171875">
        <ele>16.200000762939453125</ele>
        <time>2026-08-23T12:14:50.000Z</time>
        <extensions>
          <ns3:TrackPointExtension>
            <ns3:atemp>30.0</ns3:atemp>
            <ns3:hr>165</ns3:hr>
            <ns3:cad>88</ns3:cad>
          </ns3:TrackPointExtension>
        </extensions>
      </trkpt>
      <trkpt lat="22.6048923097550868988037109375" lon="113.8872433640062808990478515625">
        <ele>16.200000762939453125</ele>
        <time>2026-08-23T12:14:51.000Z</time>
        <extensions>
          <ns3:TrackPointExtension>
            <ns3:atemp>30.0</ns3:atemp>
            <ns3:hr>164</ns3:hr>
            <ns3:cad>88</ns3:cad>
          </ns3:TrackPointExtension>
        </extensions>
      </trkpt>
      <trkpt lat="22.60485760867595672607421875" lon="113.8872480578720569610595703125">
        <ele>16.200000762939453125</ele>
        <time>2026-08-23T12:14:52.000Z</time>
        <extensions>
          <ns3:TrackPointExtension>
            <ns3:atemp>30.0</ns3:atemp>
            <ns3:hr>164</ns3:hr>
            <ns3:cad>88</ns3:cad>
          </ns3:TrackPointExtension>
        </extensions>
      </trkpt>
      <trkpt lat="22.60483388788998126983642578125" lon="113.88725551776587963104248046875">
        <ele>16.200000762939453125</ele>
        <time>2026-08-23T12:14:53.000Z</time>
        <extensions>
          <ns3:TrackPointExtension>
            <ns3:atemp>30.0</ns3:atemp>
            <ns3:hr>164</ns3:hr>
            <ns3:cad>88</ns3:cad>
          </ns3:TrackPointExtension>
        </extensions>
      </trkpt>
      <trkpt lat="22.6047960855066776275634765625" lon="113.88725928962230682373046875">
        <ele>16.200000762939453125</ele>
        <time>2026-08-23T12:14:54.000Z</time>
        <extensions>
          <ns3:TrackPointExtension>
            <ns3:atemp>30.0</ns3:atemp>
            <ns3:hr>165</ns3:hr>
            <ns3:cad>88</ns3:cad>
          </ns3:TrackPointExtension>
        </extensions>
      </trkpt>
      <trkpt lat="22.60476834140717983245849609375" lon="113.88726876117289066314697265625">
        <ele>16.200000762939453125</ele>
        <time>2026-08-23T12:14:55.000Z</time>
        <extensions>
          <ns3:TrackPointExtension>
            <ns3:atemp>30.0</ns3:atemp>
            <ns3:hr>164</ns3:hr>
            <ns3:cad>88</ns3:cad>
          </ns3:TrackPointExtension>
        </extensions>
      </trkpt>
      <trkpt lat="22.6047323830425739288330078125" lon="113.88728099875152111053466796875">
        <ele>16.200000762939453125</ele>
        <time>2026-08-23T12:14:56.000Z</time>
        <extensions>
          <ns3:TrackPointExtension>
            <ns3:atemp>30.0</ns3:atemp>
            <ns3:hr>164</ns3:hr>
            <ns3:cad>88</ns3:cad>
          </ns3:TrackPointExtension>
        </extensions>
      </trkpt>
      <trkpt lat="22.60469675995409488677978515625" lon="113.887298516929149627685546875">
        <ele>16</ele>
        <time>2026-08-23T12:14:57.000Z</time>
        <extensions>
          <ns3:TrackPointExtension>
            <ns3:atemp>30.0</ns3:atemp>
            <ns3:hr>165</ns3:hr>
            <ns3:cad>88</ns3:cad>
          </ns3:TrackPointExtension>
        </extensions>
      </trkpt>
      <trkpt lat="22.60466851294040679931640625" lon="113.8873231597244739532470703125">
        <ele>16</ele>
        <time>2026-08-23T12:14:58.000Z</time>
        <extensions>
          <ns3:TrackPointExtension>
            <ns3:atemp>30.0</ns3:atemp>
            <ns3:hr>164</ns3:hr>
            <ns3:cad>88</ns3:cad>
          </ns3:TrackPointExtension>
        </extensions>
      </trkpt>
      <trkpt lat="22.604633979499340057373046875" lon="113.8873509876430034637451171875">
        <ele>16</ele>
        <time>2026-08-23T12:14:59.000Z</time>
        <extensions>
          <ns3:TrackPointExtension>
            <ns3:atemp>30.0</ns3:atemp>
            <ns3:hr>164</ns3:hr>
            <ns3:cad>87</ns3:cad>
          </ns3:TrackPointExtension>
        </extensions>
      </trkpt>
      <trkpt lat="22.60461327619850635528564453125" lon="113.88738124631345272064208984375">
        <ele>16</ele>
        <time>2026-08-23T12:15:00.000Z</time>
        <extensions>
          <ns3:TrackPointExtension>
            <ns3:atemp>30.0</ns3:atemp>
            <ns3:hr>163</ns3:hr>
            <ns3:cad>86</ns3:cad>
          </ns3:TrackPointExtension>
        </extensions>
      </trkpt>
      <trkpt lat="22.60459282435476779937744140625" lon="113.88741611503064632415771484375">
        <ele>16</ele>
        <time>2026-08-23T12:15:01.000Z</time>
        <extensions>
          <ns3:TrackPointExtension>
            <ns3:atemp>30.0</ns3:atemp>
            <ns3:hr>163</ns3:hr>
            <ns3:cad>86</ns3:cad>
          </ns3:TrackPointExtension>
        </extensions>
      </trkpt>
      <trkpt lat="22.60458326898515224456787109375" lon="113.88744444586336612701416015625">
        <ele>16</ele>
        <time>2026-08-23T12:15:02.000Z</time>
        <extensions>
          <ns3:TrackPointExtension>
            <ns3:atemp>30.0</ns3:atemp>
            <ns3:hr>163</ns3:hr>
            <ns3:cad>87</ns3:cad>
          </ns3:TrackPointExtension>
        </extensions>
      </trkpt>
      <trkpt lat="22.60456851683557033538818359375" lon="113.88748501427471637725830078125">
        <ele>16</ele>
        <time>2026-08-23T12:15:03.000Z</time>
        <extensions>
          <ns3:TrackPointExtension>
            <ns3:atemp>30.0</ns3:atemp>
            <ns3:hr>163</ns3:hr>
            <ns3:cad>87</ns3:cad>
          </ns3:TrackPointExtension>
        </extensions>
      </trkpt>
      <trkpt lat="22.60456516407430171966552734375" lon="113.88751678168773651123046875">
        <ele>16</ele>
        <time>2026-08-23T12:15:04.000Z</time>
        <extensions>
          <ns3:TrackPointExtension>
            <ns3:atemp>30.0</ns3:atemp>
            <ns3:hr>164</ns3:hr>
            <ns3:cad>87</ns3:cad>
          </ns3:TrackPointExtension>
        </extensions>
      </trkpt>
      <trkpt lat="22.6045667566359043121337890625" lon="113.8875565119087696075439453125">
        <ele>16</ele>
        <time>2026-08-23T12:15:05.000Z</time>
        <extensions>
          <ns3:TrackPointExtension>
            <ns3:atemp>30.0</ns3:atemp>
            <ns3:hr>163</ns3:hr>
            <ns3:cad>87</ns3:cad>
          </ns3:TrackPointExtension>
        </extensions>
      </trkpt>
      <trkpt lat="22.60456801392138004302978515625" lon="113.88758643530309200286865234375">
        <ele>16.200000762939453125</ele>
        <time>2026-08-23T12:15:06.000Z</time>
        <extensions>
          <ns3:TrackPointExtension>
            <ns3:atemp>30.0</ns3:atemp>
            <ns3:hr>163</ns3:hr>
            <ns3:cad>87</ns3:cad>
          </ns3:TrackPointExtension>
        </extensions>
      </trkpt>
      <trkpt lat="22.6045701093971729278564453125" lon="113.88762029819190502166748046875">
        <ele>16.200000762939453125</ele>
        <time>2026-08-23T12:15:07.000Z</time>
        <extensions>
          <ns3:TrackPointExtension>
            <ns3:atemp>30.0</ns3:atemp>
            <ns3:hr>164</ns3:hr>
            <ns3:cad>87</ns3:cad>
          </ns3:TrackPointExtension>
        </extensions>
      </trkpt>
      <trkpt lat="22.60457455180585384368896484375" lon="113.8876433484256267547607421875">
        <ele>16.200000762939453125</ele>
        <time>2026-08-23T12:15:08.000Z</time>
        <extensions>
          <ns3:TrackPointExtension>
            <ns3:atemp>30.0</ns3:atemp>
            <ns3:hr>163</ns3:hr>
            <ns3:cad>87</ns3:cad>
          </ns3:TrackPointExtension>
        </extensions>
      </trkpt>
      <trkpt lat="22.60459206998348236083984375" lon="113.88767234981060028076171875">
        <ele>16.3999996185302734375</ele>
        <time>2026-08-23T12:15:09.000Z</time>
        <extensions>
          <ns3:TrackPointExtension>
            <ns3:atemp>30.0</ns3:atemp>
            <ns3:hr>163</ns3:hr>
            <ns3:cad>88</ns3:cad>
          </ns3:TrackPointExtension>
        </extensions>
      </trkpt>
      <trkpt lat="22.604609839618206024169921875" lon="113.8877006806433200836181640625">
        <ele>16.3999996185302734375</ele>
        <time>2026-08-23T12:15:10.000Z</time>
        <extensions>
          <ns3:TrackPointExtension>
            <ns3:atemp>30.0</ns3:atemp>
            <ns3:hr>164</ns3:hr>
            <ns3:cad>88</ns3:cad>
          </ns3:TrackPointExtension>
        </extensions>
      </trkpt>
      <trkpt lat="22.60463573969900608062744140625" lon="113.88772674836218357086181640625">
        <ele>16.200000762939453125</ele>
        <time>2026-08-23T12:15:11.000Z</time>
        <extensions>
          <ns3:TrackPointExtension>
            <ns3:atemp>30.0</ns3:atemp>
            <ns3:hr>163</ns3:hr>
            <ns3:cad>88</ns3:cad>
          </ns3:TrackPointExtension>
        </extensions>
      </trkpt>
      <trkpt lat="22.60465912520885467529296875" lon="113.88775541447103023529052734375">
        <ele>16.200000762939453125</ele>
        <time>2026-08-23T12:15:12.000Z</time>
        <extensions>
          <ns3:TrackPointExtension>
            <ns3:atemp>30.0</ns3:atemp>
            <ns3:hr>163</ns3:hr>
            <ns3:cad>88</ns3:cad>
          </ns3:TrackPointExtension>
        </extensions>
      </trkpt>
      <trkpt lat="22.604684941470623016357421875" lon="113.88777452521026134490966796875">
        <ele>16.200000762939453125</ele>
        <time>2026-08-23T12:15:13.000Z</time>
        <extensions>
          <ns3:TrackPointExtension>
            <ns3:atemp>30.0</ns3:atemp>
            <ns3:hr>163</ns3:hr>
            <ns3:cad>88</ns3:cad>
          </ns3:TrackPointExtension>
        </extensions>
      </trkpt>
      <trkpt lat="22.60471838526427745819091796875" lon="113.88779547996819019317626953125">
        <ele>16.200000762939453125</ele>
        <time>2026-08-23T12:15:14.000Z</time>
        <extensions>
          <ns3:TrackPointExtension>
            <ns3:atemp>30.0</ns3:atemp>
            <ns3:hr>164</ns3:hr>
            <ns3:cad>88</ns3:cad>
          </ns3:TrackPointExtension>
        </extensions>
      </trkpt>
      <trkpt lat="22.604743950068950653076171875" lon="113.88780687935650348663330078125">
        <ele>16.200000762939453125</ele>
        <time>2026-08-23T12:15:15.000Z</time>
        <extensions>
          <ns3:TrackPointExtension>
            <ns3:atemp>30.0</ns3:atemp>
            <ns3:hr>164</ns3:hr>
            <ns3:cad>88</ns3:cad>
          </ns3:TrackPointExtension>
        </extensions>
      </trkpt>
      <trkpt lat="22.6047826744616031646728515625" lon="113.88781853020191192626953125">
        <ele>16.3999996185302734375</ele>
        <time>2026-08-23T12:15:16.000Z</time>
        <extensions>
          <ns3:TrackPointExtension>
            <ns3:atemp>30.0</ns3:atemp>
            <ns3:hr>164</ns3:hr>
            <ns3:cad>88</ns3:cad>
          </ns3:TrackPointExtension>
        </extensions>
      </trkpt>
      <trkpt lat="22.60481762699782848358154296875" lon="113.88781945221126079559326171875">
        <ele>16.3999996185302734375</ele>
        <time>2026-08-23T12:15:17.000Z</time>
        <extensions>
          <ns3:TrackPointExtension>
            <ns3:atemp>30.0</ns3:atemp>
            <ns3:hr>165</ns3:hr>
            <ns3:cad>88</ns3:cad>
          </ns3:TrackPointExtension>
        </extensions>
      </trkpt>
      <trkpt lat="22.6048621349036693572998046875" lon="113.8878183625638484954833984375">
        <ele>16.3999996185302734375</ele>
        <time>2026-08-23T12:15:18.000Z</time>
        <extensions>
          <ns3:TrackPointExtension>
            <ns3:atemp>30.0</ns3:atemp>
            <ns3:hr>164</ns3:hr>
            <ns3:cad>88</ns3:cad>
          </ns3:TrackPointExtension>
        </extensions>
      </trkpt>
      <trkpt lat="22.6048966683447360992431640625" lon="113.88780537061393260955810546875">
        <ele>16.3999996185302734375</ele>
        <time>2026-08-23T12:15:19.000Z</time>
        <extensions>
          <ns3:TrackPointExtension>
            <ns3:atemp>30.0</ns3:atemp>
            <ns3:hr>164</ns3:hr>
            <ns3:cad>88</ns3:cad>
          </ns3:TrackPointExtension>
        </extensions>
      </trkpt>
      <trkpt lat="22.60494084097445011138916015625" lon="113.88779128901660442352294921875">
        <ele>16.6000003814697265625</ele>
        <time>2026-08-23T12:15:20.000Z</time>
        <extensions>
          <ns3:TrackPointExtension>
            <ns3:atemp>30.0</ns3:atemp>
            <ns3:hr>165</ns3:hr>
            <ns3:cad>87</ns3:cad>
          </ns3:TrackPointExtension>
        </extensions>
      </trkpt>
      <trkpt lat="22.60497235693037509918212890625" lon="113.88777905143797397613525390625">
        <ele>16.799999237060546875</ele>
        <time>2026-08-23T12:15:21.000Z</time>
        <extensions>
          <ns3:TrackPointExtension>
            <ns3:atemp>30.0</ns3:atemp>
            <ns3:hr>165</ns3:hr>
            <ns3:cad>87</ns3:cad>
          </ns3:TrackPointExtension>
        </extensions>
      </trkpt>
      <trkpt lat="22.60500823147594928741455078125" lon="113.88776094652712345123291015625">
        <ele>16.6000003814697265625</ele>
        <time>2026-08-23T12:15:22.000Z</time>
        <extensions>
          <ns3:TrackPointExtension>
            <ns3:atemp>30.0</ns3:atemp>
            <ns3:hr>165</ns3:hr>
            <ns3:cad>88</ns3:cad>
          </ns3:TrackPointExtension>
        </extensions>
      </trkpt>
      <trkpt lat="22.6050405018031597137451171875" lon="113.88774812221527099609375">
        <ele>16.6000003814697265625</ele>
        <time>2026-08-23T12:15:23.000Z</time>
        <extensions>
          <ns3:TrackPointExtension>
            <ns3:atemp>30.0</ns3:atemp>
            <ns3:hr>164</ns3:hr>
            <ns3:cad>88</ns3:cad>
          </ns3:TrackPointExtension>
        </extensions>
      </trkpt>
      <trkpt lat="22.6050768792629241943359375" lon="113.88773362152278423309326171875">
        <ele>16.6000003814697265625</ele>
        <time>2026-08-23T12:15:24.000Z</time>
        <extensions>
          <ns3:TrackPointExtension>
            <ns3:atemp>30.0</ns3:atemp>
            <ns3:hr>165</ns3:hr>
            <ns3:cad>88</ns3:cad>
          </ns3:TrackPointExtension>
        </extensions>
      </trkpt>
      <trkpt lat="22.60511032305657863616943359375" lon="113.887722305953502655029296875">
        <ele>16.3999996185302734375</ele>
        <time>2026-08-23T12:15:25.000Z</time>
        <extensions>
          <ns3:TrackPointExtension>
            <ns3:atemp>30.0</ns3:atemp>
            <ns3:hr>165</ns3:hr>
            <ns3:cad>88</ns3:cad>
          </ns3:TrackPointExtension>
        </extensions>
      </trkpt>
      <trkpt lat="22.6051451079547405242919921875" lon="113.8877090625464916229248046875">
        <ele>16.6000003814697265625</ele>
        <time>2026-08-23T12:15:26.000Z</time>
        <extensions>
          <ns3:TrackPointExtension>
            <ns3:atemp>30.0</ns3:atemp>
            <ns3:hr>165</ns3:hr>
            <ns3:cad>88</ns3:cad>
          </ns3:TrackPointExtension>
        </extensions>
      </trkpt>
      <trkpt lat="22.60517603717744350433349609375" lon="113.8876966573297977447509765625">
        <ele>16.6000003814697265625</ele>
        <time>2026-08-23T12:15:27.000Z</time>
        <extensions>
          <ns3:TrackPointExtension>
            <ns3:atemp>30.0</ns3:atemp>
            <ns3:hr>165</ns3:hr>
            <ns3:cad>88</ns3:cad>
          </ns3:TrackPointExtension>
        </extensions>
      </trkpt>
      <trkpt lat="22.60520922951400279998779296875" lon="113.88768333010375499725341796875">
        <ele>16.6000003814697265625</ele>
        <time>2026-08-23T12:15:28.000Z</time>
        <extensions>
          <ns3:TrackPointExtension>
            <ns3:atemp>30.0</ns3:atemp>
            <ns3:hr>166</ns3:hr>
            <ns3:cad>88</ns3:cad>
          </ns3:TrackPointExtension>
        </extensions>
      </trkpt>
      <trkpt lat="22.60524309240281581878662109375" lon="113.88767830096185207366943359375">
        <ele>16.799999237060546875</ele>
        <time>2026-08-23T12:15:29.000Z</time>
        <extensions>
          <ns3:TrackPointExtension>
            <ns3:atemp>30.0</ns3:atemp>
            <ns3:hr>166</ns3:hr>
            <ns3:cad>88</ns3:cad>
          </ns3:TrackPointExtension>
        </extensions>
      </trkpt>
      <trkpt lat="22.6052711717784404754638671875" lon="113.88766824267804622650146484375">
        <ele>17</ele>
        <time>2026-08-23T12:15:30.000Z</time>
        <extensions>
          <ns3:TrackPointExtension>
            <ns3:atemp>30.0</ns3:atemp>
            <ns3:hr>166</ns3:hr>
            <ns3:cad>89</ns3:cad>
          </ns3:TrackPointExtension>
        </extensions>
      </trkpt>
      <trkpt lat="22.6053067110478878021240234375" lon="113.88766271062195301055908203125">
        <ele>17</ele>
        <time>2026-08-23T12:15:31.000Z</time>
        <extensions>
          <ns3:TrackPointExtension>
            <ns3:atemp>30.0</ns3:atemp>
            <ns3:hr>166</ns3:hr>
            <ns3:cad>89</ns3:cad>
          </ns3:TrackPointExtension>
        </extensions>
      </trkpt>
      <trkpt lat="22.60533311404287815093994140625" lon="113.88764820992946624755859375">
        <ele>17</ele>
        <time>2026-08-23T12:15:32.000Z</time>
        <extensions>
          <ns3:TrackPointExtension>
            <ns3:atemp>30.0</ns3:atemp>
            <ns3:hr>166</ns3:hr>
            <ns3:cad>89</ns3:cad>
          </ns3:TrackPointExtension>
        </extensions>
      </trkpt>
      <trkpt lat="22.6053684018552303314208984375" lon="113.8876379840075969696044921875">
        <ele>16.799999237060546875</ele>
        <time>2026-08-23T12:15:33.000Z</time>
        <extensions>
          <ns3:TrackPointExtension>
            <ns3:atemp>30.0</ns3:atemp>
            <ns3:hr>167</ns3:hr>
            <ns3:cad>88</ns3:cad>
          </ns3:TrackPointExtension>
        </extensions>
      </trkpt>
      <trkpt lat="22.6053922064602375030517578125" lon="113.88762583024799823760986328125">
        <ele>16.6000003814697265625</ele>
        <time>2026-08-23T12:15:34.000Z</time>
        <extensions>
          <ns3:TrackPointExtension>
            <ns3:atemp>30.0</ns3:atemp>
            <ns3:hr>167</ns3:hr>
            <ns3:cad>88</ns3:cad>
          </ns3:TrackPointExtension>
        </extensions>
      </trkpt>
      <trkpt lat="22.60543269105255603790283203125" lon="113.8876168616116046905517578125">
        <ele>16.6000003814697265625</ele>
        <time>2026-08-23T12:15:35.000Z</time>
        <extensions>
          <ns3:TrackPointExtension>
            <ns3:atemp>30.0</ns3:atemp>
            <ns3:hr>167</ns3:hr>
            <ns3:cad>88</ns3:cad>
          </ns3:TrackPointExtension>
        </extensions>
      </trkpt>
      <trkpt lat="22.6054572500288486480712890625" lon="113.887609653174877166748046875">
        <ele>16.6000003814697265625</ele>
        <time>2026-08-23T12:15:36.000Z</time>
        <extensions>
          <ns3:TrackPointExtension>
            <ns3:atemp>30.0</ns3:atemp>
            <ns3:hr>168</ns3:hr>
            <ns3:cad>88</ns3:cad>
          </ns3:TrackPointExtension>
        </extensions>
      </trkpt>
      <trkpt lat="22.60549061000347137451171875" lon="113.88760261237621307373046875">
        <ele>16.3999996185302734375</ele>
        <time>2026-08-23T12:15:37.000Z</time>
        <extensions>
          <ns3:TrackPointExtension>
            <ns3:atemp>30.0</ns3:atemp>
            <ns3:hr>168</ns3:hr>
            <ns3:cad>88</ns3:cad>
          </ns3:TrackPointExtension>
        </extensions>
      </trkpt>
      <trkpt lat="22.605517767369747161865234375" lon="113.88759967871010303497314453125">
        <ele>16.3999996185302734375</ele>
        <time>2026-08-23T12:15:38.000Z</time>
        <extensions>
          <ns3:TrackPointExtension>
            <ns3:atemp>30.0</ns3:atemp>
            <ns3:hr>168</ns3:hr>
            <ns3:cad>88</ns3:cad>
          </ns3:TrackPointExtension>
        </extensions>
      </trkpt>
      <trkpt lat="22.6055511273443698883056640625" lon="113.88759247027337551116943359375">
        <ele>16.3999996185302734375</ele>
        <time>2026-08-23T12:15:39.000Z</time>
        <extensions>
          <ns3:TrackPointExtension>
            <ns3:atemp>30.0</ns3:atemp>
            <ns3:hr>168</ns3:hr>
            <ns3:cad>88</ns3:cad>
          </ns3:TrackPointExtension>
        </extensions>
      </trkpt>
      <trkpt lat="22.60557820089161396026611328125" lon="113.88758526183664798736572265625">
        <ele>16.3999996185302734375</ele>
        <time>2026-08-23T12:15:40.000Z</time>
        <extensions>
          <ns3:TrackPointExtension>
            <ns3:atemp>30.0</ns3:atemp>
            <ns3:hr>168</ns3:hr>
            <ns3:cad>88</ns3:cad>
          </ns3:TrackPointExtension>
        </extensions>
      </trkpt>
      <trkpt lat="22.605608962476253509521484375" lon="113.8875697553157806396484375">
        <ele>16.3999996185302734375</ele>
        <time>2026-08-23T12:15:41.000Z</time>
        <extensions>
          <ns3:TrackPointExtension>
            <ns3:atemp>30.0</ns3:atemp>
            <ns3:hr>169</ns3:hr>
            <ns3:cad>88</ns3:cad>
          </ns3:TrackPointExtension>
        </extensions>
      </trkpt>
      <trkpt lat="22.60563720948994159698486328125" lon="113.8875536620616912841796875">
        <ele>16.6000003814697265625</ele>
        <time>2026-08-23T12:15:42.000Z</time>
        <extensions>
          <ns3:TrackPointExtension>
            <ns3:atemp>30.0</ns3:atemp>
            <ns3:hr>169</ns3:hr>
            <ns3:cad>89</ns3:cad>
          </ns3:TrackPointExtension>
        </extensions>
      </trkpt>
      <trkpt lat="22.60566503740847110748291015625" lon="113.88752910308539867401123046875">
        <ele>16.799999237060546875</ele>
        <time>2026-08-23T12:15:43.000Z</time>
        <extensions>
          <ns3:TrackPointExtension>
            <ns3:atemp>30.0</ns3:atemp>
            <ns3:hr>169</ns3:hr>
            <ns3:cad>89</ns3:cad>
          </ns3:TrackPointExtension>
        </extensions>
      </trkpt>
      <trkpt lat="22.60569286532700061798095703125" lon="113.8875042088329792022705078125">
        <ele>17</ele>
        <time>2026-08-23T12:15:44.000Z</time>
        <extensions>
          <ns3:TrackPointExtension>
            <ns3:atemp>30.0</ns3:atemp>
            <ns3:hr>169</ns3:hr>
            <ns3:cad>89</ns3:cad>
          </ns3:TrackPointExtension>
        </extensions>
      </trkpt>
      <trkpt lat="22.60570644401013851165771484375" lon="113.8874783925712108612060546875">
        <ele>17</ele>
        <time>2026-08-23T12:15:45.000Z</time>
        <extensions>
          <ns3:TrackPointExtension>
            <ns3:atemp>30.0</ns3:atemp>
            <ns3:hr>169</ns3:hr>
            <ns3:cad>89</ns3:cad>
          </ns3:TrackPointExtension>
        </extensions>
      </trkpt>
      <trkpt lat="22.6057291589677333831787109375" lon="113.88744746334850788116455078125">
        <ele>17</ele>
        <time>2026-08-23T12:15:46.000Z</time>
        <extensions>
          <ns3:TrackPointExtension>
            <ns3:atemp>30.0</ns3:atemp>
            <ns3:hr>169</ns3:hr>
            <ns3:cad>89</ns3:cad>
          </ns3:TrackPointExtension>
        </extensions>
      </trkpt>
      <trkpt lat="22.60573812760412693023681640625" lon="113.8874210603535175323486328125">
        <ele>17</ele>
        <time>2026-08-23T12:15:47.000Z</time>
        <extensions>
          <ns3:TrackPointExtension>
            <ns3:atemp>30.0</ns3:atemp>
            <ns3:hr>170</ns3:hr>
            <ns3:cad>89</ns3:cad>
          </ns3:TrackPointExtension>
        </extensions>
      </trkpt>
      <trkpt lat="22.605752460658550262451171875" lon="113.8873885385692119598388671875">
        <ele>17</ele>
        <time>2026-08-23T12:15:48.000Z</time>
        <extensions>
          <ns3:TrackPointExtension>
            <ns3:atemp>30.0</ns3:atemp>
            <ns3:hr>170</ns3:hr>
            <ns3:cad>87</ns3:cad>
          </ns3:TrackPointExtension>
        </extensions>
      </trkpt>
      <trkpt lat="22.6057543046772480010986328125" lon="113.88736263848841190338134765625">
        <ele>17</ele>
        <time>2026-08-23T12:15:49.000Z</time>
        <extensions>
          <ns3:TrackPointExtension>
            <ns3:atemp>30.0</ns3:atemp>
            <ns3:hr>170</ns3:hr>
            <ns3:cad>87</ns3:cad>
          </ns3:TrackPointExtension>
        </extensions>
      </trkpt>
      <trkpt lat="22.60575807653367519378662109375" lon="113.88732559047639369964599609375">
        <ele>17</ele>
        <time>2026-08-23T12:15:50.000Z</time>
        <extensions>
          <ns3:TrackPointExtension>
            <ns3:atemp>30.0</ns3:atemp>
            <ns3:hr>171</ns3:hr>
            <ns3:cad>87</ns3:cad>
          </ns3:TrackPointExtension>
        </extensions>
      </trkpt>
      <trkpt lat="22.6057543046772480010986328125" lon="113.887295834720134735107421875">
        <ele>17</ele>
        <time>2026-08-23T12:15:51.000Z</time>
        <extensions>
          <ns3:TrackPointExtension>
            <ns3:atemp>30.0</ns3:atemp>
            <ns3:hr>171</ns3:hr>
            <ns3:cad>87</ns3:cad>
          </ns3:TrackPointExtension>
        </extensions>
      </trkpt>
      <trkpt lat="22.60574768297374248504638671875" lon="113.88725736178457736968994140625">
        <ele>17</ele>
        <time>2026-08-23T12:15:52.000Z</time>
        <extensions>
          <ns3:TrackPointExtension>
            <ns3:atemp>30.0</ns3:atemp>
            <ns3:hr>172</ns3:hr>
            <ns3:cad>88</ns3:cad>
          </ns3:TrackPointExtension>
        </extensions>
      </trkpt>
      <trkpt lat="22.60573561303317546844482421875" lon="113.88722819276154041290283203125">
        <ele>17</ele>
        <time>2026-08-23T12:15:53.000Z</time>
        <extensions>
          <ns3:TrackPointExtension>
            <ns3:atemp>30.0</ns3:atemp>
            <ns3:hr>172</ns3:hr>
            <ns3:cad>88</ns3:cad>
          </ns3:TrackPointExtension>
        </extensions>
      </trkpt>
      <trkpt lat="22.6057201065123081207275390625" lon="113.88719365932047367095947265625">
        <ele>17</ele>
        <time>2026-08-23T12:15:54.000Z</time>
        <extensions>
          <ns3:TrackPointExtension>
            <ns3:atemp>30.0</ns3:atemp>
            <ns3:hr>173</ns3:hr>
            <ns3:cad>88</ns3:cad>
          </ns3:TrackPointExtension>
        </extensions>
      </trkpt>
      <trkpt lat="22.60570359416306018829345703125" lon="113.8871682621538639068603515625">
        <ele>17</ele>
        <time>2026-08-23T12:15:55.000Z</time>
        <extensions>
          <ns3:TrackPointExtension>
            <ns3:atemp>30.0</ns3:atemp>
            <ns3:hr>174</ns3:hr>
            <ns3:cad>88</ns3:cad>
          </ns3:TrackPointExtension>
        </extensions>
      </trkpt>
      <trkpt lat="22.60568113066256046295166015625" lon="113.88713967986404895782470703125">
        <ele>17</ele>
        <time>2026-08-23T12:15:56.000Z</time>
        <extensions>
          <ns3:TrackPointExtension>
            <ns3:atemp>30.0</ns3:atemp>
            <ns3:hr>174</ns3:hr>
            <ns3:cad>88</ns3:cad>
          </ns3:TrackPointExtension>
        </extensions>
      </trkpt>
      <trkpt lat="22.60566034354269504547119140625" lon="113.88711654581129550933837890625">
        <ele>17</ele>
        <time>2026-08-23T12:15:57.000Z</time>
        <extensions>
          <ns3:TrackPointExtension>
            <ns3:atemp>30.0</ns3:atemp>
            <ns3:hr>174</ns3:hr>
            <ns3:cad>88</ns3:cad>
          </ns3:TrackPointExtension>
        </extensions>
      </trkpt>
      <trkpt lat="22.6056322641670703887939453125" lon="113.887099362909793853759765625">
        <ele>17</ele>
        <time>2026-08-23T12:15:58.000Z</time>
        <extensions>
          <ns3:TrackPointExtension>
            <ns3:atemp>30.0</ns3:atemp>
            <ns3:hr>174</ns3:hr>
            <ns3:cad>88</ns3:cad>
          </ns3:TrackPointExtension>
        </extensions>
      </trkpt>
      <trkpt lat="22.60559898801147937774658203125" lon="113.887077234685420989990234375">
        <ele>17</ele>
        <time>2026-08-23T12:15:59.000Z</time>
        <extensions>
          <ns3:TrackPointExtension>
            <ns3:atemp>30.0</ns3:atemp>
            <ns3:hr>173</ns3:hr>
            <ns3:cad>89</ns3:cad>
          </ns3:TrackPointExtension>
        </extensions>
      </trkpt>
      <trkpt lat="22.60556797496974468231201171875" lon="113.88706860132515430450439453125">
        <ele>17</ele>
        <time>2026-08-23T12:16:00.000Z</time>
        <extensions>
          <ns3:TrackPointExtension>
            <ns3:atemp>30.0</ns3:atemp>
            <ns3:hr>173</ns3:hr>
            <ns3:cad>89</ns3:cad>
          </ns3:TrackPointExtension>
        </extensions>
      </trkpt>
      <trkpt lat="22.6055306755006313323974609375" lon="113.88705410063266754150390625">
        <ele>17</ele>
        <time>2026-08-23T12:16:01.000Z</time>
        <extensions>
          <ns3:TrackPointExtension>
            <ns3:atemp>30.0</ns3:atemp>
            <ns3:hr>173</ns3:hr>
            <ns3:cad>88</ns3:cad>
          </ns3:TrackPointExtension>
        </extensions>
      </trkpt>
      <trkpt lat="22.605498321354389190673828125" lon="113.8870535977184772491455078125">
        <ele>17</ele>
        <time>2026-08-23T12:16:02.000Z</time>
        <extensions>
          <ns3:TrackPointExtension>
            <ns3:atemp>30.0</ns3:atemp>
            <ns3:hr>173</ns3:hr>
            <ns3:cad>87</ns3:cad>
          </ns3:TrackPointExtension>
        </extensions>
      </trkpt>
      <trkpt lat="22.60545632801949977874755859375" lon="113.8870522566139698028564453125">
        <ele>17.200000762939453125</ele>
        <time>2026-08-23T12:16:03.000Z</time>
        <extensions>
          <ns3:TrackPointExtension>
            <ns3:atemp>30.0</ns3:atemp>
            <ns3:hr>172</ns3:hr>
            <ns3:cad>87</ns3:cad>
          </ns3:TrackPointExtension>
        </extensions>
      </trkpt>
      <trkpt lat="22.6054282486438751220703125" lon="113.8870606385171413421630859375">
        <ele>17.200000762939453125</ele>
        <time>2026-08-23T12:16:04.000Z</time>
        <extensions>
          <ns3:TrackPointExtension>
            <ns3:atemp>30.0</ns3:atemp>
            <ns3:hr>172</ns3:hr>
            <ns3:cad>87</ns3:cad>
          </ns3:TrackPointExtension>
        </extensions>
      </trkpt>
      <trkpt lat="22.60539270937442779541015625" lon="113.887070529162883758544921875">
        <ele>17.200000762939453125</ele>
        <time>2026-08-23T12:16:05.000Z</time>
        <extensions>
          <ns3:TrackPointExtension>
            <ns3:atemp>30.0</ns3:atemp>
            <ns3:hr>172</ns3:hr>
            <ns3:cad>87</ns3:cad>
          </ns3:TrackPointExtension>
        </extensions>
      </trkpt>
      <trkpt lat="22.60536446236073970794677734375" lon="113.8870804198086261749267578125">
        <ele>17.200000762939453125</ele>
        <time>2026-08-23T12:16:06.000Z</time>
        <extensions>
          <ns3:TrackPointExtension>
            <ns3:atemp>30.0</ns3:atemp>
            <ns3:hr>171</ns3:hr>
            <ns3:cad>87</ns3:cad>
          </ns3:TrackPointExtension>
        </extensions>
      </trkpt>
      <trkpt lat="22.6053315214812755584716796875" lon="113.88709207065403461456298828125">
        <ele>17</ele>
        <time>2026-08-23T12:16:07.000Z</time>
        <extensions>
          <ns3:TrackPointExtension>
            <ns3:atemp>30.0</ns3:atemp>
            <ns3:hr>171</ns3:hr>
            <ns3:cad>87</ns3:cad>
          </ns3:TrackPointExtension>
        </extensions>
      </trkpt>
      <trkpt lat="22.60530025698244571685791015625" lon="113.887100704014301300048828125">
        <ele>17</ele>
        <time>2026-08-23T12:16:08.000Z</time>
        <extensions>
          <ns3:TrackPointExtension>
            <ns3:atemp>30.0</ns3:atemp>
            <ns3:hr>171</ns3:hr>
            <ns3:cad>87</ns3:cad>
          </ns3:TrackPointExtension>
        </extensions>
      </trkpt>
      <trkpt lat="22.60527494363486766815185546875" lon="113.88711369596421718597412109375">
        <ele>17</ele>
        <time>2026-08-23T12:16:09.000Z</time>
        <extensions>
          <ns3:TrackPointExtension>
            <ns3:atemp>30.0</ns3:atemp>
            <ns3:hr>171</ns3:hr>
            <ns3:cad>87</ns3:cad>
          </ns3:TrackPointExtension>
        </extensions>
      </trkpt>
      <trkpt lat="22.60524225421249866485595703125" lon="113.88712258078157901763916015625">
        <ele>17</ele>
        <time>2026-08-23T12:16:10.000Z</time>
        <extensions>
          <ns3:TrackPointExtension>
            <ns3:atemp>30.0</ns3:atemp>
            <ns3:hr>171</ns3:hr>
            <ns3:cad>87</ns3:cad>
          </ns3:TrackPointExtension>
        </extensions>
      </trkpt>
      <trkpt lat="22.6052178628742694854736328125" lon="113.8871367461979389190673828125">
        <ele>17.200000762939453125</ele>
        <time>2026-08-23T12:16:11.000Z</time>
        <extensions>
          <ns3:TrackPointExtension>
            <ns3:atemp>30.0</ns3:atemp>
            <ns3:hr>172</ns3:hr>
            <ns3:cad>87</ns3:cad>
          </ns3:TrackPointExtension>
        </extensions>
      </trkpt>
      <trkpt lat="22.605182491242885589599609375" lon="113.88714286498725414276123046875">
        <ele>17.200000762939453125</ele>
        <time>2026-08-23T12:16:12.000Z</time>
        <extensions>
          <ns3:TrackPointExtension>
            <ns3:atemp>30.0</ns3:atemp>
            <ns3:hr>171</ns3:hr>
            <ns3:cad>87</ns3:cad>
          </ns3:TrackPointExtension>
        </extensions>
      </trkpt>
      <trkpt lat="22.60515575297176837921142578125" lon="113.88715334236621856689453125">
        <ele>17.200000762939453125</ele>
        <time>2026-08-23T12:16:13.000Z</time>
        <extensions>
          <ns3:TrackPointExtension>
            <ns3:atemp>30.0</ns3:atemp>
            <ns3:hr>171</ns3:hr>
            <ns3:cad>87</ns3:cad>
          </ns3:TrackPointExtension>
        </extensions>
      </trkpt>
      <trkpt lat="22.60511510074138641357421875" lon="113.887160718441009521484375">
        <ele>17.200000762939453125</ele>
        <time>2026-08-23T12:16:14.000Z</time>
        <extensions>
          <ns3:TrackPointExtension>
            <ns3:atemp>30.0</ns3:atemp>
            <ns3:hr>171</ns3:hr>
            <ns3:cad>87</ns3:cad>
          </ns3:TrackPointExtension>
        </extensions>
      </trkpt>
      <trkpt lat="22.60509322397410869598388671875" lon="113.8871726207435131072998046875">
        <ele>17.200000762939453125</ele>
        <time>2026-08-23T12:16:15.000Z</time>
        <extensions>
          <ns3:TrackPointExtension>
            <ns3:atemp>30.0</ns3:atemp>
            <ns3:hr>172</ns3:hr>
            <ns3:cad>87</ns3:cad>
          </ns3:TrackPointExtension>
        </extensions>
      </trkpt>
      <trkpt lat="22.60505818761885166168212890625" lon="113.887182176113128662109375">
        <ele>17.200000762939453125</ele>
        <time>2026-08-23T12:16:16.000Z</time>
        <extensions>
          <ns3:TrackPointExtension>
            <ns3:atemp>30.0</ns3:atemp>
            <ns3:hr>171</ns3:hr>
            <ns3:cad>87</ns3:cad>
          </ns3:TrackPointExtension>
        </extensions>
      </trkpt>
      <trkpt lat="22.60503086261451244354248046875" lon="113.8871924020349979400634765625">
        <ele>17.200000762939453125</ele>
        <time>2026-08-23T12:16:17.000Z</time>
        <extensions>
          <ns3:TrackPointExtension>
            <ns3:atemp>30.0</ns3:atemp>
            <ns3:hr>171</ns3:hr>
            <ns3:cad>87</ns3:cad>
          </ns3:TrackPointExtension>
        </extensions>
      </trkpt>
      <trkpt lat="22.60499549098312854766845703125" lon="113.88720153830945491790771484375">
        <ele>17.200000762939453125</ele>
        <time>2026-08-23T12:16:18.000Z</time>
        <extensions>
          <ns3:TrackPointExtension>
            <ns3:atemp>30.0</ns3:atemp>
            <ns3:hr>171</ns3:hr>
            <ns3:cad>87</ns3:cad>
          </ns3:TrackPointExtension>
        </extensions>
      </trkpt>
      <trkpt lat="22.6049640588462352752685546875" lon="113.88720422051846981048583984375">
        <ele>17.200000762939453125</ele>
        <time>2026-08-23T12:16:19.000Z</time>
        <extensions>
          <ns3:TrackPointExtension>
            <ns3:atemp>30.0</ns3:atemp>
            <ns3:hr>170</ns3:hr>
            <ns3:cad>87</ns3:cad>
          </ns3:TrackPointExtension>
        </extensions>
      </trkpt>
      <trkpt lat="22.60493564419448375701904296875" lon="113.8872131891548633575439453125">
        <ele>17.200000762939453125</ele>
        <time>2026-08-23T12:16:20.000Z</time>
        <extensions>
          <ns3:TrackPointExtension>
            <ns3:atemp>30.0</ns3:atemp>
            <ns3:hr>169</ns3:hr>
            <ns3:cad>87</ns3:cad>
          </ns3:TrackPointExtension>
        </extensions>
      </trkpt>
      <trkpt lat="22.60490245185792446136474609375" lon="113.8872192241251468658447265625">
        <ele>17.200000762939453125</ele>
        <time>2026-08-23T12:16:21.000Z</time>
        <extensions>
          <ns3:TrackPointExtension>
            <ns3:atemp>30.0</ns3:atemp>
            <ns3:hr>168</ns3:hr>
            <ns3:cad>87</ns3:cad>
          </ns3:TrackPointExtension>
        </extensions>
      </trkpt>
      <trkpt lat="22.60487512685358524322509765625" lon="113.88723087497055530548095703125">
        <ele>17.200000762939453125</ele>
        <time>2026-08-23T12:16:22.000Z</time>
        <extensions>
          <ns3:TrackPointExtension>
            <ns3:atemp>30.0</ns3:atemp>
            <ns3:hr>168</ns3:hr>
            <ns3:cad>87</ns3:cad>
          </ns3:TrackPointExtension>
        </extensions>
      </trkpt>
      <trkpt lat="22.604838497936725616455078125" lon="113.8872379995882511138916015625">
        <ele>17.200000762939453125</ele>
        <time>2026-08-23T12:16:23.000Z</time>
        <extensions>
          <ns3:TrackPointExtension>
            <ns3:atemp>30.0</ns3:atemp>
            <ns3:hr>167</ns3:hr>
            <ns3:cad>87</ns3:cad>
          </ns3:TrackPointExtension>
        </extensions>
      </trkpt>
      <trkpt lat="22.60481377132236957550048828125" lon="113.88724914751946926116943359375">
        <ele>17.200000762939453125</ele>
        <time>2026-08-23T12:16:24.000Z</time>
        <extensions>
          <ns3:TrackPointExtension>
            <ns3:atemp>30.0</ns3:atemp>
            <ns3:hr>167</ns3:hr>
            <ns3:cad>87</ns3:cad>
          </ns3:TrackPointExtension>
        </extensions>
      </trkpt>
      <trkpt lat="22.6047746278345584869384765625" lon="113.88725786469876766204833984375">
        <ele>17</ele>
        <time>2026-08-23T12:16:25.000Z</time>
        <extensions>
          <ns3:TrackPointExtension>
            <ns3:atemp>30.0</ns3:atemp>
            <ns3:hr>167</ns3:hr>
            <ns3:cad>87</ns3:cad>
          </ns3:TrackPointExtension>
        </extensions>
      </trkpt>
      <trkpt lat="22.6047461293637752532958984375" lon="113.887273371219635009765625">
        <ele>17</ele>
        <time>2026-08-23T12:16:26.000Z</time>
        <extensions>
          <ns3:TrackPointExtension>
            <ns3:atemp>30.0</ns3:atemp>
            <ns3:hr>167</ns3:hr>
            <ns3:cad>88</ns3:cad>
          </ns3:TrackPointExtension>
        </extensions>
      </trkpt>
      <trkpt lat="22.60470874607563018798828125" lon="113.88729088939726352691650390625">
        <ele>17.200000762939453125</ele>
        <time>2026-08-23T12:16:27.000Z</time>
        <extensions>
          <ns3:TrackPointExtension>
            <ns3:atemp>30.0</ns3:atemp>
            <ns3:hr>167</ns3:hr>
            <ns3:cad>88</ns3:cad>
          </ns3:TrackPointExtension>
        </extensions>
      </trkpt>
      <trkpt lat="22.60468569584190845489501953125" lon="113.88731251470744609832763671875">
        <ele>17</ele>
        <time>2026-08-23T12:16:28.000Z</time>
        <extensions>
          <ns3:TrackPointExtension>
            <ns3:atemp>30.0</ns3:atemp>
            <ns3:hr>167</ns3:hr>
            <ns3:cad>88</ns3:cad>
          </ns3:TrackPointExtension>
        </extensions>
      </trkpt>
      <trkpt lat="22.60465870611369609832763671875" lon="113.88734000734984874725341796875">
        <ele>17</ele>
        <time>2026-08-23T12:16:29.000Z</time>
        <extensions>
          <ns3:TrackPointExtension>
            <ns3:atemp>30.0</ns3:atemp>
            <ns3:hr>167</ns3:hr>
            <ns3:cad>88</ns3:cad>
          </ns3:TrackPointExtension>
        </extensions>
      </trkpt>
      <trkpt lat="22.60462936945259571075439453125" lon="113.8873620517551898956298828125">
        <ele>17</ele>
        <time>2026-08-23T12:16:30.000Z</time>
        <extensions>
          <ns3:TrackPointExtension>
            <ns3:atemp>30.0</ns3:atemp>
            <ns3:hr>167</ns3:hr>
            <ns3:cad>88</ns3:cad>
          </ns3:TrackPointExtension>
        </extensions>
      </trkpt>
      <trkpt lat="22.6046036370098590850830078125" lon="113.88739071786403656005859375">
        <ele>17.200000762939453125</ele>
        <time>2026-08-23T12:16:31.000Z</time>
        <extensions>
          <ns3:TrackPointExtension>
            <ns3:atemp>30.0</ns3:atemp>
            <ns3:hr>166</ns3:hr>
            <ns3:cad>88</ns3:cad>
          </ns3:TrackPointExtension>
        </extensions>
      </trkpt>
      <trkpt lat="22.6045919023454189300537109375" lon="113.88741678558290004730224609375">
        <ele>17.200000762939453125</ele>
        <time>2026-08-23T12:16:32.000Z</time>
        <extensions>
          <ns3:TrackPointExtension>
            <ns3:atemp>30.0</ns3:atemp>
            <ns3:hr>166</ns3:hr>
            <ns3:cad>88</ns3:cad>
          </ns3:TrackPointExtension>
        </extensions>
      </trkpt>
      <trkpt lat="22.6045788265764713287353515625" lon="113.887452073395252227783203125">
        <ele>17.200000762939453125</ele>
        <time>2026-08-23T12:16:33.000Z</time>
        <extensions>
          <ns3:TrackPointExtension>
            <ns3:atemp>30.0</ns3:atemp>
            <ns3:hr>166</ns3:hr>
            <ns3:cad>88</ns3:cad>
          </ns3:TrackPointExtension>
        </extensions>
      </trkpt>
      <trkpt lat="22.60457865893840789794921875" lon="113.8874874450266361236572265625">
        <ele>17.200000762939453125</ele>
        <time>2026-08-23T12:16:34.000Z</time>
        <extensions>
          <ns3:TrackPointExtension>
            <ns3:atemp>30.0</ns3:atemp>
            <ns3:hr>166</ns3:hr>
            <ns3:cad>88</ns3:cad>
          </ns3:TrackPointExtension>
        </extensions>
      </trkpt>
      <trkpt lat="22.6045774854719638824462890625" lon="113.88752340339124202728271484375">
        <ele>17.3999996185302734375</ele>
        <time>2026-08-23T12:16:35.000Z</time>
        <extensions>
          <ns3:TrackPointExtension>
            <ns3:atemp>30.0</ns3:atemp>
            <ns3:hr>167</ns3:hr>
            <ns3:cad>88</ns3:cad>
          </ns3:TrackPointExtension>
        </extensions>
      </trkpt>
      <trkpt lat="22.6045825146138668060302734375" lon="113.8875571824610233306884765625">
        <ele>17.200000762939453125</ele>
        <time>2026-08-23T12:16:36.000Z</time>
        <extensions>
          <ns3:TrackPointExtension>
            <ns3:atemp>30.0</ns3:atemp>
            <ns3:hr>166</ns3:hr>
            <ns3:cad>88</ns3:cad>
          </ns3:TrackPointExtension>
        </extensions>
      </trkpt>
      <trkpt lat="22.604591734707355499267578125" lon="113.88758492656052112579345703125">
        <ele>17.200000762939453125</ele>
        <time>2026-08-23T12:16:37.000Z</time>
        <extensions>
          <ns3:TrackPointExtension>
            <ns3:atemp>30.0</ns3:atemp>
            <ns3:hr>166</ns3:hr>
            <ns3:cad>88</ns3:cad>
          </ns3:TrackPointExtension>
        </extensions>
      </trkpt>
      <trkpt lat="22.6046002842485904693603515625" lon="113.88762180693447589874267578125">
        <ele>17.200000762939453125</ele>
        <time>2026-08-23T12:16:38.000Z</time>
        <extensions>
          <ns3:TrackPointExtension>
            <ns3:atemp>30.0</ns3:atemp>
            <ns3:hr>166</ns3:hr>
            <ns3:cad>88</ns3:cad>
          </ns3:TrackPointExtension>
        </extensions>
      </trkpt>
      <trkpt lat="22.6046126894652843475341796875" lon="113.88765365816652774810791015625">
        <ele>17.3999996185302734375</ele>
        <time>2026-08-23T12:16:39.000Z</time>
        <extensions>
          <ns3:TrackPointExtension>
            <ns3:atemp>30.0</ns3:atemp>
            <ns3:hr>167</ns3:hr>
            <ns3:cad>88</ns3:cad>
          </ns3:TrackPointExtension>
        </extensions>
      </trkpt>
      <trkpt lat="22.604624591767787933349609375" lon="113.88768433593213558197021484375">
        <ele>17.3999996185302734375</ele>
        <time>2026-08-23T12:16:40.000Z</time>
        <extensions>
          <ns3:TrackPointExtension>
            <ns3:atemp>30.0</ns3:atemp>
            <ns3:hr>166</ns3:hr>
            <ns3:cad>88</ns3:cad>
          </ns3:TrackPointExtension>
        </extensions>
      </trkpt>
      <trkpt lat="22.60464160703122615814208984375" lon="113.88770763762295246124267578125">
        <ele>17.6000003814697265625</ele>
        <time>2026-08-23T12:16:41.000Z</time>
        <extensions>
          <ns3:TrackPointExtension>
            <ns3:atemp>30.0</ns3:atemp>
            <ns3:hr>166</ns3:hr>
            <ns3:cad>88</ns3:cad>
          </ns3:TrackPointExtension>
        </extensions>
      </trkpt>
      <trkpt lat="22.6046673394739627838134765625" lon="113.8877342082560062408447265625">
        <ele>17.6000003814697265625</ele>
        <time>2026-08-23T12:16:42.000Z</time>
        <extensions>
          <ns3:TrackPointExtension>
            <ns3:atemp>30.0</ns3:atemp>
            <ns3:hr>166</ns3:hr>
            <ns3:cad>88</ns3:cad>
          </ns3:TrackPointExtension>
        </extensions>
      </trkpt>
      <trkpt lat="22.6046948321163654327392578125" lon="113.88775139115750789642333984375">
        <ele>17.6000003814697265625</ele>
        <time>2026-08-23T12:16:43.000Z</time>
        <extensions>
          <ns3:TrackPointExtension>
            <ns3:atemp>30.0</ns3:atemp>
            <ns3:hr>167</ns3:hr>
            <ns3:cad>88</ns3:cad>
          </ns3:TrackPointExtension>
        </extensions>
      </trkpt>
      <trkpt lat="22.60472953319549560546875" lon="113.887771926820278167724609375">
        <ele>17.6000003814697265625</ele>
        <time>2026-08-23T12:16:44.000Z</time>
        <extensions>
          <ns3:TrackPointExtension>
            <ns3:atemp>30.0</ns3:atemp>
            <ns3:hr>166</ns3:hr>
            <ns3:cad>88</ns3:cad>
          </ns3:TrackPointExtension>
        </extensions>
      </trkpt>
      <trkpt lat="22.60475912131369113922119140625" lon="113.8877804763615131378173828125">
        <ele>17.6000003814697265625</ele>
        <time>2026-08-23T12:16:45.000Z</time>
        <extensions>
          <ns3:TrackPointExtension>
            <ns3:atemp>30.0</ns3:atemp>
            <ns3:hr>166</ns3:hr>
            <ns3:cad>88</ns3:cad>
          </ns3:TrackPointExtension>
        </extensions>
      </trkpt>
      <trkpt lat="22.6047934032976627349853515625" lon="113.88778760097920894622802734375">
        <ele>17.3999996185302734375</ele>
        <time>2026-08-23T12:16:46.000Z</time>
        <extensions>
          <ns3:TrackPointExtension>
            <ns3:atemp>30.0</ns3:atemp>
            <ns3:hr>165</ns3:hr>
            <ns3:cad>89</ns3:cad>
          </ns3:TrackPointExtension>
        </extensions>
      </trkpt>
      <trkpt lat="22.6048329658806324005126953125" lon="113.88778961263597011566162109375">
        <ele>17.3999996185302734375</ele>
        <time>2026-08-23T12:16:47.000Z</time>
        <extensions>
          <ns3:TrackPointExtension>
            <ns3:atemp>30.0</ns3:atemp>
            <ns3:hr>165</ns3:hr>
            <ns3:cad>89</ns3:cad>
          </ns3:TrackPointExtension>
        </extensions>
      </trkpt>
      <trkpt lat="22.60487110354006290435791015625" lon="113.887783326208591461181640625">
        <ele>17.3999996185302734375</ele>
        <time>2026-08-23T12:16:48.000Z</time>
        <extensions>
          <ns3:TrackPointExtension>
            <ns3:atemp>30.0</ns3:atemp>
            <ns3:hr>165</ns3:hr>
            <ns3:cad>89</ns3:cad>
          </ns3:TrackPointExtension>
        </extensions>
      </trkpt>
      <trkpt lat="22.60490949265658855438232421875" lon="113.88777435757219791412353515625">
        <ele>17.3999996185302734375</ele>
        <time>2026-08-23T12:16:49.000Z</time>
        <extensions>
          <ns3:TrackPointExtension>
            <ns3:atemp>30.0</ns3:atemp>
            <ns3:hr>165</ns3:hr>
            <ns3:cad>88</ns3:cad>
          </ns3:TrackPointExtension>
        </extensions>
      </trkpt>
      <trkpt lat="22.60494352318346500396728515625" lon="113.88776211999356746673583984375">
        <ele>17.3999996185302734375</ele>
        <time>2026-08-23T12:16:50.000Z</time>
        <extensions>
          <ns3:TrackPointExtension>
            <ns3:atemp>30.0</ns3:atemp>
            <ns3:hr>165</ns3:hr>
            <ns3:cad>88</ns3:cad>
          </ns3:TrackPointExtension>
        </extensions>
      </trkpt>
      <trkpt lat="22.6049801521003246307373046875" lon="113.887753821909427642822265625">
        <ele>17.6000003814697265625</ele>
        <time>2026-08-23T12:16:51.000Z</time>
        <extensions>
          <ns3:TrackPointExtension>
            <ns3:atemp>30.0</ns3:atemp>
            <ns3:hr>165</ns3:hr>
            <ns3:cad>88</ns3:cad>
          </ns3:TrackPointExtension>
        </extensions>
      </trkpt>
      <trkpt lat="22.6050103269517421722412109375" lon="113.88774468563497066497802734375">
        <ele>17.3999996185302734375</ele>
        <time>2026-08-23T12:16:52.000Z</time>
        <extensions>
          <ns3:TrackPointExtension>
            <ns3:atemp>30.0</ns3:atemp>
            <ns3:hr>165</ns3:hr>
            <ns3:cad>88</ns3:cad>
          </ns3:TrackPointExtension>
        </extensions>
      </trkpt>
      <trkpt lat="22.605047039687633514404296875" lon="113.8877355493605136871337890625">
        <ele>17.3999996185302734375</ele>
        <time>2026-08-23T12:16:53.000Z</time>
        <extensions>
          <ns3:TrackPointExtension>
            <ns3:atemp>30.0</ns3:atemp>
            <ns3:hr>165</ns3:hr>
            <ns3:cad>89</ns3:cad>
          </ns3:TrackPointExtension>
        </extensions>
      </trkpt>
      <trkpt lat="22.60507428087294101715087890625" lon="113.88772624544799327850341796875">
        <ele>17.6000003814697265625</ele>
        <time>2026-08-23T12:16:54.000Z</time>
        <extensions>
          <ns3:TrackPointExtension>
            <ns3:atemp>30.0</ns3:atemp>
            <ns3:hr>165</ns3:hr>
            <ns3:cad>89</ns3:cad>
          </ns3:TrackPointExtension>
        </extensions>
      </trkpt>
      <trkpt lat="22.605113089084625244140625" lon="113.887714929878711700439453125">
        <ele>17.6000003814697265625</ele>
        <time>2026-08-23T12:16:55.000Z</time>
        <extensions>
          <ns3:TrackPointExtension>
            <ns3:atemp>30.0</ns3:atemp>
            <ns3:hr>165</ns3:hr>
            <ns3:cad>89</ns3:cad>
          </ns3:TrackPointExtension>
        </extensions>
      </trkpt>
      <trkpt lat="22.60514435358345508575439453125" lon="113.88770319521427154541015625">
        <ele>17.3999996185302734375</ele>
        <time>2026-08-23T12:16:56.000Z</time>
        <extensions>
          <ns3:TrackPointExtension>
            <ns3:atemp>30.0</ns3:atemp>
            <ns3:hr>165</ns3:hr>
            <ns3:cad>89</ns3:cad>
          </ns3:TrackPointExtension>
        </extensions>
      </trkpt>
      <trkpt lat="22.6051799766719341278076171875" lon="113.88769221492111682891845703125">
        <ele>17.3999996185302734375</ele>
        <time>2026-08-23T12:16:57.000Z</time>
        <extensions>
          <ns3:TrackPointExtension>
            <ns3:atemp>30.0</ns3:atemp>
            <ns3:hr>165</ns3:hr>
            <ns3:cad>88</ns3:cad>
          </ns3:TrackPointExtension>
        </extensions>
      </trkpt>
      <trkpt lat="22.60520889423787593841552734375" lon="113.88768182136118412017822265625">
        <ele>17.6000003814697265625</ele>
        <time>2026-08-23T12:16:58.000Z</time>
        <extensions>
          <ns3:TrackPointExtension>
            <ns3:atemp>30.0</ns3:atemp>
            <ns3:hr>165</ns3:hr>
            <ns3:cad>88</ns3:cad>
          </ns3:TrackPointExtension>
        </extensions>
      </trkpt>
      <trkpt lat="22.60524787008762359619140625" lon="113.88767100870609283447265625">
        <ele>17.6000003814697265625</ele>
        <time>2026-08-23T12:16:59.000Z</time>
        <extensions>
          <ns3:TrackPointExtension>
            <ns3:atemp>30.0</ns3:atemp>
            <ns3:hr>165</ns3:hr>
            <ns3:cad>87</ns3:cad>
          </ns3:TrackPointExtension>
        </extensions>
      </trkpt>
      <trkpt lat="22.60527963750064373016357421875" lon="113.8876607827842235565185546875">
        <ele>17.6000003814697265625</ele>
        <time>2026-08-23T12:17:00.000Z</time>
        <extensions>
          <ns3:TrackPointExtension>
            <ns3:atemp>30.0</ns3:atemp>
            <ns3:hr>165</ns3:hr>
            <ns3:cad>87</ns3:cad>
          </ns3:TrackPointExtension>
        </extensions>
      </trkpt>
      <trkpt lat="22.60531132109463214874267578125" lon="113.88765851967036724090576171875">
        <ele>17.799999237060546875</ele>
        <time>2026-08-23T12:17:01.000Z</time>
        <extensions>
          <ns3:TrackPointExtension>
            <ns3:atemp>30.0</ns3:atemp>
            <ns3:hr>165</ns3:hr>
            <ns3:cad>87</ns3:cad>
          </ns3:TrackPointExtension>
        </extensions>
      </trkpt>
      <trkpt lat="22.60533210821449756622314453125" lon="113.887662626802921295166015625">
        <ele>17.799999237060546875</ele>
        <time>2026-08-23T12:17:02.000Z</time>
        <extensions>
          <ns3:TrackPointExtension>
            <ns3:atemp>30.0</ns3:atemp>
            <ns3:hr>165</ns3:hr>
            <ns3:cad>87</ns3:cad>
          </ns3:TrackPointExtension>
        </extensions>
      </trkpt>
      <trkpt lat="22.6053673960268497467041015625" lon="113.88765416108071804046630859375">
        <ele>17.6000003814697265625</ele>
        <time>2026-08-23T12:17:46.000Z</time>
        <extensions>
          <ns3:TrackPointExtension>
            <ns3:atemp>30.0</ns3:atemp>
            <ns3:hr>131</ns3:hr>
            <ns3:cad>0</ns3:cad>
          </ns3:TrackPointExtension>
        </extensions>
      </trkpt>
      <trkpt lat="22.605393044650554656982421875" lon="113.88763806782662868499755859375">
        <ele>17.3999996185302734375</ele>
        <time>2026-08-23T12:17:47.000Z</time>
        <extensions>
          <ns3:TrackPointExtension>
            <ns3:atemp>30.0</ns3:atemp>
            <ns3:hr>131</ns3:hr>
            <ns3:cad>0</ns3:cad>
          </ns3:TrackPointExtension>
        </extensions>
      </trkpt>
      <trkpt lat="22.605423219501972198486328125" lon="113.887630440294742584228515625">
        <ele>17.3999996185302734375</ele>
        <time>2026-08-23T12:17:48.000Z</time>
        <extensions>
          <ns3:TrackPointExtension>
            <ns3:atemp>30.0</ns3:atemp>
            <ns3:hr>130</ns3:hr>
            <ns3:cad>65</ns3:cad>
          </ns3:TrackPointExtension>
        </extensions>
      </trkpt>
      <trkpt lat="22.60545381344854831695556640625" lon="113.8876202143728733062744140625">
        <ele>17.200000762939453125</ele>
        <time>2026-08-23T12:17:49.000Z</time>
        <extensions>
          <ns3:TrackPointExtension>
            <ns3:atemp>30.0</ns3:atemp>
            <ns3:hr>129</ns3:hr>
            <ns3:cad>65</ns3:cad>
          </ns3:TrackPointExtension>
        </extensions>
      </trkpt>
      <trkpt lat="22.60548524558544158935546875" lon="113.88761200010776519775390625">
        <ele>17.200000762939453125</ele>
        <time>2026-08-23T12:17:50.000Z</time>
        <extensions>
          <ns3:TrackPointExtension>
            <ns3:atemp>30.0</ns3:atemp>
            <ns3:hr>129</ns3:hr>
            <ns3:cad>0</ns3:cad>
          </ns3:TrackPointExtension>
        </extensions>
      </trkpt>
      <trkpt lat="22.605517096817493438720703125" lon="113.8876021094620227813720703125">
        <ele>17.200000762939453125</ele>
        <time>2026-08-23T12:17:51.000Z</time>
        <extensions>
          <ns3:TrackPointExtension>
            <ns3:atemp>30.0</ns3:atemp>
            <ns3:hr>130</ns3:hr>
            <ns3:cad>0</ns3:cad>
          </ns3:TrackPointExtension>
        </extensions>
      </trkpt>
      <trkpt lat="22.605553306639194488525390625" lon="113.88759599067270755767822265625">
        <ele>17.200000762939453125</ele>
        <time>2026-08-23T12:17:52.000Z</time>
        <extensions>
          <ns3:TrackPointExtension>
            <ns3:atemp>30.0</ns3:atemp>
            <ns3:hr>132</ns3:hr>
            <ns3:cad>88</ns3:cad>
          </ns3:TrackPointExtension>
        </extensions>
      </trkpt>
      <trkpt lat="22.6055883429944515228271484375" lon="113.88758257962763309478759765625">
        <ele>17.200000762939453125</ele>
        <time>2026-08-23T12:17:53.000Z</time>
        <extensions>
          <ns3:TrackPointExtension>
            <ns3:atemp>30.0</ns3:atemp>
            <ns3:hr>133</ns3:hr>
            <ns3:cad>90</ns3:cad>
          </ns3:TrackPointExtension>
        </extensions>
      </trkpt>
      <trkpt lat="22.6056213676929473876953125" lon="113.8875662349164485931396484375">
        <ele>17.200000762939453125</ele>
        <time>2026-08-23T12:17:54.000Z</time>
        <extensions>
          <ns3:TrackPointExtension>
            <ns3:atemp>30.0</ns3:atemp>
            <ns3:hr>135</ns3:hr>
            <ns3:cad>89</ns3:cad>
          </ns3:TrackPointExtension>
        </extensions>
      </trkpt>
      <trkpt lat="22.60564475320279598236083984375" lon="113.8875451125204563140869140625">
        <ele>17.200000762939453125</ele>
        <time>2026-08-23T12:17:55.000Z</time>
        <extensions>
          <ns3:TrackPointExtension>
            <ns3:atemp>30.0</ns3:atemp>
            <ns3:hr>136</ns3:hr>
            <ns3:cad>89</ns3:cad>
          </ns3:TrackPointExtension>
        </extensions>
      </trkpt>
      <trkpt lat="22.60567710734903812408447265625" lon="113.8875213079154491424560546875">
        <ele>17.200000762939453125</ele>
        <time>2026-08-23T12:17:56.000Z</time>
        <extensions>
          <ns3:TrackPointExtension>
            <ns3:atemp>30.0</ns3:atemp>
            <ns3:hr>137</ns3:hr>
            <ns3:cad>88</ns3:cad>
          </ns3:TrackPointExtension>
        </extensions>
      </trkpt>
      <trkpt lat="22.60569588281214237213134765625" lon="113.88749658130109310150146484375">
        <ele>17.200000762939453125</ele>
        <time>2026-08-23T12:17:57.000Z</time>
        <extensions>
          <ns3:TrackPointExtension>
            <ns3:atemp>30.0</ns3:atemp>
            <ns3:hr>138</ns3:hr>
            <ns3:cad>88</ns3:cad>
          </ns3:TrackPointExtension>
        </extensions>
      </trkpt>
      <trkpt lat="22.60572002269327640533447265625" lon="113.88746540062129497528076171875">
        <ele>17.200000762939453125</ele>
        <time>2026-08-23T12:17:58.000Z</time>
        <extensions>
          <ns3:TrackPointExtension>
            <ns3:atemp>30.0</ns3:atemp>
            <ns3:hr>138</ns3:hr>
            <ns3:cad>89</ns3:cad>
          </ns3:TrackPointExtension>
        </extensions>
      </trkpt>
      <trkpt lat="22.605729997158050537109375" lon="113.88743899762630462646484375">
        <ele>17.3999996185302734375</ele>
        <time>2026-08-23T12:17:59.000Z</time>
        <extensions>
          <ns3:TrackPointExtension>
            <ns3:atemp>31.0</ns3:atemp>
            <ns3:hr>139</ns3:hr>
            <ns3:cad>89</ns3:cad>
          </ns3:TrackPointExtension>
        </extensions>
      </trkpt>
      <trkpt lat="22.6057482697069644927978515625" lon="113.88740270398557186126708984375">
        <ele>17.3999996185302734375</ele>
        <time>2026-08-23T12:18:00.000Z</time>
        <extensions>
          <ns3:TrackPointExtension>
            <ns3:atemp>31.0</ns3:atemp>
            <ns3:hr>140</ns3:hr>
            <ns3:cad>89</ns3:cad>
          </ns3:TrackPointExtension>
        </extensions>
      </trkpt>
      <trkpt lat="22.60575212538242340087890625" lon="113.8873737864196300506591796875">
        <ele>17.3999996185302734375</ele>
        <time>2026-08-23T12:18:01.000Z</time>
        <extensions>
          <ns3:TrackPointExtension>
            <ns3:atemp>30.0</ns3:atemp>
            <ns3:hr>141</ns3:hr>
            <ns3:cad>89</ns3:cad>
          </ns3:TrackPointExtension>
        </extensions>
      </trkpt>
      <trkpt lat="22.60575790889561176300048828125" lon="113.8873310387134552001953125">
        <ele>17.3999996185302734375</ele>
        <time>2026-08-23T12:18:02.000Z</time>
        <extensions>
          <ns3:TrackPointExtension>
            <ns3:atemp>30.0</ns3:atemp>
            <ns3:hr>141</ns3:hr>
            <ns3:cad>89</ns3:cad>
          </ns3:TrackPointExtension>
        </extensions>
      </trkpt>
      <trkpt lat="22.60575388558208942413330078125" lon="113.887296505272388458251953125">
        <ele>17.3999996185302734375</ele>
        <time>2026-08-23T12:18:03.000Z</time>
        <extensions>
          <ns3:TrackPointExtension>
            <ns3:atemp>30.0</ns3:atemp>
            <ns3:hr>140</ns3:hr>
            <ns3:cad>89</ns3:cad>
          </ns3:TrackPointExtension>
        </extensions>
      </trkpt>
      <trkpt lat="22.6057509519159793853759765625" lon="113.8872594572603702545166015625">
        <ele>17.6000003814697265625</ele>
        <time>2026-08-23T12:18:04.000Z</time>
        <extensions>
          <ns3:TrackPointExtension>
            <ns3:atemp>30.0</ns3:atemp>
            <ns3:hr>140</ns3:hr>
            <ns3:cad>89</ns3:cad>
          </ns3:TrackPointExtension>
        </extensions>
      </trkpt>
      <trkpt lat="22.6057418994605541229248046875" lon="113.887229450047016143798828125">
        <ele>17.6000003814697265625</ele>
        <time>2026-08-23T12:18:05.000Z</time>
        <extensions>
          <ns3:TrackPointExtension>
            <ns3:atemp>31.0</ns3:atemp>
            <ns3:hr>141</ns3:hr>
            <ns3:cad>89</ns3:cad>
          </ns3:TrackPointExtension>
        </extensions>
      </trkpt>
      <trkpt lat="22.60572656057775020599365234375" lon="113.88719583861529827117919921875">
        <ele>17.6000003814697265625</ele>
        <time>2026-08-23T12:18:06.000Z</time>
        <extensions>
          <ns3:TrackPointExtension>
            <ns3:atemp>31.0</ns3:atemp>
            <ns3:hr>141</ns3:hr>
            <ns3:cad>89</ns3:cad>
          </ns3:TrackPointExtension>
        </extensions>
      </trkpt>
      <trkpt lat="22.6057140715420246124267578125" lon="113.88716817833483219146728515625">
        <ele>17.3999996185302734375</ele>
        <time>2026-08-23T12:18:07.000Z</time>
        <extensions>
          <ns3:TrackPointExtension>
            <ns3:atemp>30.0</ns3:atemp>
            <ns3:hr>141</ns3:hr>
            <ns3:cad>89</ns3:cad>
          </ns3:TrackPointExtension>
        </extensions>
      </trkpt>
      <trkpt lat="22.60569303296506404876708984375" lon="113.887137584388256072998046875">
        <ele>17.3999996185302734375</ele>
        <time>2026-08-23T12:18:08.000Z</time>
        <extensions>
          <ns3:TrackPointExtension>
            <ns3:atemp>30.0</ns3:atemp>
            <ns3:hr>142</ns3:hr>
            <ns3:cad>88</ns3:cad>
          </ns3:TrackPointExtension>
        </extensions>
      </trkpt>
      <trkpt lat="22.60566897690296173095703125" lon="113.88710984028875827789306640625">
        <ele>17.200000762939453125</ele>
        <time>2026-08-23T12:18:09.000Z</time>
        <extensions>
          <ns3:TrackPointExtension>
            <ns3:atemp>31.0</ns3:atemp>
            <ns3:hr>142</ns3:hr>
            <ns3:cad>88</ns3:cad>
          </ns3:TrackPointExtension>
        </extensions>
      </trkpt>
      <trkpt lat="22.6056403107941150665283203125" lon="113.88708670623600482940673828125">
        <ele>17.200000762939453125</ele>
        <time>2026-08-23T12:18:10.000Z</time>
        <extensions>
          <ns3:TrackPointExtension>
            <ns3:atemp>31.0</ns3:atemp>
            <ns3:hr>143</ns3:hr>
            <ns3:cad>88</ns3:cad>
          </ns3:TrackPointExtension>
        </extensions>
      </trkpt>
      <trkpt lat="22.60560787282884120941162109375" lon="113.8870649971067905426025390625">
        <ele>17.3999996185302734375</ele>
        <time>2026-08-23T12:18:11.000Z</time>
        <extensions>
          <ns3:TrackPointExtension>
            <ns3:atemp>31.0</ns3:atemp>
            <ns3:hr>143</ns3:hr>
            <ns3:cad>88</ns3:cad>
          </ns3:TrackPointExtension>
        </extensions>
      </trkpt>
      <trkpt lat="22.605574429035186767578125" lon="113.88705686666071414947509765625">
        <ele>17.3999996185302734375</ele>
        <time>2026-08-23T12:18:12.000Z</time>
        <extensions>
          <ns3:TrackPointExtension>
            <ns3:atemp>30.0</ns3:atemp>
            <ns3:hr>144</ns3:hr>
            <ns3:cad>88</ns3:cad>
          </ns3:TrackPointExtension>
        </extensions>
      </trkpt>
      <trkpt lat="22.60553545318543910980224609375" lon="113.8870472274720668792724609375">
        <ele>17.3999996185302734375</ele>
        <time>2026-08-23T12:18:13.000Z</time>
        <extensions>
          <ns3:TrackPointExtension>
            <ns3:atemp>30.0</ns3:atemp>
            <ns3:hr>144</ns3:hr>
            <ns3:cad>88</ns3:cad>
          </ns3:TrackPointExtension>
        </extensions>
      </trkpt>
      <trkpt lat="22.605504691600799560546875" lon="113.88704747892916202545166015625">
        <ele>17.3999996185302734375</ele>
        <time>2026-08-23T12:18:14.000Z</time>
        <extensions>
          <ns3:TrackPointExtension>
            <ns3:atemp>30.0</ns3:atemp>
            <ns3:hr>145</ns3:hr>
            <ns3:cad>89</ns3:cad>
          </ns3:TrackPointExtension>
        </extensions>
      </trkpt>
      <trkpt lat="22.60546253062784671783447265625" lon="113.8870455510914325714111328125">
        <ele>17.3999996185302734375</ele>
        <time>2026-08-23T12:18:15.000Z</time>
        <extensions>
          <ns3:TrackPointExtension>
            <ns3:atemp>31.0</ns3:atemp>
            <ns3:hr>145</ns3:hr>
            <ns3:cad>89</ns3:cad>
          </ns3:TrackPointExtension>
        </extensions>
      </trkpt>
      <trkpt lat="22.60543269105255603790283203125" lon="113.887054435908794403076171875">
        <ele>17.3999996185302734375</ele>
        <time>2026-08-23T12:18:16.000Z</time>
        <extensions>
          <ns3:TrackPointExtension>
            <ns3:atemp>31.0</ns3:atemp>
            <ns3:hr>146</ns3:hr>
            <ns3:cad>89</ns3:cad>
          </ns3:TrackPointExtension>
        </extensions>
      </trkpt>
      <trkpt lat="22.6053918711841106414794921875" lon="113.88706147670745849609375">
        <ele>17.3999996185302734375</ele>
        <time>2026-08-23T12:18:17.000Z</time>
        <extensions>
          <ns3:TrackPointExtension>
            <ns3:atemp>31.0</ns3:atemp>
            <ns3:hr>146</ns3:hr>
            <ns3:cad>89</ns3:cad>
          </ns3:TrackPointExtension>
        </extensions>
      </trkpt>
      <trkpt lat="22.60536764748394489288330078125" lon="113.88707480393350124359130859375">
        <ele>17.3999996185302734375</ele>
        <time>2026-08-23T12:18:18.000Z</time>
        <extensions>
          <ns3:TrackPointExtension>
            <ns3:atemp>30.0</ns3:atemp>
            <ns3:hr>147</ns3:hr>
            <ns3:cad>88</ns3:cad>
          </ns3:TrackPointExtension>
        </extensions>
      </trkpt>
      <trkpt lat="22.6053285039961338043212890625" lon="113.88708385638892650604248046875">
        <ele>17.3999996185302734375</ele>
        <time>2026-08-23T12:18:19.000Z</time>
        <extensions>
          <ns3:TrackPointExtension>
            <ns3:atemp>31.0</ns3:atemp>
            <ns3:hr>148</ns3:hr>
            <ns3:cad>88</ns3:cad>
          </ns3:TrackPointExtension>
        </extensions>
      </trkpt>
      <trkpt lat="22.60530578903853893280029296875" lon="113.8870985247194766998291015625">
        <ele>17.200000762939453125</ele>
        <time>2026-08-23T12:18:20.000Z</time>
        <extensions>
          <ns3:TrackPointExtension>
            <ns3:atemp>30.0</ns3:atemp>
            <ns3:hr>148</ns3:hr>
            <ns3:cad>88</ns3:cad>
          </ns3:TrackPointExtension>
        </extensions>
      </trkpt>
      <trkpt lat="22.6052721776068210601806640625" lon="113.88711235485970973968505859375">
        <ele>17.3999996185302734375</ele>
        <time>2026-08-23T12:18:21.000Z</time>
        <extensions>
          <ns3:TrackPointExtension>
            <ns3:atemp>31.0</ns3:atemp>
            <ns3:hr>149</ns3:hr>
            <ns3:cad>88</ns3:cad>
          </ns3:TrackPointExtension>
        </extensions>
      </trkpt>
      <trkpt lat="22.60524409823119640350341796875" lon="113.88712576590478420257568359375">
        <ele>17.3999996185302734375</ele>
        <time>2026-08-23T12:18:22.000Z</time>
        <extensions>
          <ns3:TrackPointExtension>
            <ns3:atemp>30.0</ns3:atemp>
            <ns3:hr>149</ns3:hr>
            <ns3:cad>88</ns3:cad>
          </ns3:TrackPointExtension>
        </extensions>
      </trkpt>
      <trkpt lat="22.6052084751427173614501953125" lon="113.887138925492763519287109375">
        <ele>17.3999996185302734375</ele>
        <time>2026-08-23T12:18:23.000Z</time>
        <extensions>
          <ns3:TrackPointExtension>
            <ns3:atemp>30.0</ns3:atemp>
            <ns3:hr>149</ns3:hr>
            <ns3:cad>88</ns3:cad>
          </ns3:TrackPointExtension>
        </extensions>
      </trkpt>
      <trkpt lat="22.6051779650151729583740234375" lon="113.88715267181396484375">
        <ele>17.3999996185302734375</ele>
        <time>2026-08-23T12:18:24.000Z</time>
        <extensions>
          <ns3:TrackPointExtension>
            <ns3:atemp>30.0</ns3:atemp>
            <ns3:hr>150</ns3:hr>
            <ns3:cad>87</ns3:cad>
          </ns3:TrackPointExtension>
        </extensions>
      </trkpt>
      <trkpt lat="22.6051400788128376007080078125" lon="113.88716348446905612945556640625">
        <ele>17.3999996185302734375</ele>
        <time>2026-08-23T12:18:25.000Z</time>
        <extensions>
          <ns3:TrackPointExtension>
            <ns3:atemp>31.0</ns3:atemp>
            <ns3:hr>150</ns3:hr>
            <ns3:cad>87</ns3:cad>
          </ns3:TrackPointExtension>
        </extensions>
      </trkpt>
      <trkpt lat="22.6051085628569126129150390625" lon="113.88717287220060825347900390625">
        <ele>17.3999996185302734375</ele>
        <time>2026-08-23T12:18:26.000Z</time>
        <extensions>
          <ns3:TrackPointExtension>
            <ns3:atemp>31.0</ns3:atemp>
            <ns3:hr>151</ns3:hr>
            <ns3:cad>88</ns3:cad>
          </ns3:TrackPointExtension>
        </extensions>
      </trkpt>
      <trkpt lat="22.60507293976843357086181640625" lon="113.8871840201318264007568359375">
        <ele>17.3999996185302734375</ele>
        <time>2026-08-23T12:18:27.000Z</time>
        <extensions>
          <ns3:TrackPointExtension>
            <ns3:atemp>30.0</ns3:atemp>
            <ns3:hr>151</ns3:hr>
            <ns3:cad>88</ns3:cad>
          </ns3:TrackPointExtension>
        </extensions>
      </trkpt>
      <trkpt lat="22.6050401665270328521728515625" lon="113.88718980364501476287841796875">
        <ele>17.3999996185302734375</ele>
        <time>2026-08-23T12:18:28.000Z</time>
        <extensions>
          <ns3:TrackPointExtension>
            <ns3:atemp>30.0</ns3:atemp>
            <ns3:hr>152</ns3:hr>
            <ns3:cad>89</ns3:cad>
          </ns3:TrackPointExtension>
        </extensions>
      </trkpt>
      <trkpt lat="22.60500923730432987213134765625" lon="113.8871991075575351715087890625">
        <ele>17.3999996185302734375</ele>
        <time>2026-08-23T12:18:29.000Z</time>
        <extensions>
          <ns3:TrackPointExtension>
            <ns3:atemp>30.0</ns3:atemp>
            <ns3:hr>152</ns3:hr>
            <ns3:cad>89</ns3:cad>
          </ns3:TrackPointExtension>
        </extensions>
      </trkpt>
      <trkpt lat="22.6049737818539142608642578125" lon="113.8872076570987701416015625">
        <ele>17.6000003814697265625</ele>
        <time>2026-08-23T12:18:30.000Z</time>
        <extensions>
          <ns3:TrackPointExtension>
            <ns3:atemp>30.0</ns3:atemp>
            <ns3:hr>152</ns3:hr>
            <ns3:cad>89</ns3:cad>
          </ns3:TrackPointExtension>
        </extensions>
      </trkpt>
      <trkpt lat="22.60493832640349864959716796875" lon="113.88722064904868602752685546875">
        <ele>17.6000003814697265625</ele>
        <time>2026-08-23T12:18:31.000Z</time>
        <extensions>
          <ns3:TrackPointExtension>
            <ns3:atemp>31.0</ns3:atemp>
            <ns3:hr>152</ns3:hr>
            <ns3:cad>88</ns3:cad>
          </ns3:TrackPointExtension>
        </extensions>
      </trkpt>
      <trkpt lat="22.6049000211060047149658203125" lon="113.8872291147708892822265625">
        <ele>17.6000003814697265625</ele>
        <time>2026-08-23T12:18:32.000Z</time>
        <extensions>
          <ns3:TrackPointExtension>
            <ns3:atemp>30.0</ns3:atemp>
            <ns3:hr>152</ns3:hr>
            <ns3:cad>88</ns3:cad>
          </ns3:TrackPointExtension>
        </extensions>
      </trkpt>
      <trkpt lat="22.60487060062587261199951171875" lon="113.88724009506404399871826171875">
        <ele>17.6000003814697265625</ele>
        <time>2026-08-23T12:18:33.000Z</time>
        <extensions>
          <ns3:TrackPointExtension>
            <ns3:atemp>30.0</ns3:atemp>
            <ns3:hr>153</ns3:hr>
            <ns3:cad>87</ns3:cad>
          </ns3:TrackPointExtension>
        </extensions>
      </trkpt>
      <trkpt lat="22.60483657009899616241455078125" lon="113.8872517459094524383544921875">
        <ele>17.6000003814697265625</ele>
        <time>2026-08-23T12:18:34.000Z</time>
        <extensions>
          <ns3:TrackPointExtension>
            <ns3:atemp>31.0</ns3:atemp>
            <ns3:hr>153</ns3:hr>
            <ns3:cad>87</ns3:cad>
          </ns3:TrackPointExtension>
        </extensions>
      </trkpt>
      <trkpt lat="22.604807652533054351806640625" lon="113.887259960174560546875">
        <ele>17.6000003814697265625</ele>
        <time>2026-08-23T12:18:35.000Z</time>
        <extensions>
          <ns3:TrackPointExtension>
            <ns3:atemp>31.0</ns3:atemp>
            <ns3:hr>153</ns3:hr>
            <ns3:cad>87</ns3:cad>
          </ns3:TrackPointExtension>
        </extensions>
      </trkpt>
      <trkpt lat="22.60476884432137012481689453125" lon="113.88727026991546154022216796875">
        <ele>17.6000003814697265625</ele>
        <time>2026-08-23T12:18:36.000Z</time>
        <extensions>
          <ns3:TrackPointExtension>
            <ns3:atemp>31.0</ns3:atemp>
            <ns3:hr>153</ns3:hr>
            <ns3:cad>88</ns3:cad>
          </ns3:TrackPointExtension>
        </extensions>
      </trkpt>
      <trkpt lat="22.60474084876477718353271484375" lon="113.88728183694183826446533203125">
        <ele>17.6000003814697265625</ele>
        <time>2026-08-23T12:18:37.000Z</time>
        <extensions>
          <ns3:TrackPointExtension>
            <ns3:atemp>30.0</ns3:atemp>
            <ns3:hr>154</ns3:hr>
            <ns3:cad>89</ns3:cad>
          </ns3:TrackPointExtension>
        </extensions>
      </trkpt>
      <trkpt lat="22.6047032140195369720458984375" lon="113.887292481958866119384765625">
        <ele>17.6000003814697265625</ele>
        <time>2026-08-23T12:18:38.000Z</time>
        <extensions>
          <ns3:TrackPointExtension>
            <ns3:atemp>30.0</ns3:atemp>
            <ns3:hr>155</ns3:hr>
            <ns3:cad>89</ns3:cad>
          </ns3:TrackPointExtension>
        </extensions>
      </trkpt>
      <trkpt lat="22.6046770624816417694091796875" lon="113.88731385581195354461669921875">
        <ele>17.6000003814697265625</ele>
        <time>2026-08-23T12:18:39.000Z</time>
        <extensions>
          <ns3:TrackPointExtension>
            <ns3:atemp>30.0</ns3:atemp>
            <ns3:hr>155</ns3:hr>
            <ns3:cad>89</ns3:cad>
          </ns3:TrackPointExtension>
        </extensions>
      </trkpt>
      <trkpt lat="22.60464931838214397430419921875" lon="113.8873379118740558624267578125">
        <ele>17.3999996185302734375</ele>
        <time>2026-08-23T12:18:40.000Z</time>
        <extensions>
          <ns3:TrackPointExtension>
            <ns3:atemp>31.0</ns3:atemp>
            <ns3:hr>155</ns3:hr>
            <ns3:cad>88</ns3:cad>
          </ns3:TrackPointExtension>
        </extensions>
      </trkpt>
      <trkpt lat="22.6046244241297245025634765625" lon="113.887362219393253326416015625">
        <ele>17.3999996185302734375</ele>
        <time>2026-08-23T12:18:41.000Z</time>
        <extensions>
          <ns3:TrackPointExtension>
            <ns3:atemp>30.0</ns3:atemp>
            <ns3:hr>155</ns3:hr>
            <ns3:cad>88</ns3:cad>
          </ns3:TrackPointExtension>
        </extensions>
      </trkpt>
      <trkpt lat="22.604607157409191131591796875" lon="113.88739298097789287567138671875">
        <ele>17.3999996185302734375</ele>
        <time>2026-08-23T12:18:42.000Z</time>
        <extensions>
          <ns3:TrackPointExtension>
            <ns3:atemp>30.0</ns3:atemp>
            <ns3:hr>155</ns3:hr>
            <ns3:cad>88</ns3:cad>
          </ns3:TrackPointExtension>
        </extensions>
      </trkpt>
      <trkpt lat="22.60459835641086101531982421875" lon="113.88742290437221527099609375">
        <ele>17.3999996185302734375</ele>
        <time>2026-08-23T12:18:43.000Z</time>
        <extensions>
          <ns3:TrackPointExtension>
            <ns3:atemp>31.0</ns3:atemp>
            <ns3:hr>155</ns3:hr>
            <ns3:cad>88</ns3:cad>
          </ns3:TrackPointExtension>
        </extensions>
      </trkpt>
      <trkpt lat="22.60458595119416713714599609375" lon="113.8874565996229648590087890625">
        <ele>17.3999996185302734375</ele>
        <time>2026-08-23T12:18:44.000Z</time>
        <extensions>
          <ns3:TrackPointExtension>
            <ns3:atemp>31.0</ns3:atemp>
            <ns3:hr>155</ns3:hr>
            <ns3:cad>88</ns3:cad>
          </ns3:TrackPointExtension>
        </extensions>
      </trkpt>
      <trkpt lat="22.6045806705951690673828125" lon="113.8874897919595241546630859375">
        <ele>17.6000003814697265625</ele>
        <time>2026-08-23T12:18:45.000Z</time>
        <extensions>
          <ns3:TrackPointExtension>
            <ns3:atemp>31.0</ns3:atemp>
            <ns3:hr>155</ns3:hr>
            <ns3:cad>88</ns3:cad>
          </ns3:TrackPointExtension>
        </extensions>
      </trkpt>
      <trkpt lat="22.60458041913807392120361328125" lon="113.88752005062997341156005859375">
        <ele>17.799999237060546875</ele>
        <time>2026-08-23T12:18:46.000Z</time>
        <extensions>
          <ns3:TrackPointExtension>
            <ns3:atemp>31.0</ns3:atemp>
            <ns3:hr>155</ns3:hr>
            <ns3:cad>88</ns3:cad>
          </ns3:TrackPointExtension>
        </extensions>
      </trkpt>
      <trkpt lat="22.60457463562488555908203125" lon="113.88755592517554759979248046875">
        <ele>17.799999237060546875</ele>
        <time>2026-08-23T12:18:47.000Z</time>
        <extensions>
          <ns3:TrackPointExtension>
            <ns3:atemp>31.0</ns3:atemp>
            <ns3:hr>155</ns3:hr>
            <ns3:cad>88</ns3:cad>
          </ns3:TrackPointExtension>
        </extensions>
      </trkpt>
      <trkpt lat="22.604580335319042205810546875" lon="113.88758107088506221771240234375">
        <ele>17.799999237060546875</ele>
        <time>2026-08-23T12:18:48.000Z</time>
        <extensions>
          <ns3:TrackPointExtension>
            <ns3:atemp>31.0</ns3:atemp>
            <ns3:hr>155</ns3:hr>
            <ns3:cad>88</ns3:cad>
          </ns3:TrackPointExtension>
        </extensions>
      </trkpt>
      <trkpt lat="22.604589052498340606689453125" lon="113.88761644251644611358642578125">
        <ele>17.799999237060546875</ele>
        <time>2026-08-23T12:18:49.000Z</time>
        <extensions>
          <ns3:TrackPointExtension>
            <ns3:atemp>31.0</ns3:atemp>
            <ns3:hr>155</ns3:hr>
            <ns3:cad>88</ns3:cad>
          </ns3:TrackPointExtension>
        </extensions>
      </trkpt>
      <trkpt lat="22.604601792991161346435546875" lon="113.88764494098722934722900390625">
        <ele>17.799999237060546875</ele>
        <time>2026-08-23T12:18:50.000Z</time>
        <extensions>
          <ns3:TrackPointExtension>
            <ns3:atemp>30.0</ns3:atemp>
            <ns3:hr>155</ns3:hr>
            <ns3:cad>88</ns3:cad>
          </ns3:TrackPointExtension>
        </extensions>
      </trkpt>
      <trkpt lat="22.60461377911269664764404296875" lon="113.88767695985734462738037109375">
        <ele>17.6000003814697265625</ele>
        <time>2026-08-23T12:18:51.000Z</time>
        <extensions>
          <ns3:TrackPointExtension>
            <ns3:atemp>31.0</ns3:atemp>
            <ns3:hr>155</ns3:hr>
            <ns3:cad>88</ns3:cad>
          </ns3:TrackPointExtension>
        </extensions>
      </trkpt>
      <trkpt lat="22.60463121347129344940185546875" lon="113.88770076446235179901123046875">
        <ele>17.6000003814697265625</ele>
        <time>2026-08-23T12:18:52.000Z</time>
        <extensions>
          <ns3:TrackPointExtension>
            <ns3:atemp>30.0</ns3:atemp>
            <ns3:hr>155</ns3:hr>
            <ns3:cad>88</ns3:cad>
          </ns3:TrackPointExtension>
        </extensions>
      </trkpt>
      <trkpt lat="22.60466105304658412933349609375" lon="113.88773479498922824859619140625">
        <ele>17.6000003814697265625</ele>
        <time>2026-08-23T12:18:53.000Z</time>
        <extensions>
          <ns3:TrackPointExtension>
            <ns3:atemp>31.0</ns3:atemp>
            <ns3:hr>155</ns3:hr>
            <ns3:cad>88</ns3:cad>
          </ns3:TrackPointExtension>
        </extensions>
      </trkpt>
      <trkpt lat="22.60468435473740100860595703125" lon="113.88775549829006195068359375">
        <ele>17.6000003814697265625</ele>
        <time>2026-08-23T12:18:54.000Z</time>
        <extensions>
          <ns3:TrackPointExtension>
            <ns3:atemp>31.0</ns3:atemp>
            <ns3:hr>156</ns3:hr>
            <ns3:cad>88</ns3:cad>
          </ns3:TrackPointExtension>
        </extensions>
      </trkpt>
      <trkpt lat="22.60471880435943603515625" lon="113.887781314551830291748046875">
        <ele>17.3999996185302734375</ele>
        <time>2026-08-23T12:18:55.000Z</time>
        <extensions>
          <ns3:TrackPointExtension>
            <ns3:atemp>31.0</ns3:atemp>
            <ns3:hr>156</ns3:hr>
            <ns3:cad>88</ns3:cad>
          </ns3:TrackPointExtension>
        </extensions>
      </trkpt>
      <trkpt lat="22.60474839247763156890869140625" lon="113.88778978027403354644775390625">
        <ele>17.3999996185302734375</ele>
        <time>2026-08-23T12:18:56.000Z</time>
        <extensions>
          <ns3:TrackPointExtension>
            <ns3:atemp>31.0</ns3:atemp>
            <ns3:hr>157</ns3:hr>
            <ns3:cad>89</ns3:cad>
          </ns3:TrackPointExtension>
        </extensions>
      </trkpt>
      <trkpt lat="22.60478426702320575714111328125" lon="113.88780176639556884765625">
        <ele>17.3999996185302734375</ele>
        <time>2026-08-23T12:18:57.000Z</time>
        <extensions>
          <ns3:TrackPointExtension>
            <ns3:atemp>31.0</ns3:atemp>
            <ns3:hr>157</ns3:hr>
            <ns3:cad>89</ns3:cad>
          </ns3:TrackPointExtension>
        </extensions>
      </trkpt>
      <trkpt lat="22.60481477715075016021728515625" lon="113.88780285604298114776611328125">
        <ele>17.3999996185302734375</ele>
        <time>2026-08-23T12:18:58.000Z</time>
        <extensions>
          <ns3:TrackPointExtension>
            <ns3:atemp>31.0</ns3:atemp>
            <ns3:hr>158</ns3:hr>
            <ns3:cad>89</ns3:cad>
          </ns3:TrackPointExtension>
        </extensions>
      </trkpt>
      <trkpt lat="22.6048641465604305267333984375" lon="113.887801431119441986083984375">
        <ele>17.6000003814697265625</ele>
        <time>2026-08-23T12:18:59.000Z</time>
        <extensions>
          <ns3:TrackPointExtension>
            <ns3:atemp>31.0</ns3:atemp>
            <ns3:hr>160</ns3:hr>
            <ns3:cad>89</ns3:cad>
          </ns3:TrackPointExtension>
        </extensions>
      </trkpt>
      <trkpt lat="22.6048956625163555145263671875" lon="113.88778860680758953094482421875">
        <ele>17.6000003814697265625</ele>
        <time>2026-08-23T12:19:00.000Z</time>
        <extensions>
          <ns3:TrackPointExtension>
            <ns3:atemp>31.0</ns3:atemp>
            <ns3:hr>161</ns3:hr>
            <ns3:cad>89</ns3:cad>
          </ns3:TrackPointExtension>
        </extensions>
      </trkpt>
      <trkpt lat="22.60494151152670383453369140625" lon="113.88777519576251506805419921875">
        <ele>17.6000003814697265625</ele>
        <time>2026-08-23T12:19:01.000Z</time>
        <extensions>
          <ns3:TrackPointExtension>
            <ns3:atemp>30.0</ns3:atemp>
            <ns3:hr>161</ns3:hr>
            <ns3:cad>89</ns3:cad>
          </ns3:TrackPointExtension>
        </extensions>
      </trkpt>
      <trkpt lat="22.60496950708329677581787109375" lon="113.88776354491710662841796875">
        <ele>17.6000003814697265625</ele>
        <time>2026-08-23T12:19:02.000Z</time>
        <extensions>
          <ns3:TrackPointExtension>
            <ns3:atemp>31.0</ns3:atemp>
            <ns3:hr>162</ns3:hr>
            <ns3:cad>89</ns3:cad>
          </ns3:TrackPointExtension>
        </extensions>
      </trkpt>
      <trkpt lat="22.605008147656917572021484375" lon="113.88775155879557132720947265625">
        <ele>17.6000003814697265625</ele>
        <time>2026-08-23T12:19:03.000Z</time>
        <extensions>
          <ns3:TrackPointExtension>
            <ns3:atemp>31.0</ns3:atemp>
            <ns3:hr>162</ns3:hr>
            <ns3:cad>89</ns3:cad>
          </ns3:TrackPointExtension>
        </extensions>
      </trkpt>
      <trkpt lat="22.6050314493477344512939453125" lon="113.887740075588226318359375">
        <ele>17.6000003814697265625</ele>
        <time>2026-08-23T12:19:04.000Z</time>
        <extensions>
          <ns3:TrackPointExtension>
            <ns3:atemp>30.0</ns3:atemp>
            <ns3:hr>162</ns3:hr>
            <ns3:cad>89</ns3:cad>
          </ns3:TrackPointExtension>
        </extensions>
      </trkpt>
      <trkpt lat="22.6050683297216892242431640625" lon="113.88772708363831043243408203125">
        <ele>17.6000003814697265625</ele>
        <time>2026-08-23T12:19:05.000Z</time>
        <extensions>
          <ns3:TrackPointExtension>
            <ns3:atemp>31.0</ns3:atemp>
            <ns3:hr>162</ns3:hr>
            <ns3:cad>89</ns3:cad>
          </ns3:TrackPointExtension>
        </extensions>
      </trkpt>
      <trkpt lat="22.6050938107073307037353515625" lon="113.8877120800316333770751953125">
        <ele>17.6000003814697265625</ele>
        <time>2026-08-23T12:19:06.000Z</time>
        <extensions>
          <ns3:TrackPointExtension>
            <ns3:atemp>31.0</ns3:atemp>
            <ns3:hr>163</ns3:hr>
            <ns3:cad>89</ns3:cad>
          </ns3:TrackPointExtension>
        </extensions>
      </trkpt>
      <trkpt lat="22.60513178072869777679443359375" lon="113.88769908808171749114990234375">
        <ele>17.6000003814697265625</ele>
        <time>2026-08-23T12:19:07.000Z</time>
        <extensions>
          <ns3:TrackPointExtension>
            <ns3:atemp>31.0</ns3:atemp>
            <ns3:hr>163</ns3:hr>
            <ns3:cad>89</ns3:cad>
          </ns3:TrackPointExtension>
        </extensions>
      </trkpt>
      <trkpt lat="22.60515357367694377899169921875" lon="113.8876788876950740814208984375">
        <ele>17.6000003814697265625</ele>
        <time>2026-08-23T12:19:08.000Z</time>
        <extensions>
          <ns3:TrackPointExtension>
            <ns3:atemp>31.0</ns3:atemp>
            <ns3:hr>163</ns3:hr>
            <ns3:cad>89</ns3:cad>
          </ns3:TrackPointExtension>
        </extensions>
      </trkpt>
      <trkpt lat="22.60519095696508884429931640625" lon="113.8876658119261264801025390625">
        <ele>17.799999237060546875</ele>
        <time>2026-08-23T12:19:09.000Z</time>
        <extensions>
          <ns3:TrackPointExtension>
            <ns3:atemp>31.0</ns3:atemp>
            <ns3:hr>163</ns3:hr>
            <ns3:cad>89</ns3:cad>
          </ns3:TrackPointExtension>
        </extensions>
      </trkpt>
      <trkpt lat="22.6052228920161724090576171875" lon="113.8876550830900669097900390625">
        <ele>17.799999237060546875</ele>
        <time>2026-08-23T12:19:10.000Z</time>
        <extensions>
          <ns3:TrackPointExtension>
            <ns3:atemp>31.0</ns3:atemp>
            <ns3:hr>163</ns3:hr>
            <ns3:cad>89</ns3:cad>
          </ns3:TrackPointExtension>
        </extensions>
      </trkpt>
      <trkpt lat="22.60525834746658802032470703125" lon="113.8876436837017536163330078125">
        <ele>17.799999237060546875</ele>
        <time>2026-08-23T12:19:11.000Z</time>
        <extensions>
          <ns3:TrackPointExtension>
            <ns3:atemp>31.0</ns3:atemp>
            <ns3:hr>163</ns3:hr>
            <ns3:cad>89</ns3:cad>
          </ns3:TrackPointExtension>
        </extensions>
      </trkpt>
      <trkpt lat="22.605289109051227569580078125" lon="113.88763639144599437713623046875">
        <ele>17.799999237060546875</ele>
        <time>2026-08-23T12:19:12.000Z</time>
        <extensions>
          <ns3:TrackPointExtension>
            <ns3:atemp>31.0</ns3:atemp>
            <ns3:hr>164</ns3:hr>
            <ns3:cad>89</ns3:cad>
          </ns3:TrackPointExtension>
        </extensions>
      </trkpt>
      <trkpt lat="22.6053209602832794189453125" lon="113.8876259140670299530029296875">
        <ele>17.799999237060546875</ele>
        <time>2026-08-23T12:19:13.000Z</time>
        <extensions>
          <ns3:TrackPointExtension>
            <ns3:atemp>31.0</ns3:atemp>
            <ns3:hr>164</ns3:hr>
            <ns3:cad>89</ns3:cad>
          </ns3:TrackPointExtension>
        </extensions>
      </trkpt>
      <trkpt lat="22.6053533144295215606689453125" lon="113.88762465678155422210693359375">
        <ele>17.799999237060546875</ele>
        <time>2026-08-23T12:19:14.000Z</time>
        <extensions>
          <ns3:TrackPointExtension>
            <ns3:atemp>31.0</ns3:atemp>
            <ns3:hr>164</ns3:hr>
            <ns3:cad>88</ns3:cad>
          </ns3:TrackPointExtension>
        </extensions>
      </trkpt>
      <trkpt lat="22.60538692586123943328857421875" lon="113.8876205496490001678466796875">
        <ele>18</ele>
        <time>2026-08-23T12:19:15.000Z</time>
        <extensions>
          <ns3:TrackPointExtension>
            <ns3:atemp>30.0</ns3:atemp>
            <ns3:hr>164</ns3:hr>
            <ns3:cad>88</ns3:cad>
          </ns3:TrackPointExtension>
        </extensions>
      </trkpt>
      <trkpt lat="22.60542129166424274444580078125" lon="113.8876202143728733062744140625">
        <ele>18</ele>
        <time>2026-08-23T12:19:16.000Z</time>
        <extensions>
          <ns3:TrackPointExtension>
            <ns3:atemp>30.0</ns3:atemp>
            <ns3:hr>164</ns3:hr>
            <ns3:cad>88</ns3:cad>
          </ns3:TrackPointExtension>
        </extensions>
      </trkpt>
      <trkpt lat="22.60544769465923309326171875" lon="113.8876088149845600128173828125">
        <ele>18</ele>
        <time>2026-08-23T12:19:17.000Z</time>
        <extensions>
          <ns3:TrackPointExtension>
            <ns3:atemp>30.0</ns3:atemp>
            <ns3:hr>164</ns3:hr>
            <ns3:cad>88</ns3:cad>
          </ns3:TrackPointExtension>
        </extensions>
      </trkpt>
      <trkpt lat="22.60548122227191925048828125" lon="113.8875984214246273040771484375">
        <ele>18</ele>
        <time>2026-08-23T12:19:18.000Z</time>
        <extensions>
          <ns3:TrackPointExtension>
            <ns3:atemp>31.0</ns3:atemp>
            <ns3:hr>164</ns3:hr>
            <ns3:cad>88</ns3:cad>
          </ns3:TrackPointExtension>
        </extensions>
      </trkpt>
      <trkpt lat="22.60550402104854583740234375" lon="113.88759129680693149566650390625">
        <ele>18</ele>
        <time>2026-08-23T12:19:19.000Z</time>
        <extensions>
          <ns3:TrackPointExtension>
            <ns3:atemp>30.0</ns3:atemp>
            <ns3:hr>165</ns3:hr>
            <ns3:cad>88</ns3:cad>
          </ns3:TrackPointExtension>
        </extensions>
      </trkpt>
      <trkpt lat="22.6055424101650714874267578125" lon="113.88758559711277484893798828125">
        <ele>17.799999237060546875</ele>
        <time>2026-08-23T12:19:20.000Z</time>
        <extensions>
          <ns3:TrackPointExtension>
            <ns3:atemp>30.0</ns3:atemp>
            <ns3:hr>164</ns3:hr>
            <ns3:cad>88</ns3:cad>
          </ns3:TrackPointExtension>
        </extensions>
      </trkpt>
      <trkpt lat="22.60556898079812526702880859375" lon="113.8875766284763813018798828125">
        <ele>17.799999237060546875</ele>
        <time>2026-08-23T12:19:21.000Z</time>
        <extensions>
          <ns3:TrackPointExtension>
            <ns3:atemp>31.0</ns3:atemp>
            <ns3:hr>164</ns3:hr>
            <ns3:cad>88</ns3:cad>
          </ns3:TrackPointExtension>
        </extensions>
      </trkpt>
      <trkpt lat="22.6056051068007946014404296875" lon="113.8875585235655307769775390625">
        <ele>17.799999237060546875</ele>
        <time>2026-08-23T12:19:22.000Z</time>
        <extensions>
          <ns3:TrackPointExtension>
            <ns3:atemp>31.0</ns3:atemp>
            <ns3:hr>164</ns3:hr>
            <ns3:cad>88</ns3:cad>
          </ns3:TrackPointExtension>
        </extensions>
      </trkpt>
      <trkpt lat="22.60562648065388202667236328125" lon="113.88753966428339481353759765625">
        <ele>17.799999237060546875</ele>
        <time>2026-08-23T12:19:23.000Z</time>
        <extensions>
          <ns3:TrackPointExtension>
            <ns3:atemp>31.0</ns3:atemp>
            <ns3:hr>164</ns3:hr>
            <ns3:cad>88</ns3:cad>
          </ns3:TrackPointExtension>
        </extensions>
      </trkpt>
      <trkpt lat="22.6056520454585552215576171875" lon="113.887517787516117095947265625">
        <ele>17.799999237060546875</ele>
        <time>2026-08-23T12:19:24.000Z</time>
        <extensions>
          <ns3:TrackPointExtension>
            <ns3:atemp>31.0</ns3:atemp>
            <ns3:hr>163</ns3:hr>
            <ns3:cad>88</ns3:cad>
          </ns3:TrackPointExtension>
        </extensions>
      </trkpt>
      <trkpt lat="22.6056741736829280853271484375" lon="113.88749708421528339385986328125">
        <ele>17.799999237060546875</ele>
        <time>2026-08-23T12:19:25.000Z</time>
        <extensions>
          <ns3:TrackPointExtension>
            <ns3:atemp>31.0</ns3:atemp>
            <ns3:hr>163</ns3:hr>
            <ns3:cad>88</ns3:cad>
          </ns3:TrackPointExtension>
        </extensions>
      </trkpt>
      <trkpt lat="22.6056952960789203643798828125" lon="113.8874713517725467681884765625">
        <ele>18</ele>
        <time>2026-08-23T12:19:26.000Z</time>
        <extensions>
          <ns3:TrackPointExtension>
            <ns3:atemp>30.0</ns3:atemp>
            <ns3:hr>163</ns3:hr>
            <ns3:cad>88</ns3:cad>
          </ns3:TrackPointExtension>
        </extensions>
      </trkpt>
      <trkpt lat="22.6057157479226589202880859375" lon="113.88744444586336612701416015625">
        <ele>18</ele>
        <time>2026-08-23T12:19:27.000Z</time>
        <extensions>
          <ns3:TrackPointExtension>
            <ns3:atemp>30.0</ns3:atemp>
            <ns3:hr>162</ns3:hr>
            <ns3:cad>87</ns3:cad>
          </ns3:TrackPointExtension>
        </extensions>
      </trkpt>
      <trkpt lat="22.60572454892098903656005859375" lon="113.887415193021297454833984375">
        <ele>18</ele>
        <time>2026-08-23T12:19:28.000Z</time>
        <extensions>
          <ns3:TrackPointExtension>
            <ns3:atemp>30.0</ns3:atemp>
            <ns3:hr>162</ns3:hr>
            <ns3:cad>87</ns3:cad>
          </ns3:TrackPointExtension>
        </extensions>
      </trkpt>
      <trkpt lat="22.60573863051831722259521484375" lon="113.88738191686570644378662109375">
        <ele>18</ele>
        <time>2026-08-23T12:19:29.000Z</time>
        <extensions>
          <ns3:TrackPointExtension>
            <ns3:atemp>30.0</ns3:atemp>
            <ns3:hr>162</ns3:hr>
            <ns3:cad>87</ns3:cad>
          </ns3:TrackPointExtension>
        </extensions>
      </trkpt>
      <trkpt lat="22.60574047453701496124267578125" lon="113.88735576532781124114990234375">
        <ele>18</ele>
        <time>2026-08-23T12:19:30.000Z</time>
        <extensions>
          <ns3:TrackPointExtension>
            <ns3:atemp>31.0</ns3:atemp>
            <ns3:hr>161</ns3:hr>
            <ns3:cad>87</ns3:cad>
          </ns3:TrackPointExtension>
        </extensions>
      </trkpt>
      <trkpt lat="22.6057435758411884307861328125" lon="113.88731536455452442169189453125">
        <ele>18</ele>
        <time>2026-08-23T12:19:31.000Z</time>
        <extensions>
          <ns3:TrackPointExtension>
            <ns3:atemp>31.0</ns3:atemp>
            <ns3:hr>161</ns3:hr>
            <ns3:cad>86</ns3:cad>
          </ns3:TrackPointExtension>
        </extensions>
      </trkpt>
      <trkpt lat="22.60574349202215671539306640625" lon="113.8872849382460117340087890625">
        <ele>18</ele>
        <time>2026-08-23T12:19:32.000Z</time>
        <extensions>
          <ns3:TrackPointExtension>
            <ns3:atemp>31.0</ns3:atemp>
            <ns3:hr>160</ns3:hr>
            <ns3:cad>86</ns3:cad>
          </ns3:TrackPointExtension>
        </extensions>
      </trkpt>
      <trkpt lat="22.60573980398476123809814453125" lon="113.8872527517378330230712890625">
        <ele>18</ele>
        <time>2026-08-23T12:19:33.000Z</time>
        <extensions>
          <ns3:TrackPointExtension>
            <ns3:atemp>30.0</ns3:atemp>
            <ns3:hr>160</ns3:hr>
            <ns3:cad>87</ns3:cad>
          </ns3:TrackPointExtension>
        </extensions>
      </trkpt>
      <trkpt lat="22.60573200881481170654296875" lon="113.88722618110477924346923828125">
        <ele>18</ele>
        <time>2026-08-23T12:19:34.000Z</time>
        <extensions>
          <ns3:TrackPointExtension>
            <ns3:atemp>31.0</ns3:atemp>
            <ns3:hr>160</ns3:hr>
            <ns3:cad>87</ns3:cad>
          </ns3:TrackPointExtension>
        </extensions>
      </trkpt>
      <trkpt lat="22.60571993887424468994140625" lon="113.88719734735786914825439453125">
        <ele>18</ele>
        <time>2026-08-23T12:19:35.000Z</time>
        <extensions>
          <ns3:TrackPointExtension>
            <ns3:atemp>31.0</ns3:atemp>
            <ns3:hr>160</ns3:hr>
            <ns3:cad>87</ns3:cad>
          </ns3:TrackPointExtension>
        </extensions>
      </trkpt>
      <trkpt lat="22.605706192553043365478515625" lon="113.8871669210493564605712890625">
        <ele>18</ele>
        <time>2026-08-23T12:19:36.000Z</time>
        <extensions>
          <ns3:TrackPointExtension>
            <ns3:atemp>30.0</ns3:atemp>
            <ns3:hr>160</ns3:hr>
            <ns3:cad>86</ns3:cad>
          </ns3:TrackPointExtension>
        </extensions>
      </trkpt>
      <trkpt lat="22.60568615980446338653564453125" lon="113.88714085333049297332763671875">
        <ele>18</ele>
        <time>2026-08-23T12:19:37.000Z</time>
        <extensions>
          <ns3:TrackPointExtension>
            <ns3:atemp>31.0</ns3:atemp>
            <ns3:hr>160</ns3:hr>
            <ns3:cad>86</ns3:cad>
          </ns3:TrackPointExtension>
        </extensions>
      </trkpt>
      <trkpt lat="22.60566671378910541534423828125" lon="113.8871169649064540863037109375">
        <ele>18.200000762939453125</ele>
        <time>2026-08-23T12:19:38.000Z</time>
        <extensions>
          <ns3:TrackPointExtension>
            <ns3:atemp>30.0</ns3:atemp>
            <ns3:hr>160</ns3:hr>
            <ns3:cad>86</ns3:cad>
          </ns3:TrackPointExtension>
        </extensions>
      </trkpt>
      <trkpt lat="22.60564257390797138214111328125" lon="113.88709844090044498443603515625">
        <ele>18.200000762939453125</ele>
        <time>2026-08-23T12:19:39.000Z</time>
        <extensions>
          <ns3:TrackPointExtension>
            <ns3:atemp>31.0</ns3:atemp>
            <ns3:hr>160</ns3:hr>
            <ns3:cad>87</ns3:cad>
          </ns3:TrackPointExtension>
        </extensions>
      </trkpt>
      <trkpt lat="22.60561340488493442535400390625" lon="113.8870790787041187286376953125">
        <ele>18.200000762939453125</ele>
        <time>2026-08-23T12:19:40.000Z</time>
        <extensions>
          <ns3:TrackPointExtension>
            <ns3:atemp>31.0</ns3:atemp>
            <ns3:hr>160</ns3:hr>
            <ns3:cad>87</ns3:cad>
          </ns3:TrackPointExtension>
        </extensions>
      </trkpt>
      <trkpt lat="22.605589516460895538330078125" lon="113.8870693556964397430419921875">
        <ele>18.200000762939453125</ele>
        <time>2026-08-23T12:19:41.000Z</time>
        <extensions>
          <ns3:TrackPointExtension>
            <ns3:atemp>30.0</ns3:atemp>
            <ns3:hr>161</ns3:hr>
            <ns3:cad>87</ns3:cad>
          </ns3:TrackPointExtension>
        </extensions>
      </trkpt>
      <trkpt lat="22.6055571623146533966064453125" lon="113.88705200515687465667724609375">
        <ele>18.200000762939453125</ele>
        <time>2026-08-23T12:19:42.000Z</time>
        <extensions>
          <ns3:TrackPointExtension>
            <ns3:atemp>30.0</ns3:atemp>
            <ns3:hr>161</ns3:hr>
            <ns3:cad>87</ns3:cad>
          </ns3:TrackPointExtension>
        </extensions>
      </trkpt>
      <trkpt lat="22.60553126223385334014892578125" lon="113.88704831711947917938232421875">
        <ele>18.200000762939453125</ele>
        <time>2026-08-23T12:19:43.000Z</time>
        <extensions>
          <ns3:TrackPointExtension>
            <ns3:atemp>30.0</ns3:atemp>
            <ns3:hr>162</ns3:hr>
            <ns3:cad>87</ns3:cad>
          </ns3:TrackPointExtension>
        </extensions>
      </trkpt>
      <trkpt lat="22.60549471713602542877197265625" lon="113.887042365968227386474609375">
        <ele>18.200000762939453125</ele>
        <time>2026-08-23T12:19:44.000Z</time>
        <extensions>
          <ns3:TrackPointExtension>
            <ns3:atemp>30.0</ns3:atemp>
            <ns3:hr>162</ns3:hr>
            <ns3:cad>87</ns3:cad>
          </ns3:TrackPointExtension>
        </extensions>
      </trkpt>
      <trkpt lat="22.60546789504587650299072265625" lon="113.88705166988074779510498046875">
        <ele>18.200000762939453125</ele>
        <time>2026-08-23T12:19:45.000Z</time>
        <extensions>
          <ns3:TrackPointExtension>
            <ns3:atemp>30.0</ns3:atemp>
            <ns3:hr>162</ns3:hr>
            <ns3:cad>88</ns3:cad>
          </ns3:TrackPointExtension>
        </extensions>
      </trkpt>
      <trkpt lat="22.60542766191065311431884765625" lon="113.88705653138458728790283203125">
        <ele>18.200000762939453125</ele>
        <time>2026-08-23T12:19:46.000Z</time>
        <extensions>
          <ns3:TrackPointExtension>
            <ns3:atemp>31.0</ns3:atemp>
            <ns3:hr>162</ns3:hr>
            <ns3:cad>88</ns3:cad>
          </ns3:TrackPointExtension>
        </extensions>
      </trkpt>
      <trkpt lat="22.605401091277599334716796875" lon="113.8870700262486934661865234375">
        <ele>18.200000762939453125</ele>
        <time>2026-08-23T12:19:47.000Z</time>
        <extensions>
          <ns3:TrackPointExtension>
            <ns3:atemp>30.0</ns3:atemp>
            <ns3:hr>162</ns3:hr>
            <ns3:cad>88</ns3:cad>
          </ns3:TrackPointExtension>
        </extensions>
      </trkpt>
      <trkpt lat="22.6053623668849468231201171875" lon="113.8870767317712306976318359375">
        <ele>18.200000762939453125</ele>
        <time>2026-08-23T12:19:48.000Z</time>
        <extensions>
          <ns3:TrackPointExtension>
            <ns3:atemp>30.0</ns3:atemp>
            <ns3:hr>162</ns3:hr>
            <ns3:cad>88</ns3:cad>
          </ns3:TrackPointExtension>
        </extensions>
      </trkpt>
      <trkpt lat="22.60533730499446392059326171875" lon="113.887088634073734283447265625">
        <ele>18.200000762939453125</ele>
        <time>2026-08-23T12:19:49.000Z</time>
        <extensions>
          <ns3:TrackPointExtension>
            <ns3:atemp>30.0</ns3:atemp>
            <ns3:hr>162</ns3:hr>
            <ns3:cad>88</ns3:cad>
          </ns3:TrackPointExtension>
        </extensions>
      </trkpt>
      <trkpt lat="22.60530059225857257843017578125" lon="113.887102045118808746337890625">
        <ele>18.200000762939453125</ele>
        <time>2026-08-23T12:19:50.000Z</time>
        <extensions>
          <ns3:TrackPointExtension>
            <ns3:atemp>30.0</ns3:atemp>
            <ns3:hr>162</ns3:hr>
            <ns3:cad>88</ns3:cad>
          </ns3:TrackPointExtension>
        </extensions>
      </trkpt>
      <trkpt lat="22.6052751950919628143310546875" lon="113.88711621053516864776611328125">
        <ele>18.200000762939453125</ele>
        <time>2026-08-23T12:19:51.000Z</time>
        <extensions>
          <ns3:TrackPointExtension>
            <ns3:atemp>30.0</ns3:atemp>
            <ns3:hr>163</ns3:hr>
            <ns3:cad>88</ns3:cad>
          </ns3:TrackPointExtension>
        </extensions>
      </trkpt>
      <trkpt lat="22.60524342767894268035888671875" lon="113.8871297053992748260498046875">
        <ele>18.200000762939453125</ele>
        <time>2026-08-23T12:19:52.000Z</time>
        <extensions>
          <ns3:TrackPointExtension>
            <ns3:atemp>30.0</ns3:atemp>
            <ns3:hr>163</ns3:hr>
            <ns3:cad>88</ns3:cad>
          </ns3:TrackPointExtension>
        </extensions>
      </trkpt>
      <trkpt lat="22.605213336646556854248046875" lon="113.88713800348341464996337890625">
        <ele>18.200000762939453125</ele>
        <time>2026-08-23T12:19:53.000Z</time>
        <extensions>
          <ns3:TrackPointExtension>
            <ns3:atemp>30.0</ns3:atemp>
            <ns3:hr>163</ns3:hr>
            <ns3:cad>88</ns3:cad>
          </ns3:TrackPointExtension>
        </extensions>
      </trkpt>
      <trkpt lat="22.60518006049096584320068359375" lon="113.8871484808623790740966796875">
        <ele>18.200000762939453125</ele>
        <time>2026-08-23T12:19:54.000Z</time>
        <extensions>
          <ns3:TrackPointExtension>
            <ns3:atemp>31.0</ns3:atemp>
            <ns3:hr>163</ns3:hr>
            <ns3:cad>88</ns3:cad>
          </ns3:TrackPointExtension>
        </extensions>
      </trkpt>
      <trkpt lat="22.60515206493437290191650390625" lon="113.887156359851360321044921875">
        <ele>18.200000762939453125</ele>
        <time>2026-08-23T12:19:55.000Z</time>
        <extensions>
          <ns3:TrackPointExtension>
            <ns3:atemp>30.0</ns3:atemp>
            <ns3:hr>163</ns3:hr>
            <ns3:cad>88</ns3:cad>
          </ns3:TrackPointExtension>
        </extensions>
      </trkpt>
      <trkpt lat="22.60512004606425762176513671875" lon="113.8871655799448490142822265625">
        <ele>18.200000762939453125</ele>
        <time>2026-08-23T12:19:56.000Z</time>
        <extensions>
          <ns3:TrackPointExtension>
            <ns3:atemp>30.0</ns3:atemp>
            <ns3:hr>163</ns3:hr>
            <ns3:cad>88</ns3:cad>
          </ns3:TrackPointExtension>
        </extensions>
      </trkpt>
      <trkpt lat="22.60508869774639606475830078125" lon="113.8871727883815765380859375">
        <ele>18.200000762939453125</ele>
        <time>2026-08-23T12:19:57.000Z</time>
        <extensions>
          <ns3:TrackPointExtension>
            <ns3:atemp>30.0</ns3:atemp>
            <ns3:hr>164</ns3:hr>
            <ns3:cad>88</ns3:cad>
          </ns3:TrackPointExtension>
        </extensions>
      </trkpt>
      <trkpt lat="22.605054080486297607421875" lon="113.8871810026466846466064453125">
        <ele>18.200000762939453125</ele>
        <time>2026-08-23T12:19:58.000Z</time>
        <extensions>
          <ns3:TrackPointExtension>
            <ns3:atemp>30.0</ns3:atemp>
            <ns3:hr>164</ns3:hr>
            <ns3:cad>88</ns3:cad>
          </ns3:TrackPointExtension>
        </extensions>
      </trkpt>
      <trkpt lat="22.60501946322619915008544921875" lon="113.887187875807285308837890625">
        <ele>18.3999996185302734375</ele>
        <time>2026-08-23T12:19:59.000Z</time>
        <extensions>
          <ns3:TrackPointExtension>
            <ns3:atemp>31.0</ns3:atemp>
            <ns3:hr>164</ns3:hr>
            <ns3:cad>89</ns3:cad>
          </ns3:TrackPointExtension>
        </extensions>
      </trkpt>
      <trkpt lat="22.6049912162125110626220703125" lon="113.887201957404613494873046875">
        <ele>18.3999996185302734375</ele>
        <time>2026-08-23T12:20:00.000Z</time>
        <extensions>
          <ns3:TrackPointExtension>
            <ns3:atemp>30.0</ns3:atemp>
            <ns3:hr>165</ns3:hr>
            <ns3:cad>89</ns3:cad>
          </ns3:TrackPointExtension>
        </extensions>
      </trkpt>
      <trkpt lat="22.60495559312403202056884765625" lon="113.88721059076488018035888671875">
        <ele>18.3999996185302734375</ele>
        <time>2026-08-23T12:20:01.000Z</time>
        <extensions>
          <ns3:TrackPointExtension>
            <ns3:atemp>30.0</ns3:atemp>
            <ns3:hr>165</ns3:hr>
            <ns3:cad>89</ns3:cad>
          </ns3:TrackPointExtension>
        </extensions>
      </trkpt>
      <trkpt lat="22.604931034147739410400390625" lon="113.88722266070544719696044921875">
        <ele>18.3999996185302734375</ele>
        <time>2026-08-23T12:20:02.000Z</time>
        <extensions>
          <ns3:TrackPointExtension>
            <ns3:atemp>30.0</ns3:atemp>
            <ns3:hr>165</ns3:hr>
            <ns3:cad>89</ns3:cad>
          </ns3:TrackPointExtension>
        </extensions>
      </trkpt>
      <trkpt lat="22.6048956625163555145263671875" lon="113.8872286118566989898681640625">
        <ele>18.3999996185302734375</ele>
        <time>2026-08-23T12:20:03.000Z</time>
        <extensions>
          <ns3:TrackPointExtension>
            <ns3:atemp>30.0</ns3:atemp>
            <ns3:hr>165</ns3:hr>
            <ns3:cad>89</ns3:cad>
          </ns3:TrackPointExtension>
        </extensions>
      </trkpt>
      <trkpt lat="22.60486875660717487335205078125" lon="113.88724009506404399871826171875">
        <ele>18.200000762939453125</ele>
        <time>2026-08-23T12:20:04.000Z</time>
        <extensions>
          <ns3:TrackPointExtension>
            <ns3:atemp>31.0</ns3:atemp>
            <ns3:hr>166</ns3:hr>
            <ns3:cad>89</ns3:cad>
          </ns3:TrackPointExtension>
        </extensions>
      </trkpt>
      <trkpt lat="22.60482919402420520782470703125" lon="113.887244202196598052978515625">
        <ele>18.200000762939453125</ele>
        <time>2026-08-23T12:20:05.000Z</time>
        <extensions>
          <ns3:TrackPointExtension>
            <ns3:atemp>30.0</ns3:atemp>
            <ns3:hr>166</ns3:hr>
            <ns3:cad>88</ns3:cad>
          </ns3:TrackPointExtension>
        </extensions>
      </trkpt>
      <trkpt lat="22.60480103082954883575439453125" lon="113.8872540928423404693603515625">
        <ele>18.200000762939453125</ele>
        <time>2026-08-23T12:20:06.000Z</time>
        <extensions>
          <ns3:TrackPointExtension>
            <ns3:atemp>31.0</ns3:atemp>
            <ns3:hr>166</ns3:hr>
            <ns3:cad>88</ns3:cad>
          </ns3:TrackPointExtension>
        </extensions>
      </trkpt>
      <trkpt lat="22.60476498864591121673583984375" lon="113.88726507313549518585205078125">
        <ele>18.200000762939453125</ele>
        <time>2026-08-23T12:20:07.000Z</time>
        <extensions>
          <ns3:TrackPointExtension>
            <ns3:atemp>30.0</ns3:atemp>
            <ns3:hr>165</ns3:hr>
            <ns3:cad>88</ns3:cad>
          </ns3:TrackPointExtension>
        </extensions>
      </trkpt>
      <trkpt lat="22.60473431088030338287353515625" lon="113.88727680779993534088134765625">
        <ele>18.200000762939453125</ele>
        <time>2026-08-23T12:20:08.000Z</time>
        <extensions>
          <ns3:TrackPointExtension>
            <ns3:atemp>30.0</ns3:atemp>
            <ns3:hr>166</ns3:hr>
            <ns3:cad>88</ns3:cad>
          </ns3:TrackPointExtension>
        </extensions>
      </trkpt>
      <trkpt lat="22.6046991907060146331787109375" lon="113.887295164167881011962890625">
        <ele>18.200000762939453125</ele>
        <time>2026-08-23T12:20:09.000Z</time>
        <extensions>
          <ns3:TrackPointExtension>
            <ns3:atemp>30.0</ns3:atemp>
            <ns3:hr>165</ns3:hr>
            <ns3:cad>89</ns3:cad>
          </ns3:TrackPointExtension>
        </extensions>
      </trkpt>
      <trkpt lat="22.6046737097203731536865234375" lon="113.887314610183238983154296875">
        <ele>18.200000762939453125</ele>
        <time>2026-08-23T12:20:10.000Z</time>
        <extensions>
          <ns3:TrackPointExtension>
            <ns3:atemp>30.0</ns3:atemp>
            <ns3:hr>165</ns3:hr>
            <ns3:cad>89</ns3:cad>
          </ns3:TrackPointExtension>
        </extensions>
      </trkpt>
      <trkpt lat="22.6046492345631122589111328125" lon="113.8873399235308170318603515625">
        <ele>18.200000762939453125</ele>
        <time>2026-08-23T12:20:11.000Z</time>
        <extensions>
          <ns3:TrackPointExtension>
            <ns3:atemp>30.0</ns3:atemp>
            <ns3:hr>165</ns3:hr>
            <ns3:cad>89</ns3:cad>
          </ns3:TrackPointExtension>
        </extensions>
      </trkpt>
      <trkpt lat="22.6046250946819782257080078125" lon="113.8873659074306488037109375">
        <ele>18.200000762939453125</ele>
        <time>2026-08-23T12:20:12.000Z</time>
        <extensions>
          <ns3:TrackPointExtension>
            <ns3:atemp>31.0</ns3:atemp>
            <ns3:hr>165</ns3:hr>
            <ns3:cad>89</ns3:cad>
          </ns3:TrackPointExtension>
        </extensions>
      </trkpt>
      <trkpt lat="22.60460321791470050811767578125" lon="113.88739700429141521453857421875">
        <ele>18.200000762939453125</ele>
        <time>2026-08-23T12:20:13.000Z</time>
        <extensions>
          <ns3:TrackPointExtension>
            <ns3:atemp>30.0</ns3:atemp>
            <ns3:hr>165</ns3:hr>
            <ns3:cad>89</ns3:cad>
          </ns3:TrackPointExtension>
        </extensions>
      </trkpt>
      <trkpt lat="22.604588381946086883544921875" lon="113.887429274618625640869140625">
        <ele>18.200000762939453125</ele>
        <time>2026-08-23T12:20:14.000Z</time>
        <extensions>
          <ns3:TrackPointExtension>
            <ns3:atemp>31.0</ns3:atemp>
            <ns3:hr>165</ns3:hr>
            <ns3:cad>89</ns3:cad>
          </ns3:TrackPointExtension>
        </extensions>
      </trkpt>
      <trkpt lat="22.604574300348758697509765625" lon="113.88746640644967555999755859375">
        <ele>18.200000762939453125</ele>
        <time>2026-08-23T12:20:15.000Z</time>
        <extensions>
          <ns3:TrackPointExtension>
            <ns3:atemp>31.0</ns3:atemp>
            <ns3:hr>164</ns3:hr>
            <ns3:cad>89</ns3:cad>
          </ns3:TrackPointExtension>
        </extensions>
      </trkpt>
      <trkpt lat="22.60456860065460205078125" lon="113.8875028677284717559814453125">
        <ele>18.3999996185302734375</ele>
        <time>2026-08-23T12:20:16.000Z</time>
        <extensions>
          <ns3:TrackPointExtension>
            <ns3:atemp>31.0</ns3:atemp>
            <ns3:hr>164</ns3:hr>
            <ns3:cad>89</ns3:cad>
          </ns3:TrackPointExtension>
        </extensions>
      </trkpt>
      <trkpt lat="22.604563571512699127197265625" lon="113.88753480277955532073974609375">
        <ele>18.3999996185302734375</ele>
        <time>2026-08-23T12:20:17.000Z</time>
        <extensions>
          <ns3:TrackPointExtension>
            <ns3:atemp>31.0</ns3:atemp>
            <ns3:hr>164</ns3:hr>
            <ns3:cad>89</ns3:cad>
          </ns3:TrackPointExtension>
        </extensions>
      </trkpt>
      <trkpt lat="22.6045627333223819732666015625" lon="113.88757268898189067840576171875">
        <ele>18.3999996185302734375</ele>
        <time>2026-08-23T12:20:18.000Z</time>
        <extensions>
          <ns3:TrackPointExtension>
            <ns3:atemp>31.0</ns3:atemp>
            <ns3:hr>164</ns3:hr>
            <ns3:cad>89</ns3:cad>
          </ns3:TrackPointExtension>
        </extensions>
      </trkpt>
      <trkpt lat="22.604570947587490081787109375" lon="113.887600600719451904296875">
        <ele>18.200000762939453125</ele>
        <time>2026-08-23T12:20:19.000Z</time>
        <extensions>
          <ns3:TrackPointExtension>
            <ns3:atemp>31.0</ns3:atemp>
            <ns3:hr>164</ns3:hr>
            <ns3:cad>89</ns3:cad>
          </ns3:TrackPointExtension>
        </extensions>
      </trkpt>
      <trkpt lat="22.6045825146138668060302734375" lon="113.88763622380793094635009765625">
        <ele>18.200000762939453125</ele>
        <time>2026-08-23T12:20:20.000Z</time>
        <extensions>
          <ns3:TrackPointExtension>
            <ns3:atemp>31.0</ns3:atemp>
            <ns3:hr>164</ns3:hr>
            <ns3:cad>89</ns3:cad>
          </ns3:TrackPointExtension>
        </extensions>
      </trkpt>
      <trkpt lat="22.6045982725918292999267578125" lon="113.88766287826001644134521484375">
        <ele>18.200000762939453125</ele>
        <time>2026-08-23T12:20:21.000Z</time>
        <extensions>
          <ns3:TrackPointExtension>
            <ns3:atemp>30.0</ns3:atemp>
            <ns3:hr>164</ns3:hr>
            <ns3:cad>89</ns3:cad>
          </ns3:TrackPointExtension>
        </extensions>
      </trkpt>
      <trkpt lat="22.60462014935910701751708984375" lon="113.88769422657787799835205078125">
        <ele>18.200000762939453125</ele>
        <time>2026-08-23T12:20:22.000Z</time>
        <extensions>
          <ns3:TrackPointExtension>
            <ns3:atemp>30.0</ns3:atemp>
            <ns3:hr>164</ns3:hr>
            <ns3:cad>89</ns3:cad>
          </ns3:TrackPointExtension>
        </extensions>
      </trkpt>
      <trkpt lat="22.60464177466928958892822265625" lon="113.88772062957286834716796875">
        <ele>18.200000762939453125</ele>
        <time>2026-08-23T12:20:23.000Z</time>
        <extensions>
          <ns3:TrackPointExtension>
            <ns3:atemp>31.0</ns3:atemp>
            <ns3:hr>164</ns3:hr>
            <ns3:cad>89</ns3:cad>
          </ns3:TrackPointExtension>
        </extensions>
      </trkpt>
      <trkpt lat="22.6046636514365673065185546875" lon="113.88775005005300045013427734375">
        <ele>18.200000762939453125</ele>
        <time>2026-08-23T12:20:24.000Z</time>
        <extensions>
          <ns3:TrackPointExtension>
            <ns3:atemp>31.0</ns3:atemp>
            <ns3:hr>164</ns3:hr>
            <ns3:cad>89</ns3:cad>
          </ns3:TrackPointExtension>
        </extensions>
      </trkpt>
      <trkpt lat="22.60468368418514728546142578125" lon="113.8877709209918975830078125">
        <ele>18.3999996185302734375</ele>
        <time>2026-08-23T12:20:25.000Z</time>
        <extensions>
          <ns3:TrackPointExtension>
            <ns3:atemp>30.0</ns3:atemp>
            <ns3:hr>163</ns3:hr>
            <ns3:cad>89</ns3:cad>
          </ns3:TrackPointExtension>
        </extensions>
      </trkpt>
      <trkpt lat="22.60471788235008716583251953125" lon="113.88779195956885814666748046875">
        <ele>18.200000762939453125</ele>
        <time>2026-08-23T12:20:26.000Z</time>
        <extensions>
          <ns3:TrackPointExtension>
            <ns3:atemp>31.0</ns3:atemp>
            <ns3:hr>164</ns3:hr>
            <ns3:cad>89</ns3:cad>
          </ns3:TrackPointExtension>
        </extensions>
      </trkpt>
      <trkpt lat="22.60474721901118755340576171875" lon="113.8877989165484905242919921875">
        <ele>18.3999996185302734375</ele>
        <time>2026-08-23T12:20:27.000Z</time>
        <extensions>
          <ns3:TrackPointExtension>
            <ns3:atemp>30.0</ns3:atemp>
            <ns3:hr>164</ns3:hr>
            <ns3:cad>89</ns3:cad>
          </ns3:TrackPointExtension>
        </extensions>
      </trkpt>
      <trkpt lat="22.604780830442905426025390625" lon="113.887812159955501556396484375">
        <ele>18.3999996185302734375</ele>
        <time>2026-08-23T12:20:28.000Z</time>
        <extensions>
          <ns3:TrackPointExtension>
            <ns3:atemp>30.0</ns3:atemp>
            <ns3:hr>164</ns3:hr>
            <ns3:cad>89</ns3:cad>
          </ns3:TrackPointExtension>
        </extensions>
      </trkpt>
      <trkpt lat="22.60480337776243686676025390625" lon="113.8878140039741992950439453125">
        <ele>18.3999996185302734375</ele>
        <time>2026-08-23T12:20:29.000Z</time>
        <extensions>
          <ns3:TrackPointExtension>
            <ns3:atemp>30.0</ns3:atemp>
            <ns3:hr>164</ns3:hr>
            <ns3:cad>89</ns3:cad>
          </ns3:TrackPointExtension>
        </extensions>
      </trkpt>
      <trkpt lat="22.6048467122018337249755859375" lon="113.8878106512129306793212890625">
        <ele>18.3999996185302734375</ele>
        <time>2026-08-23T12:20:30.000Z</time>
        <extensions>
          <ns3:TrackPointExtension>
            <ns3:atemp>30.0</ns3:atemp>
            <ns3:hr>164</ns3:hr>
            <ns3:cad>89</ns3:cad>
          </ns3:TrackPointExtension>
        </extensions>
      </trkpt>
      <trkpt lat="22.60487780906260013580322265625" lon="113.88780268840491771697998046875">
        <ele>18.3999996185302734375</ele>
        <time>2026-08-23T12:20:31.000Z</time>
        <extensions>
          <ns3:TrackPointExtension>
            <ns3:atemp>30.0</ns3:atemp>
            <ns3:hr>164</ns3:hr>
            <ns3:cad>89</ns3:cad>
          </ns3:TrackPointExtension>
        </extensions>
      </trkpt>
      <trkpt lat="22.6049211435019969940185546875" lon="113.88778659515082836151123046875">
        <ele>18.200000762939453125</ele>
        <time>2026-08-23T12:20:32.000Z</time>
        <extensions>
          <ns3:TrackPointExtension>
            <ns3:atemp>30.0</ns3:atemp>
            <ns3:hr>164</ns3:hr>
            <ns3:cad>89</ns3:cad>
          </ns3:TrackPointExtension>
        </extensions>
      </trkpt>
      <trkpt lat="22.604949139058589935302734375" lon="113.88777016662061214447021484375">
        <ele>18.200000762939453125</ele>
        <time>2026-08-23T12:20:33.000Z</time>
        <extensions>
          <ns3:TrackPointExtension>
            <ns3:atemp>30.0</ns3:atemp>
            <ns3:hr>165</ns3:hr>
            <ns3:cad>89</ns3:cad>
          </ns3:TrackPointExtension>
        </extensions>
      </trkpt>
      <trkpt lat="22.60498627088963985443115234375" lon="113.887751810252666473388671875">
        <ele>18.200000762939453125</ele>
        <time>2026-08-23T12:20:34.000Z</time>
        <extensions>
          <ns3:TrackPointExtension>
            <ns3:atemp>30.0</ns3:atemp>
            <ns3:hr>165</ns3:hr>
            <ns3:cad>89</ns3:cad>
          </ns3:TrackPointExtension>
        </extensions>
      </trkpt>
      <trkpt lat="22.60501921176910400390625" lon="113.88773730956017971038818359375">
        <ele>18.200000762939453125</ele>
        <time>2026-08-23T12:20:35.000Z</time>
        <extensions>
          <ns3:TrackPointExtension>
            <ns3:atemp>30.0</ns3:atemp>
            <ns3:hr>165</ns3:hr>
            <ns3:cad>88</ns3:cad>
          </ns3:TrackPointExtension>
        </extensions>
      </trkpt>
      <trkpt lat="22.60505768470466136932373046875" lon="113.8877226412296295166015625">
        <ele>18.3999996185302734375</ele>
        <time>2026-08-23T12:20:36.000Z</time>
        <extensions>
          <ns3:TrackPointExtension>
            <ns3:atemp>30.0</ns3:atemp>
            <ns3:hr>165</ns3:hr>
            <ns3:cad>88</ns3:cad>
          </ns3:TrackPointExtension>
        </extensions>
      </trkpt>
      <trkpt lat="22.60509238578379154205322265625" lon="113.88770855963230133056640625">
        <ele>18.6000003814697265625</ele>
        <time>2026-08-23T12:20:37.000Z</time>
        <extensions>
          <ns3:TrackPointExtension>
            <ns3:atemp>31.0</ns3:atemp>
            <ns3:hr>164</ns3:hr>
            <ns3:cad>88</ns3:cad>
          </ns3:TrackPointExtension>
        </extensions>
      </trkpt>
      <trkpt lat="22.6051229797303676605224609375" lon="113.88769447803497314453125">
        <ele>18.6000003814697265625</ele>
        <time>2026-08-23T12:20:38.000Z</time>
        <extensions>
          <ns3:TrackPointExtension>
            <ns3:atemp>31.0</ns3:atemp>
            <ns3:hr>164</ns3:hr>
            <ns3:cad>88</ns3:cad>
          </ns3:TrackPointExtension>
        </extensions>
      </trkpt>
      <trkpt lat="22.60515508241951465606689453125" lon="113.887686766684055328369140625">
        <ele>18.6000003814697265625</ele>
        <time>2026-08-23T12:20:39.000Z</time>
        <extensions>
          <ns3:TrackPointExtension>
            <ns3:atemp>31.0</ns3:atemp>
            <ns3:hr>164</ns3:hr>
            <ns3:cad>87</ns3:cad>
          </ns3:TrackPointExtension>
        </extensions>
      </trkpt>
      <trkpt lat="22.60518274269998073577880859375" lon="113.88767771422863006591796875">
        <ele>18.799999237060546875</ele>
        <time>2026-08-23T12:20:40.000Z</time>
        <extensions>
          <ns3:TrackPointExtension>
            <ns3:atemp>30.0</ns3:atemp>
            <ns3:hr>164</ns3:hr>
            <ns3:cad>87</ns3:cad>
          </ns3:TrackPointExtension>
        </extensions>
      </trkpt>
      <trkpt lat="22.605220712721347808837890625" lon="113.88766991905868053436279296875">
        <ele>18.799999237060546875</ele>
        <time>2026-08-23T12:20:41.000Z</time>
        <extensions>
          <ns3:TrackPointExtension>
            <ns3:atemp>30.0</ns3:atemp>
            <ns3:hr>164</ns3:hr>
            <ns3:cad>88</ns3:cad>
          </ns3:TrackPointExtension>
        </extensions>
      </trkpt>
      <trkpt lat="22.6052470318973064422607421875" lon="113.88765768148005008697509765625">
        <ele>18.6000003814697265625</ele>
        <time>2026-08-23T12:20:42.000Z</time>
        <extensions>
          <ns3:TrackPointExtension>
            <ns3:atemp>30.0</ns3:atemp>
            <ns3:hr>164</ns3:hr>
            <ns3:cad>88</ns3:cad>
          </ns3:TrackPointExtension>
        </extensions>
      </trkpt>
      <trkpt lat="22.60528282262384891510009765625" lon="113.8876507245004177093505859375">
        <ele>18.6000003814697265625</ele>
        <time>2026-08-23T12:20:43.000Z</time>
        <extensions>
          <ns3:TrackPointExtension>
            <ns3:atemp>30.0</ns3:atemp>
            <ns3:hr>164</ns3:hr>
            <ns3:cad>88</ns3:cad>
          </ns3:TrackPointExtension>
        </extensions>
      </trkpt>
      <trkpt lat="22.6053080521523952484130859375" lon="113.8876420073211193084716796875">
        <ele>18.6000003814697265625</ele>
        <time>2026-08-23T12:20:44.000Z</time>
        <extensions>
          <ns3:TrackPointExtension>
            <ns3:atemp>30.0</ns3:atemp>
            <ns3:hr>165</ns3:hr>
            <ns3:cad>88</ns3:cad>
          </ns3:TrackPointExtension>
        </extensions>
      </trkpt>
      <trkpt lat="22.60534618981182575225830078125" lon="113.8876346312463283538818359375">
        <ele>18.799999237060546875</ele>
        <time>2026-08-23T12:20:45.000Z</time>
        <extensions>
          <ns3:TrackPointExtension>
            <ns3:atemp>30.0</ns3:atemp>
            <ns3:hr>165</ns3:hr>
            <ns3:cad>88</ns3:cad>
          </ns3:TrackPointExtension>
        </extensions>
      </trkpt>
      <trkpt lat="22.60537317954003810882568359375" lon="113.887625075876712799072265625">
        <ele>18.6000003814697265625</ele>
        <time>2026-08-23T12:20:46.000Z</time>
        <extensions>
          <ns3:TrackPointExtension>
            <ns3:atemp>30.0</ns3:atemp>
            <ns3:hr>165</ns3:hr>
            <ns3:cad>88</ns3:cad>
          </ns3:TrackPointExtension>
        </extensions>
      </trkpt>
      <trkpt lat="22.605412490665912628173828125" lon="113.8876180350780487060546875">
        <ele>18.6000003814697265625</ele>
        <time>2026-08-23T12:20:47.000Z</time>
        <extensions>
          <ns3:TrackPointExtension>
            <ns3:atemp>30.0</ns3:atemp>
            <ns3:hr>165</ns3:hr>
            <ns3:cad>88</ns3:cad>
          </ns3:TrackPointExtension>
        </extensions>
      </trkpt>
      <trkpt lat="22.60544124059379100799560546875" lon="113.88760956935584545135498046875">
        <ele>18.6000003814697265625</ele>
        <time>2026-08-23T12:20:48.000Z</time>
        <extensions>
          <ns3:TrackPointExtension>
            <ns3:atemp>31.0</ns3:atemp>
            <ns3:hr>166</ns3:hr>
            <ns3:cad>88</ns3:cad>
          </ns3:TrackPointExtension>
        </extensions>
      </trkpt>
      <trkpt lat="22.60548063553869724273681640625" lon="113.88760001398622989654541015625">
        <ele>18.6000003814697265625</ele>
        <time>2026-08-23T12:20:49.000Z</time>
        <extensions>
          <ns3:TrackPointExtension>
            <ns3:atemp>30.0</ns3:atemp>
            <ns3:hr>166</ns3:hr>
            <ns3:cad>88</ns3:cad>
          </ns3:TrackPointExtension>
        </extensions>
      </trkpt>
      <trkpt lat="22.6055113971233367919921875" lon="113.8875927217304706573486328125">
        <ele>18.6000003814697265625</ele>
        <time>2026-08-23T12:20:50.000Z</time>
        <extensions>
          <ns3:TrackPointExtension>
            <ns3:atemp>30.0</ns3:atemp>
            <ns3:hr>166</ns3:hr>
            <ns3:cad>88</ns3:cad>
          </ns3:TrackPointExtension>
        </extensions>
      </trkpt>
      <trkpt lat="22.60554802604019641876220703125" lon="113.88758517801761627197265625">
        <ele>18.6000003814697265625</ele>
        <time>2026-08-23T12:20:51.000Z</time>
        <extensions>
          <ns3:TrackPointExtension>
            <ns3:atemp>30.0</ns3:atemp>
            <ns3:hr>166</ns3:hr>
            <ns3:cad>88</ns3:cad>
          </ns3:TrackPointExtension>
        </extensions>
      </trkpt>
      <trkpt lat="22.60557283647358417510986328125" lon="113.8875783048570156097412109375">
        <ele>18.799999237060546875</ele>
        <time>2026-08-23T12:20:52.000Z</time>
        <extensions>
          <ns3:TrackPointExtension>
            <ns3:atemp>31.0</ns3:atemp>
            <ns3:hr>165</ns3:hr>
            <ns3:cad>88</ns3:cad>
          </ns3:TrackPointExtension>
        </extensions>
      </trkpt>
      <trkpt lat="22.605602256953716278076171875" lon="113.8875642232596874237060546875">
        <ele>18.799999237060546875</ele>
        <time>2026-08-23T12:20:53.000Z</time>
        <extensions>
          <ns3:TrackPointExtension>
            <ns3:atemp>30.0</ns3:atemp>
            <ns3:hr>166</ns3:hr>
            <ns3:cad>88</ns3:cad>
          </ns3:TrackPointExtension>
        </extensions>
      </trkpt>
      <trkpt lat="22.60562614537775516510009765625" lon="113.8875482976436614990234375">
        <ele>18.799999237060546875</ele>
        <time>2026-08-23T12:20:54.000Z</time>
        <extensions>
          <ns3:TrackPointExtension>
            <ns3:atemp>31.0</ns3:atemp>
            <ns3:hr>166</ns3:hr>
            <ns3:cad>88</ns3:cad>
          </ns3:TrackPointExtension>
        </extensions>
      </trkpt>
      <trkpt lat="22.605651877820491790771484375" lon="113.8875253312289714813232421875">
        <ele>18.799999237060546875</ele>
        <time>2026-08-23T12:20:55.000Z</time>
        <extensions>
          <ns3:TrackPointExtension>
            <ns3:atemp>30.0</ns3:atemp>
            <ns3:hr>166</ns3:hr>
            <ns3:cad>88</ns3:cad>
          </ns3:TrackPointExtension>
        </extensions>
      </trkpt>
      <trkpt lat="22.6056776940822601318359375" lon="113.88750135898590087890625">
        <ele>18.799999237060546875</ele>
        <time>2026-08-23T12:20:56.000Z</time>
        <extensions>
          <ns3:TrackPointExtension>
            <ns3:atemp>30.0</ns3:atemp>
            <ns3:hr>165</ns3:hr>
            <ns3:cad>88</ns3:cad>
          </ns3:TrackPointExtension>
        </extensions>
      </trkpt>
      <trkpt lat="22.60569688864052295684814453125" lon="113.88747378252446651458740234375">
        <ele>18.799999237060546875</ele>
        <time>2026-08-23T12:20:57.000Z</time>
        <extensions>
          <ns3:TrackPointExtension>
            <ns3:atemp>30.0</ns3:atemp>
            <ns3:hr>165</ns3:hr>
            <ns3:cad>88</ns3:cad>
          </ns3:TrackPointExtension>
        </extensions>
      </trkpt>
      <trkpt lat="22.60571583174169063568115234375" lon="113.8874435238540172576904296875">
        <ele>18.799999237060546875</ele>
        <time>2026-08-23T12:20:58.000Z</time>
        <extensions>
          <ns3:TrackPointExtension>
            <ns3:atemp>31.0</ns3:atemp>
            <ns3:hr>165</ns3:hr>
            <ns3:cad>88</ns3:cad>
          </ns3:TrackPointExtension>
        </extensions>
      </trkpt>
      <trkpt lat="22.60572421364486217498779296875" lon="113.88741309754550457000732421875">
        <ele>18.799999237060546875</ele>
        <time>2026-08-23T12:20:59.000Z</time>
        <extensions>
          <ns3:TrackPointExtension>
            <ns3:atemp>31.0</ns3:atemp>
            <ns3:hr>165</ns3:hr>
            <ns3:cad>88</ns3:cad>
          </ns3:TrackPointExtension>
        </extensions>
      </trkpt>
      <trkpt lat="22.60573695413768291473388671875" lon="113.88737998902797698974609375">
        <ele>18.799999237060546875</ele>
        <time>2026-08-23T12:21:00.000Z</time>
        <extensions>
          <ns3:TrackPointExtension>
            <ns3:atemp>30.0</ns3:atemp>
            <ns3:hr>165</ns3:hr>
            <ns3:cad>88</ns3:cad>
          </ns3:TrackPointExtension>
        </extensions>
      </trkpt>
      <trkpt lat="22.6057422347366809844970703125" lon="113.88734486885368824005126953125">
        <ele>19</ele>
        <time>2026-08-23T12:21:01.000Z</time>
        <extensions>
          <ns3:TrackPointExtension>
            <ns3:atemp>30.0</ns3:atemp>
            <ns3:hr>165</ns3:hr>
            <ns3:cad>88</ns3:cad>
          </ns3:TrackPointExtension>
        </extensions>
      </trkpt>
      <trkpt lat="22.6057502813637256622314453125" lon="113.88730966486036777496337890625">
        <ele>19</ele>
        <time>2026-08-23T12:21:02.000Z</time>
        <extensions>
          <ns3:TrackPointExtension>
            <ns3:atemp>31.0</ns3:atemp>
            <ns3:hr>165</ns3:hr>
            <ns3:cad>88</ns3:cad>
          </ns3:TrackPointExtension>
        </extensions>
      </trkpt>
      <trkpt lat="22.60574600659310817718505859375" lon="113.88728653080761432647705078125">
        <ele>19</ele>
        <time>2026-08-23T12:21:03.000Z</time>
        <extensions>
          <ns3:TrackPointExtension>
            <ns3:atemp>31.0</ns3:atemp>
            <ns3:hr>165</ns3:hr>
            <ns3:cad>89</ns3:cad>
          </ns3:TrackPointExtension>
        </extensions>
      </trkpt>
      <trkpt lat="22.60574617423117160797119140625" lon="113.88725124299526214599609375">
        <ele>19</ele>
        <time>2026-08-23T12:21:04.000Z</time>
        <extensions>
          <ns3:TrackPointExtension>
            <ns3:atemp>30.0</ns3:atemp>
            <ns3:hr>165</ns3:hr>
            <ns3:cad>89</ns3:cad>
          </ns3:TrackPointExtension>
        </extensions>
      </trkpt>
      <trkpt lat="22.605737708508968353271484375" lon="113.887226767838001251220703125">
        <ele>19</ele>
        <time>2026-08-23T12:21:05.000Z</time>
        <extensions>
          <ns3:TrackPointExtension>
            <ns3:atemp>30.0</ns3:atemp>
            <ns3:hr>165</ns3:hr>
            <ns3:cad>89</ns3:cad>
          </ns3:TrackPointExtension>
        </extensions>
      </trkpt>
      <trkpt lat="22.6057206094264984130859375" lon="113.88718879781663417816162109375">
        <ele>19</ele>
        <time>2026-08-23T12:21:06.000Z</time>
        <extensions>
          <ns3:TrackPointExtension>
            <ns3:atemp>31.0</ns3:atemp>
            <ns3:hr>165</ns3:hr>
            <ns3:cad>89</ns3:cad>
          </ns3:TrackPointExtension>
        </extensions>
      </trkpt>
      <trkpt lat="22.60570560581982135772705078125" lon="113.8871602155268192291259765625">
        <ele>18.799999237060546875</ele>
        <time>2026-08-23T12:21:07.000Z</time>
        <extensions>
          <ns3:TrackPointExtension>
            <ns3:atemp>31.0</ns3:atemp>
            <ns3:hr>165</ns3:hr>
            <ns3:cad>88</ns3:cad>
          </ns3:TrackPointExtension>
        </extensions>
      </trkpt>
      <trkpt lat="22.6056862436234951019287109375" lon="113.8871320523321628570556640625">
        <ele>18.799999237060546875</ele>
        <time>2026-08-23T12:21:08.000Z</time>
        <extensions>
          <ns3:TrackPointExtension>
            <ns3:atemp>30.0</ns3:atemp>
            <ns3:hr>165</ns3:hr>
            <ns3:cad>88</ns3:cad>
          </ns3:TrackPointExtension>
        </extensions>
      </trkpt>
      <trkpt lat="22.60566361248493194580078125" lon="113.8871084153652191162109375">
        <ele>18.799999237060546875</ele>
        <time>2026-08-23T12:21:09.000Z</time>
        <extensions>
          <ns3:TrackPointExtension>
            <ns3:atemp>31.0</ns3:atemp>
            <ns3:hr>165</ns3:hr>
            <ns3:cad>88</ns3:cad>
          </ns3:TrackPointExtension>
        </extensions>
      </trkpt>
      <trkpt lat="22.605635114014148712158203125" lon="113.8870851136744022369384765625">
        <ele>18.799999237060546875</ele>
        <time>2026-08-23T12:21:10.000Z</time>
        <extensions>
          <ns3:TrackPointExtension>
            <ns3:atemp>31.0</ns3:atemp>
            <ns3:hr>165</ns3:hr>
            <ns3:cad>87</ns3:cad>
          </ns3:TrackPointExtension>
        </extensions>
      </trkpt>
      <trkpt lat="22.60560703463852405548095703125" lon="113.8870660029351711273193359375">
        <ele>18.799999237060546875</ele>
        <time>2026-08-23T12:21:11.000Z</time>
        <extensions>
          <ns3:TrackPointExtension>
            <ns3:atemp>31.0</ns3:atemp>
            <ns3:hr>165</ns3:hr>
            <ns3:cad>87</ns3:cad>
          </ns3:TrackPointExtension>
        </extensions>
      </trkpt>
      <trkpt lat="22.60557417757809162139892578125" lon="113.8870529271662235260009765625">
        <ele>18.799999237060546875</ele>
        <time>2026-08-23T12:21:12.000Z</time>
        <extensions>
          <ns3:TrackPointExtension>
            <ns3:atemp>31.0</ns3:atemp>
            <ns3:hr>165</ns3:hr>
            <ns3:cad>87</ns3:cad>
          </ns3:TrackPointExtension>
        </extensions>
      </trkpt>
      <trkpt lat="22.605541907250881195068359375" lon="113.8870418630540370941162109375">
        <ele>18.799999237060546875</ele>
        <time>2026-08-23T12:21:13.000Z</time>
        <extensions>
          <ns3:TrackPointExtension>
            <ns3:atemp>31.0</ns3:atemp>
            <ns3:hr>165</ns3:hr>
            <ns3:cad>88</ns3:cad>
          </ns3:TrackPointExtension>
        </extensions>
      </trkpt>
      <trkpt lat="22.6055113971233367919921875" lon="113.887038342654705047607421875">
        <ele>18.799999237060546875</ele>
        <time>2026-08-23T12:21:14.000Z</time>
        <extensions>
          <ns3:TrackPointExtension>
            <ns3:atemp>31.0</ns3:atemp>
            <ns3:hr>165</ns3:hr>
            <ns3:cad>88</ns3:cad>
          </ns3:TrackPointExtension>
        </extensions>
      </trkpt>
      <trkpt lat="22.6054751873016357421875" lon="113.887037672102451324462890625">
        <ele>18.799999237060546875</ele>
        <time>2026-08-23T12:21:15.000Z</time>
        <extensions>
          <ns3:TrackPointExtension>
            <ns3:atemp>30.0</ns3:atemp>
            <ns3:hr>165</ns3:hr>
            <ns3:cad>88</ns3:cad>
          </ns3:TrackPointExtension>
        </extensions>
      </trkpt>
      <trkpt lat="22.6054468564689159393310546875" lon="113.88705007731914520263671875">
        <ele>18.799999237060546875</ele>
        <time>2026-08-23T12:21:16.000Z</time>
        <extensions>
          <ns3:TrackPointExtension>
            <ns3:atemp>31.0</ns3:atemp>
            <ns3:hr>165</ns3:hr>
            <ns3:cad>89</ns3:cad>
          </ns3:TrackPointExtension>
        </extensions>
      </trkpt>
      <trkpt lat="22.60540637187659740447998046875" lon="113.8870556093752384185791015625">
        <ele>18.799999237060546875</ele>
        <time>2026-08-23T12:21:17.000Z</time>
        <extensions>
          <ns3:TrackPointExtension>
            <ns3:atemp>31.0</ns3:atemp>
            <ns3:hr>165</ns3:hr>
            <ns3:cad>89</ns3:cad>
          </ns3:TrackPointExtension>
        </extensions>
      </trkpt>
      <trkpt lat="22.6053767837584018707275390625" lon="113.8870681822299957275390625">
        <ele>19</ele>
        <time>2026-08-23T12:21:18.000Z</time>
        <extensions>
          <ns3:TrackPointExtension>
            <ns3:atemp>31.0</ns3:atemp>
            <ns3:hr>165</ns3:hr>
            <ns3:cad>89</ns3:cad>
          </ns3:TrackPointExtension>
        </extensions>
      </trkpt>
      <trkpt lat="22.60533981956541538238525390625" lon="113.8870763964951038360595703125">
        <ele>18.799999237060546875</ele>
        <time>2026-08-23T12:21:19.000Z</time>
        <extensions>
          <ns3:TrackPointExtension>
            <ns3:atemp>30.0</ns3:atemp>
            <ns3:hr>165</ns3:hr>
            <ns3:cad>88</ns3:cad>
          </ns3:TrackPointExtension>
        </extensions>
      </trkpt>
      <trkpt lat="22.60531584732234477996826171875" lon="113.8870914839208126068115234375">
        <ele>19</ele>
        <time>2026-08-23T12:21:20.000Z</time>
        <extensions>
          <ns3:TrackPointExtension>
            <ns3:atemp>30.0</ns3:atemp>
            <ns3:hr>165</ns3:hr>
            <ns3:cad>88</ns3:cad>
          </ns3:TrackPointExtension>
        </extensions>
      </trkpt>
      <trkpt lat="22.60528064332902431488037109375" lon="113.88710439205169677734375">
        <ele>19</ele>
        <time>2026-08-23T12:21:21.000Z</time>
        <extensions>
          <ns3:TrackPointExtension>
            <ns3:atemp>30.0</ns3:atemp>
            <ns3:hr>165</ns3:hr>
            <ns3:cad>88</ns3:cad>
          </ns3:TrackPointExtension>
        </extensions>
      </trkpt>
      <trkpt lat="22.60525583289563655853271484375" lon="113.88711453415453433990478515625">
        <ele>19</ele>
        <time>2026-08-23T12:21:22.000Z</time>
        <extensions>
          <ns3:TrackPointExtension>
            <ns3:atemp>30.0</ns3:atemp>
            <ns3:hr>165</ns3:hr>
            <ns3:cad>88</ns3:cad>
          </ns3:TrackPointExtension>
        </extensions>
      </trkpt>
      <trkpt lat="22.6052185334265232086181640625" lon="113.88712677173316478729248046875">
        <ele>19</ele>
        <time>2026-08-23T12:21:23.000Z</time>
        <extensions>
          <ns3:TrackPointExtension>
            <ns3:atemp>30.0</ns3:atemp>
            <ns3:hr>165</ns3:hr>
            <ns3:cad>88</ns3:cad>
          </ns3:TrackPointExtension>
        </extensions>
      </trkpt>
      <trkpt lat="22.6051923818886280059814453125" lon="113.887136913836002349853515625">
        <ele>19</ele>
        <time>2026-08-23T12:21:24.000Z</time>
        <extensions>
          <ns3:TrackPointExtension>
            <ns3:atemp>30.0</ns3:atemp>
            <ns3:hr>165</ns3:hr>
            <ns3:cad>88</ns3:cad>
          </ns3:TrackPointExtension>
        </extensions>
      </trkpt>
      <trkpt lat="22.6051608659327030181884765625" lon="113.88714931905269622802734375">
        <ele>19</ele>
        <time>2026-08-23T12:21:25.000Z</time>
        <extensions>
          <ns3:TrackPointExtension>
            <ns3:atemp>31.0</ns3:atemp>
            <ns3:hr>166</ns3:hr>
            <ns3:cad>88</ns3:cad>
          </ns3:TrackPointExtension>
        </extensions>
      </trkpt>
      <trkpt lat="22.605130858719348907470703125" lon="113.88715426437556743621826171875">
        <ele>19</ele>
        <time>2026-08-23T12:21:26.000Z</time>
        <extensions>
          <ns3:TrackPointExtension>
            <ns3:atemp>31.0</ns3:atemp>
            <ns3:hr>165</ns3:hr>
            <ns3:cad>88</ns3:cad>
          </ns3:TrackPointExtension>
        </extensions>
      </trkpt>
      <trkpt lat="22.60510361753404140472412109375" lon="113.8871659152209758758544921875">
        <ele>18.799999237060546875</ele>
        <time>2026-08-23T12:21:27.000Z</time>
        <extensions>
          <ns3:TrackPointExtension>
            <ns3:atemp>30.0</ns3:atemp>
            <ns3:hr>166</ns3:hr>
            <ns3:cad>87</ns3:cad>
          </ns3:TrackPointExtension>
        </extensions>
      </trkpt>
      <trkpt lat="22.60506673716008663177490234375" lon="113.8871722854673862457275390625">
        <ele>18.799999237060546875</ele>
        <time>2026-08-23T12:21:28.000Z</time>
        <extensions>
          <ns3:TrackPointExtension>
            <ns3:atemp>31.0</ns3:atemp>
            <ns3:hr>166</ns3:hr>
            <ns3:cad>87</ns3:cad>
          </ns3:TrackPointExtension>
        </extensions>
      </trkpt>
      <trkpt lat="22.6050378195941448211669921875" lon="113.88718645088374614715576171875">
        <ele>18.799999237060546875</ele>
        <time>2026-08-23T12:21:29.000Z</time>
        <extensions>
          <ns3:TrackPointExtension>
            <ns3:atemp>31.0</ns3:atemp>
            <ns3:hr>166</ns3:hr>
            <ns3:cad>87</ns3:cad>
          </ns3:TrackPointExtension>
        </extensions>
      </trkpt>
      <trkpt lat="22.6049989275634288787841796875" lon="113.8871910609304904937744140625">
        <ele>18.799999237060546875</ele>
        <time>2026-08-23T12:21:30.000Z</time>
        <extensions>
          <ns3:TrackPointExtension>
            <ns3:atemp>30.0</ns3:atemp>
            <ns3:hr>166</ns3:hr>
            <ns3:cad>87</ns3:cad>
          </ns3:TrackPointExtension>
        </extensions>
      </trkpt>
      <trkpt lat="22.60497336275875568389892578125" lon="113.88720505870878696441650390625">
        <ele>19</ele>
        <time>2026-08-23T12:21:31.000Z</time>
        <extensions>
          <ns3:TrackPointExtension>
            <ns3:atemp>30.0</ns3:atemp>
            <ns3:hr>166</ns3:hr>
            <ns3:cad>87</ns3:cad>
          </ns3:TrackPointExtension>
        </extensions>
      </trkpt>
      <trkpt lat="22.60493480600416660308837890625" lon="113.88721344061195850372314453125">
        <ele>19</ele>
        <time>2026-08-23T12:21:32.000Z</time>
        <extensions>
          <ns3:TrackPointExtension>
            <ns3:atemp>31.0</ns3:atemp>
            <ns3:hr>166</ns3:hr>
            <ns3:cad>87</ns3:cad>
          </ns3:TrackPointExtension>
        </extensions>
      </trkpt>
      <trkpt lat="22.60490664280951023101806640625" lon="113.88721981085836887359619140625">
        <ele>19</ele>
        <time>2026-08-23T12:21:33.000Z</time>
        <extensions>
          <ns3:TrackPointExtension>
            <ns3:atemp>30.0</ns3:atemp>
            <ns3:hr>166</ns3:hr>
            <ns3:cad>88</ns3:cad>
          </ns3:TrackPointExtension>
        </extensions>
      </trkpt>
      <trkpt lat="22.60486775077879428863525390625" lon="113.88722852803766727447509765625">
        <ele>19</ele>
        <time>2026-08-23T12:21:34.000Z</time>
        <extensions>
          <ns3:TrackPointExtension>
            <ns3:atemp>31.0</ns3:atemp>
            <ns3:hr>166</ns3:hr>
            <ns3:cad>88</ns3:cad>
          </ns3:TrackPointExtension>
        </extensions>
      </trkpt>
      <trkpt lat="22.6048400066792964935302734375" lon="113.88724093325436115264892578125">
        <ele>19</ele>
        <time>2026-08-23T12:21:35.000Z</time>
        <extensions>
          <ns3:TrackPointExtension>
            <ns3:atemp>31.0</ns3:atemp>
            <ns3:hr>166</ns3:hr>
            <ns3:cad>88</ns3:cad>
          </ns3:TrackPointExtension>
        </extensions>
      </trkpt>
      <trkpt lat="22.60480421595275402069091796875" lon="113.88725216500461101531982421875">
        <ele>18.799999237060546875</ele>
        <time>2026-08-23T12:21:36.000Z</time>
        <extensions>
          <ns3:TrackPointExtension>
            <ns3:atemp>30.0</ns3:atemp>
            <ns3:hr>166</ns3:hr>
            <ns3:cad>87</ns3:cad>
          </ns3:TrackPointExtension>
        </extensions>
      </trkpt>
      <trkpt lat="22.60477756150066852569580078125" lon="113.8872693479061126708984375">
        <ele>18.799999237060546875</ele>
        <time>2026-08-23T12:21:37.000Z</time>
        <extensions>
          <ns3:TrackPointExtension>
            <ns3:atemp>31.0</ns3:atemp>
            <ns3:hr>166</ns3:hr>
            <ns3:cad>87</ns3:cad>
          </ns3:TrackPointExtension>
        </extensions>
      </trkpt>
      <trkpt lat="22.6047467999160289764404296875" lon="113.88728720135986804962158203125">
        <ele>19</ele>
        <time>2026-08-23T12:21:38.000Z</time>
        <extensions>
          <ns3:TrackPointExtension>
            <ns3:atemp>30.0</ns3:atemp>
            <ns3:hr>166</ns3:hr>
            <ns3:cad>87</ns3:cad>
          </ns3:TrackPointExtension>
        </extensions>
      </trkpt>
      <trkpt lat="22.6047166250646114349365234375" lon="113.88730262406170368194580078125">
        <ele>19</ele>
        <time>2026-08-23T12:21:39.000Z</time>
        <extensions>
          <ns3:TrackPointExtension>
            <ns3:atemp>30.0</ns3:atemp>
            <ns3:hr>166</ns3:hr>
            <ns3:cad>88</ns3:cad>
          </ns3:TrackPointExtension>
        </extensions>
      </trkpt>
      <trkpt lat="22.604688294231891632080078125" lon="113.8873198069632053375244140625">
        <ele>19</ele>
        <time>2026-08-23T12:21:40.000Z</time>
        <extensions>
          <ns3:TrackPointExtension>
            <ns3:atemp>30.0</ns3:atemp>
            <ns3:hr>166</ns3:hr>
            <ns3:cad>88</ns3:cad>
          </ns3:TrackPointExtension>
        </extensions>
      </trkpt>
      <trkpt lat="22.6046530902385711669921875" lon="113.88733975589275360107421875">
        <ele>19</ele>
        <time>2026-08-23T12:21:41.000Z</time>
        <extensions>
          <ns3:TrackPointExtension>
            <ns3:atemp>31.0</ns3:atemp>
            <ns3:hr>167</ns3:hr>
            <ns3:cad>88</ns3:cad>
          </ns3:TrackPointExtension>
        </extensions>
      </trkpt>
      <trkpt lat="22.60463020764291286468505859375" lon="113.88736196793615818023681640625">
        <ele>19</ele>
        <time>2026-08-23T12:21:42.000Z</time>
        <extensions>
          <ns3:TrackPointExtension>
            <ns3:atemp>30.0</ns3:atemp>
            <ns3:hr>166</ns3:hr>
            <ns3:cad>88</ns3:cad>
          </ns3:TrackPointExtension>
        </extensions>
      </trkpt>
      <trkpt lat="22.60460556484758853912353515625" lon="113.88739583082497119903564453125">
        <ele>19.200000762939453125</ele>
        <time>2026-08-23T12:21:43.000Z</time>
        <extensions>
          <ns3:TrackPointExtension>
            <ns3:atemp>31.0</ns3:atemp>
            <ns3:hr>167</ns3:hr>
            <ns3:cad>87</ns3:cad>
          </ns3:TrackPointExtension>
        </extensions>
      </trkpt>
      <trkpt lat="22.60459885932505130767822265625" lon="113.8874195516109466552734375">
        <ele>19.3999996185302734375</ele>
        <time>2026-08-23T12:21:44.000Z</time>
        <extensions>
          <ns3:TrackPointExtension>
            <ns3:atemp>30.0</ns3:atemp>
            <ns3:hr>167</ns3:hr>
            <ns3:cad>87</ns3:cad>
          </ns3:TrackPointExtension>
        </extensions>
      </trkpt>
      <trkpt lat="22.6045858673751354217529296875" lon="113.88745651580393314361572265625">
        <ele>19.3999996185302734375</ele>
        <time>2026-08-23T12:21:45.000Z</time>
        <extensions>
          <ns3:TrackPointExtension>
            <ns3:atemp>31.0</ns3:atemp>
            <ns3:hr>167</ns3:hr>
            <ns3:cad>87</ns3:cad>
          </ns3:TrackPointExtension>
        </extensions>
      </trkpt>
      <trkpt lat="22.6045831851661205291748046875" lon="113.8874793983995914459228515625">
        <ele>19.3999996185302734375</ele>
        <time>2026-08-23T12:21:46.000Z</time>
        <extensions>
          <ns3:TrackPointExtension>
            <ns3:atemp>31.0</ns3:atemp>
            <ns3:hr>166</ns3:hr>
            <ns3:cad>87</ns3:cad>
          </ns3:TrackPointExtension>
        </extensions>
      </trkpt>
      <trkpt lat="22.60457538999617099761962890625" lon="113.88751636259257793426513671875">
        <ele>19.3999996185302734375</ele>
        <time>2026-08-23T12:21:47.000Z</time>
        <extensions>
          <ns3:TrackPointExtension>
            <ns3:atemp>31.0</ns3:atemp>
            <ns3:hr>167</ns3:hr>
            <ns3:cad>87</ns3:cad>
          </ns3:TrackPointExtension>
        </extensions>
      </trkpt>
      <trkpt lat="22.604578994214534759521484375" lon="113.8875407539308071136474609375">
        <ele>19.200000762939453125</ele>
        <time>2026-08-23T12:21:48.000Z</time>
        <extensions>
          <ns3:TrackPointExtension>
            <ns3:atemp>31.0</ns3:atemp>
            <ns3:hr>167</ns3:hr>
            <ns3:cad>87</ns3:cad>
          </ns3:TrackPointExtension>
        </extensions>
      </trkpt>
      <trkpt lat="22.60457756929099559783935546875" lon="113.88757905922830104827880859375">
        <ele>19.200000762939453125</ele>
        <time>2026-08-23T12:21:49.000Z</time>
        <extensions>
          <ns3:TrackPointExtension>
            <ns3:atemp>31.0</ns3:atemp>
            <ns3:hr>167</ns3:hr>
            <ns3:cad>87</ns3:cad>
          </ns3:TrackPointExtension>
        </extensions>
      </trkpt>
      <trkpt lat="22.60458938777446746826171875" lon="113.887602277100086212158203125">
        <ele>19.200000762939453125</ele>
        <time>2026-08-23T12:21:50.000Z</time>
        <extensions>
          <ns3:TrackPointExtension>
            <ns3:atemp>30.0</ns3:atemp>
            <ns3:hr>166</ns3:hr>
            <ns3:cad>88</ns3:cad>
          </ns3:TrackPointExtension>
        </extensions>
      </trkpt>
      <trkpt lat="22.60459684766829013824462890625" lon="113.88764158822596073150634765625">
        <ele>19.200000762939453125</ele>
        <time>2026-08-23T12:21:51.000Z</time>
        <extensions>
          <ns3:TrackPointExtension>
            <ns3:atemp>31.0</ns3:atemp>
            <ns3:hr>166</ns3:hr>
            <ns3:cad>88</ns3:cad>
          </ns3:TrackPointExtension>
        </extensions>
      </trkpt>
      <trkpt lat="22.60460673831403255462646484375" lon="113.88766673393547534942626953125">
        <ele>19</ele>
        <time>2026-08-23T12:21:52.000Z</time>
        <extensions>
          <ns3:TrackPointExtension>
            <ns3:atemp>31.0</ns3:atemp>
            <ns3:hr>166</ns3:hr>
            <ns3:cad>88</ns3:cad>
          </ns3:TrackPointExtension>
        </extensions>
      </trkpt>
      <trkpt lat="22.6046230830252170562744140625" lon="113.88770009391009807586669921875">
        <ele>19</ele>
        <time>2026-08-23T12:21:53.000Z</time>
        <extensions>
          <ns3:TrackPointExtension>
            <ns3:atemp>31.0</ns3:atemp>
            <ns3:hr>167</ns3:hr>
            <ns3:cad>88</ns3:cad>
          </ns3:TrackPointExtension>
        </extensions>
      </trkpt>
      <trkpt lat="22.60464864782989025115966796875" lon="113.88772306032478809356689453125">
        <ele>19</ele>
        <time>2026-08-23T12:21:54.000Z</time>
        <extensions>
          <ns3:TrackPointExtension>
            <ns3:atemp>31.0</ns3:atemp>
            <ns3:hr>167</ns3:hr>
            <ns3:cad>88</ns3:cad>
          </ns3:TrackPointExtension>
        </extensions>
      </trkpt>
      <trkpt lat="22.60467764921486377716064453125" lon="113.88774652965366840362548828125">
        <ele>19</ele>
        <time>2026-08-23T12:21:55.000Z</time>
        <extensions>
          <ns3:TrackPointExtension>
            <ns3:atemp>31.0</ns3:atemp>
            <ns3:hr>167</ns3:hr>
            <ns3:cad>88</ns3:cad>
          </ns3:TrackPointExtension>
        </extensions>
      </trkpt>
      <trkpt lat="22.60470614768564701080322265625" lon="113.88776731677353382110595703125">
        <ele>19</ele>
        <time>2026-08-23T12:21:56.000Z</time>
        <extensions>
          <ns3:TrackPointExtension>
            <ns3:atemp>31.0</ns3:atemp>
            <ns3:hr>166</ns3:hr>
            <ns3:cad>88</ns3:cad>
          </ns3:TrackPointExtension>
        </extensions>
      </trkpt>
      <trkpt lat="22.60473330505192279815673828125" lon="113.88777687214314937591552734375">
        <ele>19</ele>
        <time>2026-08-23T12:21:57.000Z</time>
        <extensions>
          <ns3:TrackPointExtension>
            <ns3:atemp>31.0</ns3:atemp>
            <ns3:hr>167</ns3:hr>
            <ns3:cad>88</ns3:cad>
          </ns3:TrackPointExtension>
        </extensions>
      </trkpt>
      <trkpt lat="22.60476163588464260101318359375" lon="113.88779464177787303924560546875">
        <ele>19</ele>
        <time>2026-08-23T12:21:58.000Z</time>
        <extensions>
          <ns3:TrackPointExtension>
            <ns3:atemp>31.0</ns3:atemp>
            <ns3:hr>167</ns3:hr>
            <ns3:cad>88</ns3:cad>
          </ns3:TrackPointExtension>
        </extensions>
      </trkpt>
      <trkpt lat="22.6047850213944911956787109375" lon="113.8877962343394756317138671875">
        <ele>19</ele>
        <time>2026-08-23T12:21:59.000Z</time>
        <extensions>
          <ns3:TrackPointExtension>
            <ns3:atemp>30.0</ns3:atemp>
            <ns3:hr>166</ns3:hr>
            <ns3:cad>88</ns3:cad>
          </ns3:TrackPointExtension>
        </extensions>
      </trkpt>
      <trkpt lat="22.60482299141585826873779296875" lon="113.88780285604298114776611328125">
        <ele>19</ele>
        <time>2026-08-23T12:22:00.000Z</time>
        <extensions>
          <ns3:TrackPointExtension>
            <ns3:atemp>31.0</ns3:atemp>
            <ns3:hr>167</ns3:hr>
            <ns3:cad>87</ns3:cad>
          </ns3:TrackPointExtension>
        </extensions>
      </trkpt>
      <trkpt lat="22.60485283099114894866943359375" lon="113.8877975754439830780029296875">
        <ele>19</ele>
        <time>2026-08-23T12:22:01.000Z</time>
        <extensions>
          <ns3:TrackPointExtension>
            <ns3:atemp>31.0</ns3:atemp>
            <ns3:hr>168</ns3:hr>
            <ns3:cad>87</ns3:cad>
          </ns3:TrackPointExtension>
        </extensions>
      </trkpt>
      <trkpt lat="22.60489624924957752227783203125" lon="113.8877922110259532928466796875">
        <ele>19</ele>
        <time>2026-08-23T12:22:02.000Z</time>
        <extensions>
          <ns3:TrackPointExtension>
            <ns3:atemp>31.0</ns3:atemp>
            <ns3:hr>168</ns3:hr>
            <ns3:cad>87</ns3:cad>
          </ns3:TrackPointExtension>
        </extensions>
      </trkpt>
      <trkpt lat="22.60492734611034393310546875" lon="113.88778173364698886871337890625">
        <ele>19</ele>
        <time>2026-08-23T12:22:03.000Z</time>
        <extensions>
          <ns3:TrackPointExtension>
            <ns3:atemp>31.0</ns3:atemp>
            <ns3:hr>168</ns3:hr>
            <ns3:cad>88</ns3:cad>
          </ns3:TrackPointExtension>
        </extensions>
      </trkpt>
      <trkpt lat="22.6049670763313770294189453125" lon="113.887771926820278167724609375">
        <ele>19</ele>
        <time>2026-08-23T12:22:04.000Z</time>
        <extensions>
          <ns3:TrackPointExtension>
            <ns3:atemp>30.0</ns3:atemp>
            <ns3:hr>167</ns3:hr>
            <ns3:cad>88</ns3:cad>
          </ns3:TrackPointExtension>
        </extensions>
      </trkpt>
      <trkpt lat="22.6049938984215259552001953125" lon="113.887764550745487213134765625">
        <ele>19</ele>
        <time>2026-08-23T12:22:05.000Z</time>
        <extensions>
          <ns3:TrackPointExtension>
            <ns3:atemp>31.0</ns3:atemp>
            <ns3:hr>168</ns3:hr>
            <ns3:cad>88</ns3:cad>
          </ns3:TrackPointExtension>
        </extensions>
      </trkpt>
      <trkpt lat="22.6050337962806224822998046875" lon="113.88775256462395191192626953125">
        <ele>19</ele>
        <time>2026-08-23T12:22:06.000Z</time>
        <extensions>
          <ns3:TrackPointExtension>
            <ns3:atemp>31.0</ns3:atemp>
            <ns3:hr>168</ns3:hr>
            <ns3:cad>88</ns3:cad>
          </ns3:TrackPointExtension>
        </extensions>
      </trkpt>
      <trkpt lat="22.60506355203688144683837890625" lon="113.88774300925433635711669921875">
        <ele>19</ele>
        <time>2026-08-23T12:22:07.000Z</time>
        <extensions>
          <ns3:TrackPointExtension>
            <ns3:atemp>30.0</ns3:atemp>
            <ns3:hr>168</ns3:hr>
            <ns3:cad>88</ns3:cad>
          </ns3:TrackPointExtension>
        </extensions>
      </trkpt>
      <trkpt lat="22.60510110296308994293212890625" lon="113.8877301849424839019775390625">
        <ele>19</ele>
        <time>2026-08-23T12:22:08.000Z</time>
        <extensions>
          <ns3:TrackPointExtension>
            <ns3:atemp>31.0</ns3:atemp>
            <ns3:hr>169</ns3:hr>
            <ns3:cad>89</ns3:cad>
          </ns3:TrackPointExtension>
        </extensions>
      </trkpt>
      <trkpt lat="22.60513513348996639251708984375" lon="113.887720964848995208740234375">
        <ele>19</ele>
        <time>2026-08-23T12:22:09.000Z</time>
        <extensions>
          <ns3:TrackPointExtension>
            <ns3:atemp>31.0</ns3:atemp>
            <ns3:hr>169</ns3:hr>
            <ns3:cad>88</ns3:cad>
          </ns3:TrackPointExtension>
        </extensions>
      </trkpt>
      <trkpt lat="22.6051675714552402496337890625" lon="113.8877083919942378997802734375">
        <ele>19</ele>
        <time>2026-08-23T12:22:10.000Z</time>
        <extensions>
          <ns3:TrackPointExtension>
            <ns3:atemp>31.0</ns3:atemp>
            <ns3:hr>169</ns3:hr>
            <ns3:cad>88</ns3:cad>
          </ns3:TrackPointExtension>
        </extensions>
      </trkpt>
      <trkpt lat="22.605198584496974945068359375" lon="113.8877033628523349761962890625">
        <ele>19</ele>
        <time>2026-08-23T12:22:11.000Z</time>
        <extensions>
          <ns3:TrackPointExtension>
            <ns3:atemp>30.0</ns3:atemp>
            <ns3:hr>169</ns3:hr>
            <ns3:cad>88</ns3:cad>
          </ns3:TrackPointExtension>
        </extensions>
      </trkpt>
      <trkpt lat="22.60522247292101383209228515625" lon="113.8876939751207828521728515625">
        <ele>19</ele>
        <time>2026-08-23T12:22:12.000Z</time>
        <extensions>
          <ns3:TrackPointExtension>
            <ns3:atemp>31.0</ns3:atemp>
            <ns3:hr>169</ns3:hr>
            <ns3:cad>87</ns3:cad>
          </ns3:TrackPointExtension>
        </extensions>
      </trkpt>
      <trkpt lat="22.60525859892368316650390625" lon="113.88768374919891357421875">
        <ele>19.200000762939453125</ele>
        <time>2026-08-23T12:22:13.000Z</time>
        <extensions>
          <ns3:TrackPointExtension>
            <ns3:atemp>31.0</ns3:atemp>
            <ns3:hr>170</ns3:hr>
            <ns3:cad>87</ns3:cad>
          </ns3:TrackPointExtension>
        </extensions>
      </trkpt>
      <trkpt lat="22.6052820682525634765625" lon="113.887672014534473419189453125">
        <ele>19.200000762939453125</ele>
        <time>2026-08-23T12:22:14.000Z</time>
        <extensions>
          <ns3:TrackPointExtension>
            <ns3:atemp>31.0</ns3:atemp>
            <ns3:hr>170</ns3:hr>
            <ns3:cad>87</ns3:cad>
          </ns3:TrackPointExtension>
        </extensions>
      </trkpt>
      <trkpt lat="22.60532104410231113433837890625" lon="113.88766296207904815673828125">
        <ele>19.200000762939453125</ele>
        <time>2026-08-23T12:22:15.000Z</time>
        <extensions>
          <ns3:TrackPointExtension>
            <ns3:atemp>31.0</ns3:atemp>
            <ns3:hr>170</ns3:hr>
            <ns3:cad>87</ns3:cad>
          </ns3:TrackPointExtension>
        </extensions>
      </trkpt>
      <trkpt lat="22.60534568689763545989990234375" lon="113.8876517303287982940673828125">
        <ele>19.200000762939453125</ele>
        <time>2026-08-23T12:22:16.000Z</time>
        <extensions>
          <ns3:TrackPointExtension>
            <ns3:atemp>31.0</ns3:atemp>
            <ns3:hr>170</ns3:hr>
            <ns3:cad>87</ns3:cad>
          </ns3:TrackPointExtension>
        </extensions>
      </trkpt>
      <trkpt lat="22.6053828187286853790283203125" lon="113.88764175586402416229248046875">
        <ele>19.200000762939453125</ele>
        <time>2026-08-23T12:22:17.000Z</time>
        <extensions>
          <ns3:TrackPointExtension>
            <ns3:atemp>30.0</ns3:atemp>
            <ns3:hr>170</ns3:hr>
            <ns3:cad>87</ns3:cad>
          </ns3:TrackPointExtension>
        </extensions>
      </trkpt>
      <trkpt lat="22.6054108142852783203125" lon="113.88762901537120342254638671875">
        <ele>19</ele>
        <time>2026-08-23T12:22:18.000Z</time>
        <extensions>
          <ns3:TrackPointExtension>
            <ns3:atemp>30.0</ns3:atemp>
            <ns3:hr>169</ns3:hr>
            <ns3:cad>88</ns3:cad>
          </ns3:TrackPointExtension>
        </extensions>
      </trkpt>
      <trkpt lat="22.60544224642217159271240234375" lon="113.887618370354175567626953125">
        <ele>19</ele>
        <time>2026-08-23T12:22:19.000Z</time>
        <extensions>
          <ns3:TrackPointExtension>
            <ns3:atemp>30.0</ns3:atemp>
            <ns3:hr>170</ns3:hr>
            <ns3:cad>88</ns3:cad>
          </ns3:TrackPointExtension>
        </extensions>
      </trkpt>
      <trkpt lat="22.60546982288360595703125" lon="113.88761007227003574371337890625">
        <ele>18.799999237060546875</ele>
        <time>2026-08-23T12:22:20.000Z</time>
        <extensions>
          <ns3:TrackPointExtension>
            <ns3:atemp>31.0</ns3:atemp>
            <ns3:hr>169</ns3:hr>
            <ns3:cad>87</ns3:cad>
          </ns3:TrackPointExtension>
        </extensions>
      </trkpt>
      <trkpt lat="22.60550460778176784515380859375" lon="113.88759993016719818115234375">
        <ele>18.799999237060546875</ele>
        <time>2026-08-23T12:22:21.000Z</time>
        <extensions>
          <ns3:TrackPointExtension>
            <ns3:atemp>31.0</ns3:atemp>
            <ns3:hr>169</ns3:hr>
            <ns3:cad>87</ns3:cad>
          </ns3:TrackPointExtension>
        </extensions>
      </trkpt>
      <trkpt lat="22.60553562082350254058837890625" lon="113.887592218816280364990234375">
        <ele>18.799999237060546875</ele>
        <time>2026-08-23T12:22:22.000Z</time>
        <extensions>
          <ns3:TrackPointExtension>
            <ns3:atemp>31.0</ns3:atemp>
            <ns3:hr>169</ns3:hr>
            <ns3:cad>88</ns3:cad>
          </ns3:TrackPointExtension>
        </extensions>
      </trkpt>
      <trkpt lat="22.60557116009294986724853515625" lon="113.88758576475083827972412109375">
        <ele>19</ele>
        <time>2026-08-23T12:22:23.000Z</time>
        <extensions>
          <ns3:TrackPointExtension>
            <ns3:atemp>31.0</ns3:atemp>
            <ns3:hr>169</ns3:hr>
            <ns3:cad>88</ns3:cad>
          </ns3:TrackPointExtension>
        </extensions>
      </trkpt>
      <trkpt lat="22.6056027598679065704345703125" lon="113.8875736109912395477294921875">
        <ele>19</ele>
        <time>2026-08-23T12:22:24.000Z</time>
        <extensions>
          <ns3:TrackPointExtension>
            <ns3:atemp>30.0</ns3:atemp>
            <ns3:hr>169</ns3:hr>
            <ns3:cad>88</ns3:cad>
          </ns3:TrackPointExtension>
        </extensions>
      </trkpt>
      <trkpt lat="22.60563167743384838104248046875" lon="113.88755475170910358428955078125">
        <ele>19.200000762939453125</ele>
        <time>2026-08-23T12:22:25.000Z</time>
        <extensions>
          <ns3:TrackPointExtension>
            <ns3:atemp>31.0</ns3:atemp>
            <ns3:hr>169</ns3:hr>
            <ns3:cad>88</ns3:cad>
          </ns3:TrackPointExtension>
        </extensions>
      </trkpt>
      <trkpt lat="22.60565715841948986053466796875" lon="113.8875295221805572509765625">
        <ele>19.200000762939453125</ele>
        <time>2026-08-23T12:22:26.000Z</time>
        <extensions>
          <ns3:TrackPointExtension>
            <ns3:atemp>30.0</ns3:atemp>
            <ns3:hr>169</ns3:hr>
            <ns3:cad>89</ns3:cad>
          </ns3:TrackPointExtension>
        </extensions>
      </trkpt>
      <trkpt lat="22.60567660443484783172607421875" lon="113.887498341500759124755859375">
        <ele>19.3999996185302734375</ele>
        <time>2026-08-23T12:22:27.000Z</time>
        <extensions>
          <ns3:TrackPointExtension>
            <ns3:atemp>31.0</ns3:atemp>
            <ns3:hr>169</ns3:hr>
            <ns3:cad>89</ns3:cad>
          </ns3:TrackPointExtension>
        </extensions>
      </trkpt>
      <trkpt lat="22.605700828135013580322265625" lon="113.88746850192546844482421875">
        <ele>19.200000762939453125</ele>
        <time>2026-08-23T12:22:28.000Z</time>
        <extensions>
          <ns3:TrackPointExtension>
            <ns3:atemp>30.0</ns3:atemp>
            <ns3:hr>169</ns3:hr>
            <ns3:cad>89</ns3:cad>
          </ns3:TrackPointExtension>
        </extensions>
      </trkpt>
      <trkpt lat="22.605714239180088043212890625" lon="113.887442685663700103759765625">
        <ele>19.200000762939453125</ele>
        <time>2026-08-23T12:22:29.000Z</time>
        <extensions>
          <ns3:TrackPointExtension>
            <ns3:atemp>31.0</ns3:atemp>
            <ns3:hr>169</ns3:hr>
            <ns3:cad>89</ns3:cad>
          </ns3:TrackPointExtension>
        </extensions>
      </trkpt>
      <trkpt lat="22.60573309846222400665283203125" lon="113.8874066434800624847412109375">
        <ele>19.3999996185302734375</ele>
        <time>2026-08-23T12:22:30.000Z</time>
        <extensions>
          <ns3:TrackPointExtension>
            <ns3:atemp>30.0</ns3:atemp>
            <ns3:hr>168</ns3:hr>
            <ns3:cad>89</ns3:cad>
          </ns3:TrackPointExtension>
        </extensions>
      </trkpt>
      <trkpt lat="22.60574131272733211517333984375" lon="113.887375630438327789306640625">
        <ele>19.3999996185302734375</ele>
        <time>2026-08-23T12:22:31.000Z</time>
        <extensions>
          <ns3:TrackPointExtension>
            <ns3:atemp>31.0</ns3:atemp>
            <ns3:hr>168</ns3:hr>
            <ns3:cad>89</ns3:cad>
          </ns3:TrackPointExtension>
        </extensions>
      </trkpt>
      <trkpt lat="22.60575623251497745513916015625" lon="113.88733346946537494659423828125">
        <ele>19.200000762939453125</ele>
        <time>2026-08-23T12:22:32.000Z</time>
        <extensions>
          <ns3:TrackPointExtension>
            <ns3:atemp>30.0</ns3:atemp>
            <ns3:hr>168</ns3:hr>
            <ns3:cad>89</ns3:cad>
          </ns3:TrackPointExtension>
        </extensions>
      </trkpt>
      <trkpt lat="22.60575556196272373199462890625" lon="113.8873003609478473663330078125">
        <ele>19.200000762939453125</ele>
        <time>2026-08-23T12:22:33.000Z</time>
        <extensions>
          <ns3:TrackPointExtension>
            <ns3:atemp>31.0</ns3:atemp>
            <ns3:hr>168</ns3:hr>
            <ns3:cad>89</ns3:cad>
          </ns3:TrackPointExtension>
        </extensions>
      </trkpt>
      <trkpt lat="22.6057529635727405548095703125" lon="113.88725752942264080047607421875">
        <ele>19.200000762939453125</ele>
        <time>2026-08-23T12:22:34.000Z</time>
        <extensions>
          <ns3:TrackPointExtension>
            <ns3:atemp>31.0</ns3:atemp>
            <ns3:hr>169</ns3:hr>
            <ns3:cad>89</ns3:cad>
          </ns3:TrackPointExtension>
        </extensions>
      </trkpt>
      <trkpt lat="22.605741731822490692138671875" lon="113.88722978532314300537109375">
        <ele>19.200000762939453125</ele>
        <time>2026-08-23T12:22:35.000Z</time>
        <extensions>
          <ns3:TrackPointExtension>
            <ns3:atemp>31.0</ns3:atemp>
            <ns3:hr>170</ns3:hr>
            <ns3:cad>89</ns3:cad>
          </ns3:TrackPointExtension>
        </extensions>
      </trkpt>
      <trkpt lat="22.6057268120348453521728515625" lon="113.88719097711145877838134765625">
        <ele>19.200000762939453125</ele>
        <time>2026-08-23T12:22:36.000Z</time>
        <extensions>
          <ns3:TrackPointExtension>
            <ns3:atemp>31.0</ns3:atemp>
            <ns3:hr>170</ns3:hr>
            <ns3:cad>89</ns3:cad>
          </ns3:TrackPointExtension>
        </extensions>
      </trkpt>
      <trkpt lat="22.60570979677140712738037109375" lon="113.88716516084969043731689453125">
        <ele>19.200000762939453125</ele>
        <time>2026-08-23T12:22:37.000Z</time>
        <extensions>
          <ns3:TrackPointExtension>
            <ns3:atemp>31.0</ns3:atemp>
            <ns3:hr>170</ns3:hr>
            <ns3:cad>89</ns3:cad>
          </ns3:TrackPointExtension>
        </extensions>
      </trkpt>
      <trkpt lat="22.6056879200041294097900390625" lon="113.88713163323700428009033203125">
        <ele>19.200000762939453125</ele>
        <time>2026-08-23T12:22:38.000Z</time>
        <extensions>
          <ns3:TrackPointExtension>
            <ns3:atemp>30.0</ns3:atemp>
            <ns3:hr>170</ns3:hr>
            <ns3:cad>88</ns3:cad>
          </ns3:TrackPointExtension>
        </extensions>
      </trkpt>
      <trkpt lat="22.60566604323685169219970703125" lon="113.88711151666939258575439453125">
        <ele>19.200000762939453125</ele>
        <time>2026-08-23T12:22:39.000Z</time>
        <extensions>
          <ns3:TrackPointExtension>
            <ns3:atemp>31.0</ns3:atemp>
            <ns3:hr>170</ns3:hr>
            <ns3:cad>88</ns3:cad>
          </ns3:TrackPointExtension>
        </extensions>
      </trkpt>
      <trkpt lat="22.60563368909060955047607421875" lon="113.88708838261663913726806640625">
        <ele>19.200000762939453125</ele>
        <time>2026-08-23T12:22:40.000Z</time>
        <extensions>
          <ns3:TrackPointExtension>
            <ns3:atemp>30.0</ns3:atemp>
            <ns3:hr>170</ns3:hr>
            <ns3:cad>89</ns3:cad>
          </ns3:TrackPointExtension>
        </extensions>
      </trkpt>
      <trkpt lat="22.60560460388660430908203125" lon="113.887073881924152374267578125">
        <ele>19.200000762939453125</ele>
        <time>2026-08-23T12:22:41.000Z</time>
        <extensions>
          <ns3:TrackPointExtension>
            <ns3:atemp>31.0</ns3:atemp>
            <ns3:hr>170</ns3:hr>
            <ns3:cad>89</ns3:cad>
          </ns3:TrackPointExtension>
        </extensions>
      </trkpt>
      <trkpt lat="22.6055678911507129669189453125" lon="113.88705854304134845733642578125">
        <ele>19.3999996185302734375</ele>
        <time>2026-08-23T12:22:42.000Z</time>
        <extensions>
          <ns3:TrackPointExtension>
            <ns3:atemp>31.0</ns3:atemp>
            <ns3:hr>170</ns3:hr>
            <ns3:cad>89</ns3:cad>
          </ns3:TrackPointExtension>
        </extensions>
      </trkpt>
      <trkpt lat="22.6055330224335193634033203125" lon="113.887049742043018341064453125">
        <ele>19.6000003814697265625</ele>
        <time>2026-08-23T12:22:43.000Z</time>
        <extensions>
          <ns3:TrackPointExtension>
            <ns3:atemp>30.0</ns3:atemp>
            <ns3:hr>170</ns3:hr>
            <ns3:cad>89</ns3:cad>
          </ns3:TrackPointExtension>
        </extensions>
      </trkpt>
      <trkpt lat="22.60549790225923061370849609375" lon="113.887047730386257171630859375">
        <ele>19.6000003814697265625</ele>
        <time>2026-08-23T12:22:44.000Z</time>
        <extensions>
          <ns3:TrackPointExtension>
            <ns3:atemp>31.0</ns3:atemp>
            <ns3:hr>169</ns3:hr>
            <ns3:cad>89</ns3:cad>
          </ns3:TrackPointExtension>
        </extensions>
      </trkpt>
      <trkpt lat="22.60546269826591014862060546875" lon="113.88704915530979633331298828125">
        <ele>19.3999996185302734375</ele>
        <time>2026-08-23T12:22:45.000Z</time>
        <extensions>
          <ns3:TrackPointExtension>
            <ns3:atemp>31.0</ns3:atemp>
            <ns3:hr>170</ns3:hr>
            <ns3:cad>89</ns3:cad>
          </ns3:TrackPointExtension>
        </extensions>
      </trkpt>
      <trkpt lat="22.6054310984909534454345703125" lon="113.8870609737932682037353515625">
        <ele>19.3999996185302734375</ele>
        <time>2026-08-23T12:22:46.000Z</time>
        <extensions>
          <ns3:TrackPointExtension>
            <ns3:atemp>30.0</ns3:atemp>
            <ns3:hr>170</ns3:hr>
            <ns3:cad>88</ns3:cad>
          </ns3:TrackPointExtension>
        </extensions>
      </trkpt>
      <trkpt lat="22.60539731942117214202880859375" lon="113.8870680145919322967529296875">
        <ele>19.3999996185302734375</ele>
        <time>2026-08-23T12:22:47.000Z</time>
        <extensions>
          <ns3:TrackPointExtension>
            <ns3:atemp>31.0</ns3:atemp>
            <ns3:hr>170</ns3:hr>
            <ns3:cad>88</ns3:cad>
          </ns3:TrackPointExtension>
        </extensions>
      </trkpt>
      <trkpt lat="22.6053700782358646392822265625" lon="113.887081257998943328857421875">
        <ele>19.200000762939453125</ele>
        <time>2026-08-23T12:22:48.000Z</time>
        <extensions>
          <ns3:TrackPointExtension>
            <ns3:atemp>31.0</ns3:atemp>
            <ns3:hr>170</ns3:hr>
            <ns3:cad>88</ns3:cad>
          </ns3:TrackPointExtension>
        </extensions>
      </trkpt>
      <trkpt lat="22.60533361695706844329833984375" lon="113.8870904780924320220947265625">
        <ele>19.3999996185302734375</ele>
        <time>2026-08-23T12:22:49.000Z</time>
        <extensions>
          <ns3:TrackPointExtension>
            <ns3:atemp>31.0</ns3:atemp>
            <ns3:hr>170</ns3:hr>
            <ns3:cad>88</ns3:cad>
          </ns3:TrackPointExtension>
        </extensions>
      </trkpt>
      <trkpt lat="22.60530662722885608673095703125" lon="113.88710430823266506195068359375">
        <ele>19.3999996185302734375</ele>
        <time>2026-08-23T12:22:50.000Z</time>
        <extensions>
          <ns3:TrackPointExtension>
            <ns3:atemp>31.0</ns3:atemp>
            <ns3:hr>170</ns3:hr>
            <ns3:cad>88</ns3:cad>
          </ns3:TrackPointExtension>
        </extensions>
      </trkpt>
      <trkpt lat="22.60526907630264759063720703125" lon="113.8871116004884243011474609375">
        <ele>19.200000762939453125</ele>
        <time>2026-08-23T12:22:51.000Z</time>
        <extensions>
          <ns3:TrackPointExtension>
            <ns3:atemp>31.0</ns3:atemp>
            <ns3:hr>170</ns3:hr>
            <ns3:cad>88</ns3:cad>
          </ns3:TrackPointExtension>
        </extensions>
      </trkpt>
      <trkpt lat="22.605240158736705780029296875" lon="113.8871280290186405181884765625">
        <ele>19.200000762939453125</ele>
        <time>2026-08-23T12:22:52.000Z</time>
        <extensions>
          <ns3:TrackPointExtension>
            <ns3:atemp>31.0</ns3:atemp>
            <ns3:hr>170</ns3:hr>
            <ns3:cad>88</ns3:cad>
          </ns3:TrackPointExtension>
        </extensions>
      </trkpt>
      <trkpt lat="22.605203948915004730224609375" lon="113.88713347725570201873779296875">
        <ele>19.3999996185302734375</ele>
        <time>2026-08-23T12:22:53.000Z</time>
        <extensions>
          <ns3:TrackPointExtension>
            <ns3:atemp>31.0</ns3:atemp>
            <ns3:hr>170</ns3:hr>
            <ns3:cad>88</ns3:cad>
          </ns3:TrackPointExtension>
        </extensions>
      </trkpt>
      <trkpt lat="22.6051788032054901123046875" lon="113.88714705593883991241455078125">
        <ele>19.3999996185302734375</ele>
        <time>2026-08-23T12:22:54.000Z</time>
        <extensions>
          <ns3:TrackPointExtension>
            <ns3:atemp>31.0</ns3:atemp>
            <ns3:hr>170</ns3:hr>
            <ns3:cad>87</ns3:cad>
          </ns3:TrackPointExtension>
        </extensions>
      </trkpt>
      <trkpt lat="22.60513999499380588531494140625" lon="113.887155018746852874755859375">
        <ele>19.200000762939453125</ele>
        <time>2026-08-23T12:22:55.000Z</time>
        <extensions>
          <ns3:TrackPointExtension>
            <ns3:atemp>31.0</ns3:atemp>
            <ns3:hr>170</ns3:hr>
            <ns3:cad>88</ns3:cad>
          </ns3:TrackPointExtension>
        </extensions>
      </trkpt>
      <trkpt lat="22.60511149652302265167236328125" lon="113.88716935180127620697021484375">
        <ele>19.200000762939453125</ele>
        <time>2026-08-23T12:22:56.000Z</time>
        <extensions>
          <ns3:TrackPointExtension>
            <ns3:atemp>31.0</ns3:atemp>
            <ns3:hr>170</ns3:hr>
            <ns3:cad>88</ns3:cad>
          </ns3:TrackPointExtension>
        </extensions>
      </trkpt>
      <trkpt lat="22.60507092811167240142822265625" lon="113.88718058355152606964111328125">
        <ele>19.200000762939453125</ele>
        <time>2026-08-23T12:22:57.000Z</time>
        <extensions>
          <ns3:TrackPointExtension>
            <ns3:atemp>31.0</ns3:atemp>
            <ns3:hr>170</ns3:hr>
            <ns3:cad>88</ns3:cad>
          </ns3:TrackPointExtension>
        </extensions>
      </trkpt>
      <trkpt lat="22.60504092089831829071044921875" lon="113.887193240225315093994140625">
        <ele>19.200000762939453125</ele>
        <time>2026-08-23T12:22:58.000Z</time>
        <extensions>
          <ns3:TrackPointExtension>
            <ns3:atemp>31.0</ns3:atemp>
            <ns3:hr>170</ns3:hr>
            <ns3:cad>88</ns3:cad>
          </ns3:TrackPointExtension>
        </extensions>
      </trkpt>
      <trkpt lat="22.6049979217350482940673828125" lon="113.88720036484301090240478515625">
        <ele>19.200000762939453125</ele>
        <time>2026-08-23T12:22:59.000Z</time>
        <extensions>
          <ns3:TrackPointExtension>
            <ns3:atemp>31.0</ns3:atemp>
            <ns3:hr>170</ns3:hr>
            <ns3:cad>89</ns3:cad>
          </ns3:TrackPointExtension>
        </extensions>
      </trkpt>
      <trkpt lat="22.60497101582586765289306640625" lon="113.88721327297389507293701171875">
        <ele>19.200000762939453125</ele>
        <time>2026-08-23T12:23:00.000Z</time>
        <extensions>
          <ns3:TrackPointExtension>
            <ns3:atemp>31.0</ns3:atemp>
            <ns3:hr>170</ns3:hr>
            <ns3:cad>89</ns3:cad>
          </ns3:TrackPointExtension>
        </extensions>
      </trkpt>
      <trkpt lat="22.60493002831935882568359375" lon="113.88722165487706661224365234375">
        <ele>19.3999996185302734375</ele>
        <time>2026-08-23T12:23:01.000Z</time>
        <extensions>
          <ns3:TrackPointExtension>
            <ns3:atemp>31.0</ns3:atemp>
            <ns3:hr>171</ns3:hr>
            <ns3:cad>89</ns3:cad>
          </ns3:TrackPointExtension>
        </extensions>
      </trkpt>
      <trkpt lat="22.60490345768630504608154296875" lon="113.887230120599269866943359375">
        <ele>19.3999996185302734375</ele>
        <time>2026-08-23T12:23:02.000Z</time>
        <extensions>
          <ns3:TrackPointExtension>
            <ns3:atemp>31.0</ns3:atemp>
            <ns3:hr>171</ns3:hr>
            <ns3:cad>89</ns3:cad>
          </ns3:TrackPointExtension>
        </extensions>
      </trkpt>
      <trkpt lat="22.6048671640455722808837890625" lon="113.88723573647439479827880859375">
        <ele>19.3999996185302734375</ele>
        <time>2026-08-23T12:23:03.000Z</time>
        <extensions>
          <ns3:TrackPointExtension>
            <ns3:atemp>31.0</ns3:atemp>
            <ns3:hr>171</ns3:hr>
            <ns3:cad>89</ns3:cad>
          </ns3:TrackPointExtension>
        </extensions>
      </trkpt>
      <trkpt lat="22.6048396714031696319580078125" lon="113.8872430287301540374755859375">
        <ele>19.200000762939453125</ele>
        <time>2026-08-23T12:23:04.000Z</time>
        <extensions>
          <ns3:TrackPointExtension>
            <ns3:atemp>31.0</ns3:atemp>
            <ns3:hr>171</ns3:hr>
            <ns3:cad>89</ns3:cad>
          </ns3:TrackPointExtension>
        </extensions>
      </trkpt>
      <trkpt lat="22.604801952838897705078125" lon="113.88725132681429386138916015625">
        <ele>19.200000762939453125</ele>
        <time>2026-08-23T12:23:05.000Z</time>
        <extensions>
          <ns3:TrackPointExtension>
            <ns3:atemp>31.0</ns3:atemp>
            <ns3:hr>171</ns3:hr>
            <ns3:cad>88</ns3:cad>
          </ns3:TrackPointExtension>
        </extensions>
      </trkpt>
      <trkpt lat="22.60477186180651187896728515625" lon="113.8872628100216388702392578125">
        <ele>19.200000762939453125</ele>
        <time>2026-08-23T12:23:06.000Z</time>
        <extensions>
          <ns3:TrackPointExtension>
            <ns3:atemp>31.0</ns3:atemp>
            <ns3:hr>171</ns3:hr>
            <ns3:cad>88</ns3:cad>
          </ns3:TrackPointExtension>
        </extensions>
      </trkpt>
      <trkpt lat="22.604734562337398529052734375" lon="113.8872747123241424560546875">
        <ele>19.200000762939453125</ele>
        <time>2026-08-23T12:23:07.000Z</time>
        <extensions>
          <ns3:TrackPointExtension>
            <ns3:atemp>31.0</ns3:atemp>
            <ns3:hr>172</ns3:hr>
            <ns3:cad>88</ns3:cad>
          </ns3:TrackPointExtension>
        </extensions>
      </trkpt>
      <trkpt lat="22.6047038845717906951904296875" lon="113.88729440979659557342529296875">
        <ele>19.200000762939453125</ele>
        <time>2026-08-23T12:23:08.000Z</time>
        <extensions>
          <ns3:TrackPointExtension>
            <ns3:atemp>30.0</ns3:atemp>
            <ns3:hr>172</ns3:hr>
            <ns3:cad>88</ns3:cad>
          </ns3:TrackPointExtension>
        </extensions>
      </trkpt>
      <trkpt lat="22.604672200977802276611328125" lon="113.8873177953064441680908203125">
        <ele>19.200000762939453125</ele>
        <time>2026-08-23T12:23:09.000Z</time>
        <extensions>
          <ns3:TrackPointExtension>
            <ns3:atemp>31.0</ns3:atemp>
            <ns3:hr>172</ns3:hr>
            <ns3:cad>89</ns3:cad>
          </ns3:TrackPointExtension>
        </extensions>
      </trkpt>
      <trkpt lat="22.604640014469623565673828125" lon="113.88734185136854648590087890625">
        <ele>19.200000762939453125</ele>
        <time>2026-08-23T12:23:10.000Z</time>
        <extensions>
          <ns3:TrackPointExtension>
            <ns3:atemp>31.0</ns3:atemp>
            <ns3:hr>172</ns3:hr>
            <ns3:cad>89</ns3:cad>
          </ns3:TrackPointExtension>
        </extensions>
      </trkpt>
      <trkpt lat="22.6046182215213775634765625" lon="113.887368254363536834716796875">
        <ele>19.200000762939453125</ele>
        <time>2026-08-23T12:23:11.000Z</time>
        <extensions>
          <ns3:TrackPointExtension>
            <ns3:atemp>30.0</ns3:atemp>
            <ns3:hr>172</ns3:hr>
            <ns3:cad>88</ns3:cad>
          </ns3:TrackPointExtension>
        </extensions>
      </trkpt>
      <trkpt lat="22.60459450073540210723876953125" lon="113.88740203343331813812255859375">
        <ele>19.200000762939453125</ele>
        <time>2026-08-23T12:23:12.000Z</time>
        <extensions>
          <ns3:TrackPointExtension>
            <ns3:atemp>30.0</ns3:atemp>
            <ns3:hr>172</ns3:hr>
            <ns3:cad>88</ns3:cad>
          </ns3:TrackPointExtension>
        </extensions>
      </trkpt>
      <trkpt lat="22.60458536446094512939453125" lon="113.8874317891895771026611328125">
        <ele>19.3999996185302734375</ele>
        <time>2026-08-23T12:23:13.000Z</time>
        <extensions>
          <ns3:TrackPointExtension>
            <ns3:atemp>31.0</ns3:atemp>
            <ns3:hr>171</ns3:hr>
            <ns3:cad>88</ns3:cad>
          </ns3:TrackPointExtension>
        </extensions>
      </trkpt>
      <trkpt lat="22.60457061231136322021484375" lon="113.88746774755418300628662109375">
        <ele>19.3999996185302734375</ele>
        <time>2026-08-23T12:23:14.000Z</time>
        <extensions>
          <ns3:TrackPointExtension>
            <ns3:atemp>31.0</ns3:atemp>
            <ns3:hr>172</ns3:hr>
            <ns3:cad>88</ns3:cad>
          </ns3:TrackPointExtension>
        </extensions>
      </trkpt>
      <trkpt lat="22.6045680977404117584228515625" lon="113.887497670948505401611328125">
        <ele>19.3999996185302734375</ele>
        <time>2026-08-23T12:23:15.000Z</time>
        <extensions>
          <ns3:TrackPointExtension>
            <ns3:atemp>31.0</ns3:atemp>
            <ns3:hr>172</ns3:hr>
            <ns3:cad>88</ns3:cad>
          </ns3:TrackPointExtension>
        </extensions>
      </trkpt>
      <trkpt lat="22.6045607216656208038330078125" lon="113.887537904083728790283203125">
        <ele>19.3999996185302734375</ele>
        <time>2026-08-23T12:23:16.000Z</time>
        <extensions>
          <ns3:TrackPointExtension>
            <ns3:atemp>31.0</ns3:atemp>
            <ns3:hr>172</ns3:hr>
            <ns3:cad>88</ns3:cad>
          </ns3:TrackPointExtension>
        </extensions>
      </trkpt>
      <trkpt lat="22.60456130839884281158447265625" lon="113.8875642232596874237060546875">
        <ele>19.3999996185302734375</ele>
        <time>2026-08-23T12:23:17.000Z</time>
        <extensions>
          <ns3:TrackPointExtension>
            <ns3:atemp>30.0</ns3:atemp>
            <ns3:hr>171</ns3:hr>
            <ns3:cad>88</ns3:cad>
          </ns3:TrackPointExtension>
        </extensions>
      </trkpt>
      <trkpt lat="22.6045680977404117584228515625" lon="113.88760504312813282012939453125">
        <ele>19.3999996185302734375</ele>
        <time>2026-08-23T12:23:18.000Z</time>
        <extensions>
          <ns3:TrackPointExtension>
            <ns3:atemp>31.0</ns3:atemp>
            <ns3:hr>172</ns3:hr>
            <ns3:cad>88</ns3:cad>
          </ns3:TrackPointExtension>
        </extensions>
      </trkpt>
      <trkpt lat="22.60458326898515224456787109375" lon="113.88763454742729663848876953125">
        <ele>19.3999996185302734375</ele>
        <time>2026-08-23T12:23:19.000Z</time>
        <extensions>
          <ns3:TrackPointExtension>
            <ns3:atemp>31.0</ns3:atemp>
            <ns3:hr>172</ns3:hr>
            <ns3:cad>88</ns3:cad>
          </ns3:TrackPointExtension>
        </extensions>
      </trkpt>
      <trkpt lat="22.60459634475409984588623046875" lon="113.8876738585531711578369140625">
        <ele>19.3999996185302734375</ele>
        <time>2026-08-23T12:23:20.000Z</time>
        <extensions>
          <ns3:TrackPointExtension>
            <ns3:atemp>30.0</ns3:atemp>
            <ns3:hr>172</ns3:hr>
            <ns3:cad>88</ns3:cad>
          </ns3:TrackPointExtension>
        </extensions>
      </trkpt>
      <trkpt lat="22.604613192379474639892578125" lon="113.88770210556685924530029296875">
        <ele>19.6000003814697265625</ele>
        <time>2026-08-23T12:23:21.000Z</time>
        <extensions>
          <ns3:TrackPointExtension>
            <ns3:atemp>31.0</ns3:atemp>
            <ns3:hr>172</ns3:hr>
            <ns3:cad>88</ns3:cad>
          </ns3:TrackPointExtension>
        </extensions>
      </trkpt>
      <trkpt lat="22.6046361587941646575927734375" lon="113.88773345388472080230712890625">
        <ele>19.6000003814697265625</ele>
        <time>2026-08-23T12:23:22.000Z</time>
        <extensions>
          <ns3:TrackPointExtension>
            <ns3:atemp>31.0</ns3:atemp>
            <ns3:hr>172</ns3:hr>
            <ns3:cad>88</ns3:cad>
          </ns3:TrackPointExtension>
        </extensions>
      </trkpt>
      <trkpt lat="22.60465887375175952911376953125" lon="113.887759856879711151123046875">
        <ele>19.6000003814697265625</ele>
        <time>2026-08-23T12:23:23.000Z</time>
        <extensions>
          <ns3:TrackPointExtension>
            <ns3:atemp>31.0</ns3:atemp>
            <ns3:hr>171</ns3:hr>
            <ns3:cad>88</ns3:cad>
          </ns3:TrackPointExtension>
        </extensions>
      </trkpt>
      <trkpt lat="22.60469893924891948699951171875" lon="113.88778123073279857635498046875">
        <ele>19.6000003814697265625</ele>
        <time>2026-08-23T12:23:24.000Z</time>
        <extensions>
          <ns3:TrackPointExtension>
            <ns3:atemp>31.0</ns3:atemp>
            <ns3:hr>172</ns3:hr>
            <ns3:cad>88</ns3:cad>
          </ns3:TrackPointExtension>
        </extensions>
      </trkpt>
      <trkpt lat="22.6047300361096858978271484375" lon="113.8877856731414794921875">
        <ele>19.6000003814697265625</ele>
        <time>2026-08-23T12:23:25.000Z</time>
        <extensions>
          <ns3:TrackPointExtension>
            <ns3:atemp>31.0</ns3:atemp>
            <ns3:hr>172</ns3:hr>
            <ns3:cad>89</ns3:cad>
          </ns3:TrackPointExtension>
        </extensions>
      </trkpt>
      <trkpt lat="22.60477672331035137176513671875" lon="113.887796066701412200927734375">
        <ele>19.3999996185302734375</ele>
        <time>2026-08-23T12:23:26.000Z</time>
        <extensions>
          <ns3:TrackPointExtension>
            <ns3:atemp>31.0</ns3:atemp>
            <ns3:hr>172</ns3:hr>
            <ns3:cad>89</ns3:cad>
          </ns3:TrackPointExtension>
        </extensions>
      </trkpt>
      <trkpt lat="22.60481829755008220672607421875" lon="113.8877989165484905242919921875">
        <ele>19.3999996185302734375</ele>
        <time>2026-08-23T12:23:27.000Z</time>
        <extensions>
          <ns3:TrackPointExtension>
            <ns3:atemp>31.0</ns3:atemp>
            <ns3:hr>172</ns3:hr>
            <ns3:cad>89</ns3:cad>
          </ns3:TrackPointExtension>
        </extensions>
      </trkpt>
      <trkpt lat="22.60486138053238391876220703125" lon="113.88780185021460056304931640625">
        <ele>19.3999996185302734375</ele>
        <time>2026-08-23T12:23:28.000Z</time>
        <extensions>
          <ns3:TrackPointExtension>
            <ns3:atemp>31.0</ns3:atemp>
            <ns3:hr>172</ns3:hr>
            <ns3:cad>89</ns3:cad>
          </ns3:TrackPointExtension>
        </extensions>
      </trkpt>
      <trkpt lat="22.60489113628864288330078125" lon="113.88779397122561931610107421875">
        <ele>19.3999996185302734375</ele>
        <time>2026-08-23T12:23:29.000Z</time>
        <extensions>
          <ns3:TrackPointExtension>
            <ns3:atemp>31.0</ns3:atemp>
            <ns3:hr>172</ns3:hr>
            <ns3:cad>89</ns3:cad>
          </ns3:TrackPointExtension>
        </extensions>
      </trkpt>
      <trkpt lat="22.60493447072803974151611328125" lon="113.887783326208591461181640625">
        <ele>19.6000003814697265625</ele>
        <time>2026-08-23T12:23:30.000Z</time>
        <extensions>
          <ns3:TrackPointExtension>
            <ns3:atemp>31.0</ns3:atemp>
            <ns3:hr>172</ns3:hr>
            <ns3:cad>89</ns3:cad>
          </ns3:TrackPointExtension>
        </extensions>
      </trkpt>
      <trkpt lat="22.60496062226593494415283203125" lon="113.88776832260191440582275390625">
        <ele>19.6000003814697265625</ele>
        <time>2026-08-23T12:23:31.000Z</time>
        <extensions>
          <ns3:TrackPointExtension>
            <ns3:atemp>30.0</ns3:atemp>
            <ns3:hr>172</ns3:hr>
            <ns3:cad>89</ns3:cad>
          </ns3:TrackPointExtension>
        </extensions>
      </trkpt>
      <trkpt lat="22.60499775409698486328125" lon="113.887754492461681365966796875">
        <ele>19.3999996185302734375</ele>
        <time>2026-08-23T12:23:32.000Z</time>
        <extensions>
          <ns3:TrackPointExtension>
            <ns3:atemp>31.0</ns3:atemp>
            <ns3:hr>172</ns3:hr>
            <ns3:cad>89</ns3:cad>
          </ns3:TrackPointExtension>
        </extensions>
      </trkpt>
      <trkpt lat="22.60502767749130725860595703125" lon="113.8877414166927337646484375">
        <ele>19.3999996185302734375</ele>
        <time>2026-08-23T12:23:33.000Z</time>
        <extensions>
          <ns3:TrackPointExtension>
            <ns3:atemp>31.0</ns3:atemp>
            <ns3:hr>172</ns3:hr>
            <ns3:cad>89</ns3:cad>
          </ns3:TrackPointExtension>
        </extensions>
      </trkpt>
      <trkpt lat="22.605064474046230316162109375" lon="113.88772892765700817108154296875">
        <ele>19.3999996185302734375</ele>
        <time>2026-08-23T12:23:34.000Z</time>
        <extensions>
          <ns3:TrackPointExtension>
            <ns3:atemp>31.0</ns3:atemp>
            <ns3:hr>172</ns3:hr>
            <ns3:cad>89</ns3:cad>
          </ns3:TrackPointExtension>
        </extensions>
      </trkpt>
      <trkpt lat="22.605095990002155303955078125" lon="113.88771736063063144683837890625">
        <ele>19.3999996185302734375</ele>
        <time>2026-08-23T12:23:35.000Z</time>
        <extensions>
          <ns3:TrackPointExtension>
            <ns3:atemp>31.0</ns3:atemp>
            <ns3:hr>172</ns3:hr>
            <ns3:cad>89</ns3:cad>
          </ns3:TrackPointExtension>
        </extensions>
      </trkpt>
      <trkpt lat="22.6051283441483974456787109375" lon="113.88770462013781070709228515625">
        <ele>19.3999996185302734375</ele>
        <time>2026-08-23T12:23:36.000Z</time>
        <extensions>
          <ns3:TrackPointExtension>
            <ns3:atemp>31.0</ns3:atemp>
            <ns3:hr>172</ns3:hr>
            <ns3:cad>89</ns3:cad>
          </ns3:TrackPointExtension>
        </extensions>
      </trkpt>
      <trkpt lat="22.60515625588595867156982421875" lon="113.887694142758846282958984375">
        <ele>19.3999996185302734375</ele>
        <time>2026-08-23T12:23:37.000Z</time>
        <extensions>
          <ns3:TrackPointExtension>
            <ns3:atemp>31.0</ns3:atemp>
            <ns3:hr>172</ns3:hr>
            <ns3:cad>89</ns3:cad>
          </ns3:TrackPointExtension>
        </extensions>
      </trkpt>
      <trkpt lat="22.60519263334572315216064453125" lon="113.88768383301794528961181640625">
        <ele>19.3999996185302734375</ele>
        <time>2026-08-23T12:23:38.000Z</time>
        <extensions>
          <ns3:TrackPointExtension>
            <ns3:atemp>30.0</ns3:atemp>
            <ns3:hr>172</ns3:hr>
            <ns3:cad>89</ns3:cad>
          </ns3:TrackPointExtension>
        </extensions>
      </trkpt>
      <trkpt lat="22.6052265800535678863525390625" lon="113.88767545111477375030517578125">
        <ele>19.6000003814697265625</ele>
        <time>2026-08-23T12:23:39.000Z</time>
        <extensions>
          <ns3:TrackPointExtension>
            <ns3:atemp>31.0</ns3:atemp>
            <ns3:hr>172</ns3:hr>
            <ns3:cad>89</ns3:cad>
          </ns3:TrackPointExtension>
        </extensions>
      </trkpt>
      <trkpt lat="22.6052644662559032440185546875" lon="113.88766229152679443359375">
        <ele>19.799999237060546875</ele>
        <time>2026-08-23T12:23:40.000Z</time>
        <extensions>
          <ns3:TrackPointExtension>
            <ns3:atemp>30.0</ns3:atemp>
            <ns3:hr>172</ns3:hr>
            <ns3:cad>89</ns3:cad>
          </ns3:TrackPointExtension>
        </extensions>
      </trkpt>
      <trkpt lat="22.60529958643019199371337890625" lon="113.88765499927103519439697265625">
        <ele>19.799999237060546875</ele>
        <time>2026-08-23T12:23:41.000Z</time>
        <extensions>
          <ns3:TrackPointExtension>
            <ns3:atemp>31.0</ns3:atemp>
            <ns3:hr>173</ns3:hr>
            <ns3:cad>89</ns3:cad>
          </ns3:TrackPointExtension>
        </extensions>
      </trkpt>
      <trkpt lat="22.60533646680414676666259765625" lon="113.88764359988272190093994140625">
        <ele>19.799999237060546875</ele>
        <time>2026-08-23T12:23:42.000Z</time>
        <extensions>
          <ns3:TrackPointExtension>
            <ns3:atemp>30.0</ns3:atemp>
            <ns3:hr>173</ns3:hr>
            <ns3:cad>89</ns3:cad>
          </ns3:TrackPointExtension>
        </extensions>
      </trkpt>
      <trkpt lat="22.60537032969295978546142578125" lon="113.8876341283321380615234375">
        <ele>19.799999237060546875</ele>
        <time>2026-08-23T12:23:43.000Z</time>
        <extensions>
          <ns3:TrackPointExtension>
            <ns3:atemp>30.0</ns3:atemp>
            <ns3:hr>173</ns3:hr>
            <ns3:cad>89</ns3:cad>
          </ns3:TrackPointExtension>
        </extensions>
      </trkpt>
      <trkpt lat="22.60540075600147247314453125" lon="113.88761937618255615234375">
        <ele>19.6000003814697265625</ele>
        <time>2026-08-23T12:23:44.000Z</time>
        <extensions>
          <ns3:TrackPointExtension>
            <ns3:atemp>31.0</ns3:atemp>
            <ns3:hr>173</ns3:hr>
            <ns3:cad>89</ns3:cad>
          </ns3:TrackPointExtension>
        </extensions>
      </trkpt>
      <trkpt lat="22.6054362952709197998046875" lon="113.88761937618255615234375">
        <ele>19.6000003814697265625</ele>
        <time>2026-08-23T12:23:45.000Z</time>
        <extensions>
          <ns3:TrackPointExtension>
            <ns3:atemp>31.0</ns3:atemp>
            <ns3:hr>173</ns3:hr>
            <ns3:cad>89</ns3:cad>
          </ns3:TrackPointExtension>
        </extensions>
      </trkpt>
      <trkpt lat="22.60545976459980010986328125" lon="113.88761174865067005157470703125">
        <ele>19.6000003814697265625</ele>
        <time>2026-08-23T12:23:46.000Z</time>
        <extensions>
          <ns3:TrackPointExtension>
            <ns3:atemp>30.0</ns3:atemp>
            <ns3:hr>173</ns3:hr>
            <ns3:cad>89</ns3:cad>
          </ns3:TrackPointExtension>
        </extensions>
      </trkpt>
      <trkpt lat="22.60550024919211864471435546875" lon="113.887605629861354827880859375">
        <ele>19.6000003814697265625</ele>
        <time>2026-08-23T12:23:47.000Z</time>
        <extensions>
          <ns3:TrackPointExtension>
            <ns3:atemp>30.0</ns3:atemp>
            <ns3:hr>174</ns3:hr>
            <ns3:cad>89</ns3:cad>
          </ns3:TrackPointExtension>
        </extensions>
      </trkpt>
      <trkpt lat="22.60552874766290187835693359375" lon="113.88759297318756580352783203125">
        <ele>19.6000003814697265625</ele>
        <time>2026-08-23T12:23:48.000Z</time>
        <extensions>
          <ns3:TrackPointExtension>
            <ns3:atemp>30.0</ns3:atemp>
            <ns3:hr>174</ns3:hr>
            <ns3:cad>89</ns3:cad>
          </ns3:TrackPointExtension>
        </extensions>
      </trkpt>
      <trkpt lat="22.6055699028074741363525390625" lon="113.88758375309407711029052734375">
        <ele>19.799999237060546875</ele>
        <time>2026-08-23T12:23:49.000Z</time>
        <extensions>
          <ns3:TrackPointExtension>
            <ns3:atemp>30.0</ns3:atemp>
            <ns3:hr>174</ns3:hr>
            <ns3:cad>88</ns3:cad>
          </ns3:TrackPointExtension>
        </extensions>
      </trkpt>
      <trkpt lat="22.60559597052633762359619140625" lon="113.88756883330643177032470703125">
        <ele>19.799999237060546875</ele>
        <time>2026-08-23T12:23:50.000Z</time>
        <extensions>
          <ns3:TrackPointExtension>
            <ns3:atemp>31.0</ns3:atemp>
            <ns3:hr>174</ns3:hr>
            <ns3:cad>88</ns3:cad>
          </ns3:TrackPointExtension>
        </extensions>
      </trkpt>
      <trkpt lat="22.60563570074737071990966796875" lon="113.88754938729107379913330078125">
        <ele>19.799999237060546875</ele>
        <time>2026-08-23T12:23:51.000Z</time>
        <extensions>
          <ns3:TrackPointExtension>
            <ns3:atemp>30.0</ns3:atemp>
            <ns3:hr>175</ns3:hr>
            <ns3:cad>88</ns3:cad>
          </ns3:TrackPointExtension>
        </extensions>
      </trkpt>
      <trkpt lat="22.60565950535237789154052734375" lon="113.8875273428857326507568359375">
        <ele>19.799999237060546875</ele>
        <time>2026-08-23T12:23:52.000Z</time>
        <extensions>
          <ns3:TrackPointExtension>
            <ns3:atemp>30.0</ns3:atemp>
            <ns3:hr>175</ns3:hr>
            <ns3:cad>88</ns3:cad>
          </ns3:TrackPointExtension>
        </extensions>
      </trkpt>
      <trkpt lat="22.60569311678409576416015625" lon="113.8875000178813934326171875">
        <ele>19.799999237060546875</ele>
        <time>2026-08-23T12:23:53.000Z</time>
        <extensions>
          <ns3:TrackPointExtension>
            <ns3:atemp>30.0</ns3:atemp>
            <ns3:hr>175</ns3:hr>
            <ns3:cad>88</ns3:cad>
          </ns3:TrackPointExtension>
        </extensions>
      </trkpt>
      <trkpt lat="22.60570786893367767333984375" lon="113.88747696764767169952392578125">
        <ele>19.799999237060546875</ele>
        <time>2026-08-23T12:23:54.000Z</time>
        <extensions>
          <ns3:TrackPointExtension>
            <ns3:atemp>30.0</ns3:atemp>
            <ns3:hr>175</ns3:hr>
            <ns3:cad>88</ns3:cad>
          </ns3:TrackPointExtension>
        </extensions>
      </trkpt>
      <trkpt lat="22.60573200881481170654296875" lon="113.8874423503875732421875">
        <ele>19.799999237060546875</ele>
        <time>2026-08-23T12:23:55.000Z</time>
        <extensions>
          <ns3:TrackPointExtension>
            <ns3:atemp>31.0</ns3:atemp>
            <ns3:hr>175</ns3:hr>
            <ns3:cad>88</ns3:cad>
          </ns3:TrackPointExtension>
        </extensions>
      </trkpt>
      <trkpt lat="22.6057442463934421539306640625" lon="113.8874136842787265777587890625">
        <ele>19.799999237060546875</ele>
        <time>2026-08-23T12:23:56.000Z</time>
        <extensions>
          <ns3:TrackPointExtension>
            <ns3:atemp>30.0</ns3:atemp>
            <ns3:hr>175</ns3:hr>
            <ns3:cad>88</ns3:cad>
          </ns3:TrackPointExtension>
        </extensions>
      </trkpt>
      <trkpt lat="22.60575422085821628570556640625" lon="113.88737487606704235076904296875">
        <ele>19.799999237060546875</ele>
        <time>2026-08-23T12:23:57.000Z</time>
        <extensions>
          <ns3:TrackPointExtension>
            <ns3:atemp>30.0</ns3:atemp>
            <ns3:hr>175</ns3:hr>
            <ns3:cad>88</ns3:cad>
          </ns3:TrackPointExtension>
        </extensions>
      </trkpt>
      <trkpt lat="22.60575723834335803985595703125" lon="113.88734042644500732421875">
        <ele>19.6000003814697265625</ele>
        <time>2026-08-23T12:23:58.000Z</time>
        <extensions>
          <ns3:TrackPointExtension>
            <ns3:atemp>30.0</ns3:atemp>
            <ns3:hr>175</ns3:hr>
            <ns3:cad>88</ns3:cad>
          </ns3:TrackPointExtension>
        </extensions>
      </trkpt>
      <trkpt lat="22.6057593338191509246826171875" lon="113.88730379752814769744873046875">
        <ele>19.6000003814697265625</ele>
        <time>2026-08-23T12:23:59.000Z</time>
        <extensions>
          <ns3:TrackPointExtension>
            <ns3:atemp>30.0</ns3:atemp>
            <ns3:hr>175</ns3:hr>
            <ns3:cad>88</ns3:cad>
          </ns3:TrackPointExtension>
        </extensions>
      </trkpt>
      <trkpt lat="22.60575346648693084716796875" lon="113.88727261684834957122802734375">
        <ele>19.6000003814697265625</ele>
        <time>2026-08-23T12:24:00.000Z</time>
        <extensions>
          <ns3:TrackPointExtension>
            <ns3:atemp>30.0</ns3:atemp>
            <ns3:hr>175</ns3:hr>
            <ns3:cad>88</ns3:cad>
          </ns3:TrackPointExtension>
        </extensions>
      </trkpt>
      <trkpt lat="22.60574215091764926910400390625" lon="113.88723355717957019805908203125">
        <ele>19.6000003814697265625</ele>
        <time>2026-08-23T12:24:01.000Z</time>
        <extensions>
          <ns3:TrackPointExtension>
            <ns3:atemp>30.0</ns3:atemp>
            <ns3:hr>175</ns3:hr>
            <ns3:cad>88</ns3:cad>
          </ns3:TrackPointExtension>
        </extensions>
      </trkpt>
      <trkpt lat="22.60572974570095539093017578125" lon="113.8871994428336620330810546875">
        <ele>19.6000003814697265625</ele>
        <time>2026-08-23T12:24:02.000Z</time>
        <extensions>
          <ns3:TrackPointExtension>
            <ns3:atemp>30.0</ns3:atemp>
            <ns3:hr>175</ns3:hr>
            <ns3:cad>88</ns3:cad>
          </ns3:TrackPointExtension>
        </extensions>
      </trkpt>
      <trkpt lat="22.60570879094302654266357421875" lon="113.88716029934585094451904296875">
        <ele>19.6000003814697265625</ele>
        <time>2026-08-23T12:24:03.000Z</time>
        <extensions>
          <ns3:TrackPointExtension>
            <ns3:atemp>30.0</ns3:atemp>
            <ns3:hr>175</ns3:hr>
            <ns3:cad>89</ns3:cad>
          </ns3:TrackPointExtension>
        </extensions>
      </trkpt>
      <trkpt lat="22.60568850673735141754150390625" lon="113.887134902179241180419921875">
        <ele>19.6000003814697265625</ele>
        <time>2026-08-23T12:24:04.000Z</time>
        <extensions>
          <ns3:TrackPointExtension>
            <ns3:atemp>30.0</ns3:atemp>
            <ns3:hr>175</ns3:hr>
            <ns3:cad>89</ns3:cad>
          </ns3:TrackPointExtension>
        </extensions>
      </trkpt>
      <trkpt lat="22.6056577451527118682861328125" lon="113.88710246421396732330322265625">
        <ele>19.6000003814697265625</ele>
        <time>2026-08-23T12:24:05.000Z</time>
        <extensions>
          <ns3:TrackPointExtension>
            <ns3:atemp>30.0</ns3:atemp>
            <ns3:hr>175</ns3:hr>
            <ns3:cad>89</ns3:cad>
          </ns3:TrackPointExtension>
        </extensions>
      </trkpt>
      <trkpt lat="22.60563318617641925811767578125" lon="113.8870817609131336212158203125">
        <ele>19.6000003814697265625</ele>
        <time>2026-08-23T12:24:06.000Z</time>
        <extensions>
          <ns3:TrackPointExtension>
            <ns3:atemp>30.0</ns3:atemp>
            <ns3:hr>175</ns3:hr>
            <ns3:cad>89</ns3:cad>
          </ns3:TrackPointExtension>
        </extensions>
      </trkpt>
      <trkpt lat="22.6055967248976230621337890625" lon="113.8870592974126338958740234375">
        <ele>19.799999237060546875</ele>
        <time>2026-08-23T12:24:07.000Z</time>
        <extensions>
          <ns3:TrackPointExtension>
            <ns3:atemp>30.0</ns3:atemp>
            <ns3:hr>175</ns3:hr>
            <ns3:cad>90</ns3:cad>
          </ns3:TrackPointExtension>
        </extensions>
      </trkpt>
      <trkpt lat="22.60556696914136409759521484375" lon="113.8870512507855892181396484375">
        <ele>19.799999237060546875</ele>
        <time>2026-08-23T12:24:08.000Z</time>
        <extensions>
          <ns3:TrackPointExtension>
            <ns3:atemp>30.0</ns3:atemp>
            <ns3:hr>175</ns3:hr>
            <ns3:cad>90</ns3:cad>
          </ns3:TrackPointExtension>
        </extensions>
      </trkpt>
      <trkpt lat="22.60552681982517242431640625" lon="113.8870405219495296478271484375">
        <ele>19.799999237060546875</ele>
        <time>2026-08-23T12:24:09.000Z</time>
        <extensions>
          <ns3:TrackPointExtension>
            <ns3:atemp>30.0</ns3:atemp>
            <ns3:hr>175</ns3:hr>
            <ns3:cad>91</ns3:cad>
          </ns3:TrackPointExtension>
        </extensions>
      </trkpt>
      <trkpt lat="22.60549505241215229034423828125" lon="113.88704513199627399444580078125">
        <ele>19.799999237060546875</ele>
        <time>2026-08-23T12:24:10.000Z</time>
        <extensions>
          <ns3:TrackPointExtension>
            <ns3:atemp>30.0</ns3:atemp>
            <ns3:hr>174</ns3:hr>
            <ns3:cad>91</ns3:cad>
          </ns3:TrackPointExtension>
        </extensions>
      </trkpt>
      <trkpt lat="22.60545280762016773223876953125" lon="113.88704747892916202545166015625">
        <ele>19.799999237060546875</ele>
        <time>2026-08-23T12:24:11.000Z</time>
        <extensions>
          <ns3:TrackPointExtension>
            <ns3:atemp>30.0</ns3:atemp>
            <ns3:hr>175</ns3:hr>
            <ns3:cad>91</ns3:cad>
          </ns3:TrackPointExtension>
        </extensions>
      </trkpt>
      <trkpt lat="22.6054210402071475982666015625" lon="113.887059800326824188232421875">
        <ele>19.6000003814697265625</ele>
        <time>2026-08-23T12:24:12.000Z</time>
        <extensions>
          <ns3:TrackPointExtension>
            <ns3:atemp>30.0</ns3:atemp>
            <ns3:hr>175</ns3:hr>
            <ns3:cad>91</ns3:cad>
          </ns3:TrackPointExtension>
        </extensions>
      </trkpt>
      <trkpt lat="22.60537653230130672454833984375" lon="113.88706508092582225799560546875">
        <ele>19.6000003814697265625</ele>
        <time>2026-08-23T12:24:13.000Z</time>
        <extensions>
          <ns3:TrackPointExtension>
            <ns3:atemp>30.0</ns3:atemp>
            <ns3:hr>175</ns3:hr>
            <ns3:cad>91</ns3:cad>
          </ns3:TrackPointExtension>
        </extensions>
      </trkpt>
      <trkpt lat="22.605345435440540313720703125" lon="113.8870810903608798980712890625">
        <ele>19.6000003814697265625</ele>
        <time>2026-08-23T12:24:14.000Z</time>
        <extensions>
          <ns3:TrackPointExtension>
            <ns3:atemp>30.0</ns3:atemp>
            <ns3:hr>175</ns3:hr>
            <ns3:cad>91</ns3:cad>
          </ns3:TrackPointExtension>
        </extensions>
      </trkpt>
      <trkpt lat="22.605305202305316925048828125" lon="113.8870898075401782989501953125">
        <ele>19.6000003814697265625</ele>
        <time>2026-08-23T12:24:15.000Z</time>
        <extensions>
          <ns3:TrackPointExtension>
            <ns3:atemp>30.0</ns3:atemp>
            <ns3:hr>175</ns3:hr>
            <ns3:cad>91</ns3:cad>
          </ns3:TrackPointExtension>
        </extensions>
      </trkpt>
      <trkpt lat="22.60527460835874080657958984375" lon="113.88710682280361652374267578125">
        <ele>19.6000003814697265625</ele>
        <time>2026-08-23T12:24:16.000Z</time>
        <extensions>
          <ns3:TrackPointExtension>
            <ns3:atemp>30.0</ns3:atemp>
            <ns3:hr>175</ns3:hr>
            <ns3:cad>91</ns3:cad>
          </ns3:TrackPointExtension>
        </extensions>
      </trkpt>
      <trkpt lat="22.60523320175707340240478515625" lon="113.88711470179259777069091796875">
        <ele>19.6000003814697265625</ele>
        <time>2026-08-23T12:24:17.000Z</time>
        <extensions>
          <ns3:TrackPointExtension>
            <ns3:atemp>30.0</ns3:atemp>
            <ns3:hr>175</ns3:hr>
            <ns3:cad>91</ns3:cad>
          </ns3:TrackPointExtension>
        </extensions>
      </trkpt>
      <trkpt lat="22.60520537383854389190673828125" lon="113.88712978921830654144287109375">
        <ele>19.6000003814697265625</ele>
        <time>2026-08-23T12:24:18.000Z</time>
        <extensions>
          <ns3:TrackPointExtension>
            <ns3:atemp>30.0</ns3:atemp>
            <ns3:hr>175</ns3:hr>
            <ns3:cad>92</ns3:cad>
          </ns3:TrackPointExtension>
        </extensions>
      </trkpt>
      <trkpt lat="22.60516681708395481109619140625" lon="113.8871397636830806732177734375">
        <ele>19.6000003814697265625</ele>
        <time>2026-08-23T12:24:19.000Z</time>
        <extensions>
          <ns3:TrackPointExtension>
            <ns3:atemp>30.0</ns3:atemp>
            <ns3:hr>176</ns3:hr>
            <ns3:cad>92</ns3:cad>
          </ns3:TrackPointExtension>
        </extensions>
      </trkpt>
      <trkpt lat="22.60513999499380588531494140625" lon="113.8871508277952671051025390625">
        <ele>19.6000003814697265625</ele>
        <time>2026-08-23T12:24:20.000Z</time>
        <extensions>
          <ns3:TrackPointExtension>
            <ns3:atemp>30.0</ns3:atemp>
            <ns3:hr>175</ns3:hr>
            <ns3:cad>92</ns3:cad>
          </ns3:TrackPointExtension>
        </extensions>
      </trkpt>
      <trkpt lat="22.605097331106662750244140625" lon="113.8871608860790729522705078125">
        <ele>19.6000003814697265625</ele>
        <time>2026-08-23T12:24:21.000Z</time>
        <extensions>
          <ns3:TrackPointExtension>
            <ns3:atemp>30.0</ns3:atemp>
            <ns3:hr>175</ns3:hr>
            <ns3:cad>92</ns3:cad>
          </ns3:TrackPointExtension>
        </extensions>
      </trkpt>
      <trkpt lat="22.605069167912006378173828125" lon="113.88717555440962314605712890625">
        <ele>19.6000003814697265625</ele>
        <time>2026-08-23T12:24:22.000Z</time>
        <extensions>
          <ns3:TrackPointExtension>
            <ns3:atemp>30.0</ns3:atemp>
            <ns3:hr>176</ns3:hr>
            <ns3:cad>92</ns3:cad>
          </ns3:TrackPointExtension>
        </extensions>
      </trkpt>
      <trkpt lat="22.6050287671387195587158203125" lon="113.887186534702777862548828125">
        <ele>19.6000003814697265625</ele>
        <time>2026-08-23T12:24:23.000Z</time>
        <extensions>
          <ns3:TrackPointExtension>
            <ns3:atemp>30.0</ns3:atemp>
            <ns3:hr>176</ns3:hr>
            <ns3:cad>90</ns3:cad>
          </ns3:TrackPointExtension>
        </extensions>
      </trkpt>
      <trkpt lat="22.60499599389731884002685546875" lon="113.88719893991947174072265625">
        <ele>19.6000003814697265625</ele>
        <time>2026-08-23T12:24:24.000Z</time>
        <extensions>
          <ns3:TrackPointExtension>
            <ns3:atemp>30.0</ns3:atemp>
            <ns3:hr>176</ns3:hr>
            <ns3:cad>90</ns3:cad>
          </ns3:TrackPointExtension>
        </extensions>
      </trkpt>
      <trkpt lat="22.60495240800082683563232421875" lon="113.88720656745135784149169921875">
        <ele>19.6000003814697265625</ele>
        <time>2026-08-23T12:24:25.000Z</time>
        <extensions>
          <ns3:TrackPointExtension>
            <ns3:atemp>30.0</ns3:atemp>
            <ns3:hr>176</ns3:hr>
            <ns3:cad>90</ns3:cad>
          </ns3:TrackPointExtension>
        </extensions>
      </trkpt>
      <trkpt lat="22.60491904802620410919189453125" lon="113.88721763156354427337646484375">
        <ele>19.6000003814697265625</ele>
        <time>2026-08-23T12:24:26.000Z</time>
        <extensions>
          <ns3:TrackPointExtension>
            <ns3:atemp>30.0</ns3:atemp>
            <ns3:hr>175</ns3:hr>
            <ns3:cad>89</ns3:cad>
          </ns3:TrackPointExtension>
        </extensions>
      </trkpt>
      <trkpt lat="22.60487638413906097412109375" lon="113.887224085628986358642578125">
        <ele>19.6000003814697265625</ele>
        <time>2026-08-23T12:24:27.000Z</time>
        <extensions>
          <ns3:TrackPointExtension>
            <ns3:atemp>30.0</ns3:atemp>
            <ns3:hr>176</ns3:hr>
            <ns3:cad>89</ns3:cad>
          </ns3:TrackPointExtension>
        </extensions>
      </trkpt>
      <trkpt lat="22.60484579019248485565185546875" lon="113.8872346468269824981689453125">
        <ele>19.6000003814697265625</ele>
        <time>2026-08-23T12:24:28.000Z</time>
        <extensions>
          <ns3:TrackPointExtension>
            <ns3:atemp>30.0</ns3:atemp>
            <ns3:hr>176</ns3:hr>
            <ns3:cad>89</ns3:cad>
          </ns3:TrackPointExtension>
        </extensions>
      </trkpt>
      <trkpt lat="22.604806311428546905517578125" lon="113.887244202196598052978515625">
        <ele>19.6000003814697265625</ele>
        <time>2026-08-23T12:24:29.000Z</time>
        <extensions>
          <ns3:TrackPointExtension>
            <ns3:atemp>30.0</ns3:atemp>
            <ns3:hr>176</ns3:hr>
            <ns3:cad>89</ns3:cad>
          </ns3:TrackPointExtension>
        </extensions>
      </trkpt>
      <trkpt lat="22.6047722809016704559326171875" lon="113.88725736178457736968994140625">
        <ele>19.6000003814697265625</ele>
        <time>2026-08-23T12:24:30.000Z</time>
        <extensions>
          <ns3:TrackPointExtension>
            <ns3:atemp>30.0</ns3:atemp>
            <ns3:hr>176</ns3:hr>
            <ns3:cad>89</ns3:cad>
          </ns3:TrackPointExtension>
        </extensions>
      </trkpt>
      <trkpt lat="22.6047333888709545135498046875" lon="113.887273035943508148193359375">
        <ele>19.6000003814697265625</ele>
        <time>2026-08-23T12:24:31.000Z</time>
        <extensions>
          <ns3:TrackPointExtension>
            <ns3:atemp>30.0</ns3:atemp>
            <ns3:hr>176</ns3:hr>
            <ns3:cad>89</ns3:cad>
          </ns3:TrackPointExtension>
        </extensions>
      </trkpt>
      <trkpt lat="22.6047038845717906951904296875" lon="113.8872946612536907196044921875">
        <ele>19.6000003814697265625</ele>
        <time>2026-08-23T12:24:32.000Z</time>
        <extensions>
          <ns3:TrackPointExtension>
            <ns3:atemp>30.0</ns3:atemp>
            <ns3:hr>176</ns3:hr>
            <ns3:cad>89</ns3:cad>
          </ns3:TrackPointExtension>
        </extensions>
      </trkpt>
      <trkpt lat="22.60466717183589935302734375" lon="113.8873194716870784759521484375">
        <ele>19.6000003814697265625</ele>
        <time>2026-08-23T12:24:33.000Z</time>
        <extensions>
          <ns3:TrackPointExtension>
            <ns3:atemp>30.0</ns3:atemp>
            <ns3:hr>176</ns3:hr>
            <ns3:cad>89</ns3:cad>
          </ns3:TrackPointExtension>
        </extensions>
      </trkpt>
      <trkpt lat="22.60464445687830448150634765625" lon="113.8873536698520183563232421875">
        <ele>19.6000003814697265625</ele>
        <time>2026-08-23T12:24:34.000Z</time>
        <extensions>
          <ns3:TrackPointExtension>
            <ns3:atemp>30.0</ns3:atemp>
            <ns3:hr>176</ns3:hr>
            <ns3:cad>90</ns3:cad>
          </ns3:TrackPointExtension>
        </extensions>
      </trkpt>
      <trkpt lat="22.60461830534040927886962890625" lon="113.88738879002630710601806640625">
        <ele>19.6000003814697265625</ele>
        <time>2026-08-23T12:24:35.000Z</time>
        <extensions>
          <ns3:TrackPointExtension>
            <ns3:atemp>30.0</ns3:atemp>
            <ns3:hr>176</ns3:hr>
            <ns3:cad>90</ns3:cad>
          </ns3:TrackPointExtension>
        </extensions>
      </trkpt>
      <trkpt lat="22.60460472665727138519287109375" lon="113.8874183781445026397705078125">
        <ele>19.6000003814697265625</ele>
        <time>2026-08-23T12:24:36.000Z</time>
        <extensions>
          <ns3:TrackPointExtension>
            <ns3:atemp>30.0</ns3:atemp>
            <ns3:hr>177</ns3:hr>
            <ns3:cad>90</ns3:cad>
          </ns3:TrackPointExtension>
        </extensions>
      </trkpt>
      <trkpt lat="22.6045895554125308990478515625" lon="113.8874633051455020904541015625">
        <ele>19.6000003814697265625</ele>
        <time>2026-08-23T12:24:37.000Z</time>
        <extensions>
          <ns3:TrackPointExtension>
            <ns3:atemp>30.0</ns3:atemp>
            <ns3:hr>176</ns3:hr>
            <ns3:cad>90</ns3:cad>
          </ns3:TrackPointExtension>
        </extensions>
      </trkpt>
      <trkpt lat="22.60459081269800662994384765625" lon="113.88749490492045879364013671875">
        <ele>19.6000003814697265625</ele>
        <time>2026-08-23T12:24:38.000Z</time>
        <extensions>
          <ns3:TrackPointExtension>
            <ns3:atemp>30.0</ns3:atemp>
            <ns3:hr>176</ns3:hr>
            <ns3:cad>90</ns3:cad>
          </ns3:TrackPointExtension>
        </extensions>
      </trkpt>
      <trkpt lat="22.60458813048899173736572265625" lon="113.88753815554082393646240234375">
        <ele>19.3999996185302734375</ele>
        <time>2026-08-23T12:24:39.000Z</time>
        <extensions>
          <ns3:TrackPointExtension>
            <ns3:atemp>30.0</ns3:atemp>
            <ns3:hr>177</ns3:hr>
            <ns3:cad>89</ns3:cad>
          </ns3:TrackPointExtension>
        </extensions>
      </trkpt>
      <trkpt lat="22.60459131561219692230224609375" lon="113.88757386244833469390869140625">
        <ele>19.3999996185302734375</ele>
        <time>2026-08-23T12:24:40.000Z</time>
        <extensions>
          <ns3:TrackPointExtension>
            <ns3:atemp>30.0</ns3:atemp>
            <ns3:hr>176</ns3:hr>
            <ns3:cad>89</ns3:cad>
          </ns3:TrackPointExtension>
        </extensions>
      </trkpt>
      <trkpt lat="22.60459986515343189239501953125" lon="113.88761409558355808258056640625">
        <ele>19.3999996185302734375</ele>
        <time>2026-08-23T12:24:41.000Z</time>
        <extensions>
          <ns3:TrackPointExtension>
            <ns3:atemp>30.0</ns3:atemp>
            <ns3:hr>177</ns3:hr>
            <ns3:cad>88</ns3:cad>
          </ns3:TrackPointExtension>
        </extensions>
      </trkpt>
      <trkpt lat="22.60461084544658660888671875" lon="113.887645862996578216552734375">
        <ele>19.3999996185302734375</ele>
        <time>2026-08-23T12:24:42.000Z</time>
        <extensions>
          <ns3:TrackPointExtension>
            <ns3:atemp>30.0</ns3:atemp>
            <ns3:hr>177</ns3:hr>
            <ns3:cad>88</ns3:cad>
          </ns3:TrackPointExtension>
        </extensions>
      </trkpt>
      <trkpt lat="22.60462534613907337188720703125" lon="113.8876824080944061279296875">
        <ele>19.3999996185302734375</ele>
        <time>2026-08-23T12:24:43.000Z</time>
        <extensions>
          <ns3:TrackPointExtension>
            <ns3:atemp>30.0</ns3:atemp>
            <ns3:hr>177</ns3:hr>
            <ns3:cad>88</ns3:cad>
          </ns3:TrackPointExtension>
        </extensions>
      </trkpt>
      <trkpt lat="22.60464479215443134307861328125" lon="113.887708894908428192138671875">
        <ele>19.6000003814697265625</ele>
        <time>2026-08-23T12:24:44.000Z</time>
        <extensions>
          <ns3:TrackPointExtension>
            <ns3:atemp>30.0</ns3:atemp>
            <ns3:hr>176</ns3:hr>
            <ns3:cad>88</ns3:cad>
          </ns3:TrackPointExtension>
        </extensions>
      </trkpt>
      <trkpt lat="22.6046572811901569366455078125" lon="113.88774518854916095733642578125">
        <ele>19.6000003814697265625</ele>
        <time>2026-08-23T12:24:45.000Z</time>
        <extensions>
          <ns3:TrackPointExtension>
            <ns3:atemp>30.0</ns3:atemp>
            <ns3:hr>177</ns3:hr>
            <ns3:cad>88</ns3:cad>
          </ns3:TrackPointExtension>
        </extensions>
      </trkpt>
      <trkpt lat="22.60481863282620906829833984375" lon="113.8878327794373035430908203125">
        <ele>18</ele>
        <time>2026-08-23T12:28:09.000Z</time>
        <extensions>
          <ns3:TrackPointExtension>
            <ns3:atemp>31.0</ns3:atemp>
            <ns3:hr>103</ns3:hr>
            <ns3:cad>0</ns3:cad>
          </ns3:TrackPointExtension>
        </extensions>
      </trkpt>
      <trkpt lat="22.60481913574039936065673828125" lon="113.8878371380269527435302734375">
        <ele>18</ele>
        <time>2026-08-23T12:28:10.000Z</time>
        <extensions>
          <ns3:TrackPointExtension>
            <ns3:atemp>31.0</ns3:atemp>
            <ns3:hr>103</ns3:hr>
            <ns3:cad>0</ns3:cad>
          </ns3:TrackPointExtension>
        </extensions>
      </trkpt>
      <trkpt lat="22.604812681674957275390625" lon="113.88782934285700321197509765625">
        <ele>18</ele>
        <time>2026-08-23T12:28:11.000Z</time>
        <extensions>
          <ns3:TrackPointExtension>
            <ns3:atemp>31.0</ns3:atemp>
            <ns3:hr>103</ns3:hr>
            <ns3:cad>0</ns3:cad>
          </ns3:TrackPointExtension>
        </extensions>
      </trkpt>
      <trkpt lat="22.60480237193405628204345703125" lon="113.88781375251710414886474609375">
        <ele>17.799999237060546875</ele>
        <time>2026-08-23T12:28:12.000Z</time>
        <extensions>
          <ns3:TrackPointExtension>
            <ns3:atemp>31.0</ns3:atemp>
            <ns3:hr>104</ns3:hr>
            <ns3:cad>0</ns3:cad>
          </ns3:TrackPointExtension>
        </extensions>
      </trkpt>
      <trkpt lat="22.6047917269170284271240234375" lon="113.8877969048917293548583984375">
        <ele>17.6000003814697265625</ele>
        <time>2026-08-23T12:28:13.000Z</time>
        <extensions>
          <ns3:TrackPointExtension>
            <ns3:atemp>31.0</ns3:atemp>
            <ns3:hr>104</ns3:hr>
            <ns3:cad>0</ns3:cad>
          </ns3:TrackPointExtension>
        </extensions>
      </trkpt>
      <trkpt lat="22.60478443466126918792724609375" lon="113.88778843916952610015869140625">
        <ele>17.6000003814697265625</ele>
        <time>2026-08-23T12:28:14.000Z</time>
        <extensions>
          <ns3:TrackPointExtension>
            <ns3:atemp>31.0</ns3:atemp>
            <ns3:hr>104</ns3:hr>
            <ns3:cad>0</ns3:cad>
          </ns3:TrackPointExtension>
        </extensions>
      </trkpt>
      <trkpt lat="22.60477580130100250244140625" lon="113.8877734355628490447998046875">
        <ele>17.3999996185302734375</ele>
        <time>2026-08-23T12:28:15.000Z</time>
        <extensions>
          <ns3:TrackPointExtension>
            <ns3:atemp>31.0</ns3:atemp>
            <ns3:hr>105</ns3:hr>
            <ns3:cad>107</ns3:cad>
          </ns3:TrackPointExtension>
        </extensions>
      </trkpt>
      <trkpt lat="22.60475878603756427764892578125" lon="113.8877308554947376251220703125">
        <ele>17.6000003814697265625</ele>
        <time>2026-08-23T12:28:16.000Z</time>
        <extensions>
          <ns3:TrackPointExtension>
            <ns3:atemp>31.0</ns3:atemp>
            <ns3:hr>105</ns3:hr>
            <ns3:cad>107</ns3:cad>
          </ns3:TrackPointExtension>
        </extensions>
      </trkpt>
      <trkpt lat="22.60474822483956813812255859375" lon="113.88770244084298610687255859375">
        <ele>17.6000003814697265625</ele>
        <time>2026-08-23T12:28:17.000Z</time>
        <extensions>
          <ns3:TrackPointExtension>
            <ns3:atemp>31.0</ns3:atemp>
            <ns3:hr>105</ns3:hr>
            <ns3:cad>94</ns3:cad>
          </ns3:TrackPointExtension>
        </extensions>
      </trkpt>
      <trkpt lat="22.60473422706127166748046875" lon="113.8876663148403167724609375">
        <ele>17.6000003814697265625</ele>
        <time>2026-08-23T12:28:18.000Z</time>
        <extensions>
          <ns3:TrackPointExtension>
            <ns3:atemp>31.0</ns3:atemp>
            <ns3:hr>106</ns3:hr>
            <ns3:cad>94</ns3:cad>
          </ns3:TrackPointExtension>
        </extensions>
      </trkpt>
      <trkpt lat="22.604714445769786834716796875" lon="113.88763203285634517669677734375">
        <ele>17.799999237060546875</ele>
        <time>2026-08-23T12:28:19.000Z</time>
        <extensions>
          <ns3:TrackPointExtension>
            <ns3:atemp>31.0</ns3:atemp>
            <ns3:hr>107</ns3:hr>
            <ns3:cad>93</ns3:cad>
          </ns3:TrackPointExtension>
        </extensions>
      </trkpt>
      <trkpt lat="22.60468301363289356231689453125" lon="113.88760537840425968170166015625">
        <ele>17.799999237060546875</ele>
        <time>2026-08-23T12:28:20.000Z</time>
        <extensions>
          <ns3:TrackPointExtension>
            <ns3:atemp>32.0</ns3:atemp>
            <ns3:hr>107</ns3:hr>
            <ns3:cad>90</ns3:cad>
          </ns3:TrackPointExtension>
        </extensions>
      </trkpt>
      <trkpt lat="22.604620568454265594482421875" lon="113.88761543668806552886962890625">
        <ele>17.799999237060546875</ele>
        <time>2026-08-23T12:28:21.000Z</time>
        <extensions>
          <ns3:TrackPointExtension>
            <ns3:atemp>31.0</ns3:atemp>
            <ns3:hr>106</ns3:hr>
            <ns3:cad>90</ns3:cad>
          </ns3:TrackPointExtension>
        </extensions>
      </trkpt>
      <trkpt lat="22.60455091483891010284423828125" lon="113.8876368105411529541015625">
        <ele>17.6000003814697265625</ele>
        <time>2026-08-23T12:28:22.000Z</time>
        <extensions>
          <ns3:TrackPointExtension>
            <ns3:atemp>32.0</ns3:atemp>
            <ns3:hr>107</ns3:hr>
            <ns3:cad>90</ns3:cad>
          </ns3:TrackPointExtension>
        </extensions>
      </trkpt>
      <trkpt lat="22.604520320892333984375" lon="113.887652568519115447998046875">
        <ele>17.6000003814697265625</ele>
        <time>2026-08-23T12:28:23.000Z</time>
        <extensions>
          <ns3:TrackPointExtension>
            <ns3:atemp>32.0</ns3:atemp>
            <ns3:hr>107</ns3:hr>
            <ns3:cad>89</ns3:cad>
          </ns3:TrackPointExtension>
        </extensions>
      </trkpt>
      <trkpt lat="22.60450112633407115936279296875" lon="113.88766354881227016448974609375">
        <ele>17.6000003814697265625</ele>
        <time>2026-08-23T12:28:24.000Z</time>
        <extensions>
          <ns3:TrackPointExtension>
            <ns3:atemp>32.0</ns3:atemp>
            <ns3:hr>108</ns3:hr>
            <ns3:cad>89</ns3:cad>
          </ns3:TrackPointExtension>
        </extensions>
      </trkpt>
      <trkpt lat="22.60448788292706012725830078125" lon="113.887664973735809326171875">
        <ele>17.6000003814697265625</ele>
        <time>2026-08-23T12:28:25.000Z</time>
        <extensions>
          <ns3:TrackPointExtension>
            <ns3:atemp>31.0</ns3:atemp>
            <ns3:hr>109</ns3:hr>
            <ns3:cad>89</ns3:cad>
          </ns3:TrackPointExtension>
        </extensions>
      </trkpt>
      <trkpt lat="22.6044809259474277496337890625" lon="113.88766254298388957977294921875">
        <ele>17.6000003814697265625</ele>
        <time>2026-08-23T12:28:26.000Z</time>
        <extensions>
          <ns3:TrackPointExtension>
            <ns3:atemp>31.0</ns3:atemp>
            <ns3:hr>110</ns3:hr>
            <ns3:cad>88</ns3:cad>
          </ns3:TrackPointExtension>
        </extensions>
      </trkpt>
      <trkpt lat="22.60446726344525814056396484375" lon="113.887648880481719970703125">
        <ele>17.6000003814697265625</ele>
        <time>2026-08-23T12:28:27.000Z</time>
        <extensions>
          <ns3:TrackPointExtension>
            <ns3:atemp>31.0</ns3:atemp>
            <ns3:hr>111</ns3:hr>
            <ns3:cad>87</ns3:cad>
          </ns3:TrackPointExtension>
        </extensions>
      </trkpt>
      <trkpt lat="22.604454271495342254638671875" lon="113.887636475265026092529296875">
        <ele>17.6000003814697265625</ele>
        <time>2026-08-23T12:28:28.000Z</time>
        <extensions>
          <ns3:TrackPointExtension>
            <ns3:atemp>31.0</ns3:atemp>
            <ns3:hr>112</ns3:hr>
            <ns3:cad>87</ns3:cad>
          </ns3:TrackPointExtension>
        </extensions>
      </trkpt>
      <trkpt lat="22.604440860450267791748046875" lon="113.8876198790967464447021484375">
        <ele>17.3999996185302734375</ele>
        <time>2026-08-23T12:28:29.000Z</time>
        <extensions>
          <ns3:TrackPointExtension>
            <ns3:atemp>31.0</ns3:atemp>
            <ns3:hr>112</ns3:hr>
            <ns3:cad>86</ns3:cad>
          </ns3:TrackPointExtension>
        </extensions>
      </trkpt>
      <trkpt lat="22.6044277846813201904296875" lon="113.8876047916710376739501953125">
        <ele>17.3999996185302734375</ele>
        <time>2026-08-23T12:28:30.000Z</time>
        <extensions>
          <ns3:TrackPointExtension>
            <ns3:atemp>31.0</ns3:atemp>
            <ns3:hr>113</ns3:hr>
            <ns3:cad>86</ns3:cad>
          </ns3:TrackPointExtension>
        </extensions>
      </trkpt>
      <trkpt lat="22.6044138707220554351806640625" lon="113.8875937275588512420654296875">
        <ele>17.3999996185302734375</ele>
        <time>2026-08-23T12:28:31.000Z</time>
        <extensions>
          <ns3:TrackPointExtension>
            <ns3:atemp>31.0</ns3:atemp>
            <ns3:hr>114</ns3:hr>
            <ns3:cad>86</ns3:cad>
          </ns3:TrackPointExtension>
        </extensions>
      </trkpt>
      <trkpt lat="22.6044054888188838958740234375" lon="113.8875850103795528411865234375">
        <ele>17.200000762939453125</ele>
        <time>2026-08-23T12:28:32.000Z</time>
        <extensions>
          <ns3:TrackPointExtension>
            <ns3:atemp>31.0</ns3:atemp>
            <ns3:hr>115</ns3:hr>
            <ns3:cad>86</ns3:cad>
          </ns3:TrackPointExtension>
        </extensions>
      </trkpt>
      <trkpt lat="22.604397945106029510498046875" lon="113.88757034204900264739990234375">
        <ele>17.200000762939453125</ele>
        <time>2026-08-23T12:28:33.000Z</time>
        <extensions>
          <ns3:TrackPointExtension>
            <ns3:atemp>31.0</ns3:atemp>
            <ns3:hr>116</ns3:hr>
            <ns3:cad>88</ns3:cad>
          </ns3:TrackPointExtension>
        </extensions>
      </trkpt>
      <trkpt lat="22.60438285768032073974609375" lon="113.88755961321294307708740234375">
        <ele>17.3999996185302734375</ele>
        <time>2026-08-23T12:28:34.000Z</time>
        <extensions>
          <ns3:TrackPointExtension>
            <ns3:atemp>32.0</ns3:atemp>
            <ns3:hr>117</ns3:hr>
            <ns3:cad>89</ns3:cad>
          </ns3:TrackPointExtension>
        </extensions>
      </trkpt>
      <trkpt lat="22.6043749786913394927978515625" lon="113.88754067011177539825439453125">
        <ele>17.3999996185302734375</ele>
        <time>2026-08-23T12:28:35.000Z</time>
        <extensions>
          <ns3:TrackPointExtension>
            <ns3:atemp>31.0</ns3:atemp>
            <ns3:hr>118</ns3:hr>
            <ns3:cad>89</ns3:cad>
          </ns3:TrackPointExtension>
        </extensions>
      </trkpt>
      <trkpt lat="22.60437590070068836212158203125" lon="113.88752273283898830413818359375">
        <ele>17.3999996185302734375</ele>
        <time>2026-08-23T12:28:36.000Z</time>
        <extensions>
          <ns3:TrackPointExtension>
            <ns3:atemp>31.0</ns3:atemp>
            <ns3:hr>119</ns3:hr>
            <ns3:cad>89</ns3:cad>
          </ns3:TrackPointExtension>
        </extensions>
      </trkpt>
      <trkpt lat="22.60439836420118808746337890625" lon="113.8875109143555164337158203125">
        <ele>17.6000003814697265625</ele>
        <time>2026-08-23T12:28:37.000Z</time>
        <extensions>
          <ns3:TrackPointExtension>
            <ns3:atemp>31.0</ns3:atemp>
            <ns3:hr>120</ns3:hr>
            <ns3:cad>89</ns3:cad>
          </ns3:TrackPointExtension>
        </extensions>
      </trkpt>
      <trkpt lat="22.60442803613841533660888671875" lon="113.88750496320426464080810546875">
        <ele>17.6000003814697265625</ele>
        <time>2026-08-23T12:28:38.000Z</time>
        <extensions>
          <ns3:TrackPointExtension>
            <ns3:atemp>31.0</ns3:atemp>
            <ns3:hr>121</ns3:hr>
            <ns3:cad>89</ns3:cad>
          </ns3:TrackPointExtension>
        </extensions>
      </trkpt>
      <trkpt lat="22.6044406928122043609619140625" lon="113.88749398291110992431640625">
        <ele>17.6000003814697265625</ele>
        <time>2026-08-23T12:28:39.000Z</time>
        <extensions>
          <ns3:TrackPointExtension>
            <ns3:atemp>31.0</ns3:atemp>
            <ns3:hr>122</ns3:hr>
            <ns3:cad>88</ns3:cad>
          </ns3:TrackPointExtension>
        </extensions>
      </trkpt>
      <trkpt lat="22.604443542659282684326171875" lon="113.887490294873714447021484375">
        <ele>17.6000003814697265625</ele>
        <time>2026-08-23T12:28:40.000Z</time>
        <extensions>
          <ns3:TrackPointExtension>
            <ns3:atemp>31.0</ns3:atemp>
            <ns3:hr>122</ns3:hr>
            <ns3:cad>87</ns3:cad>
          </ns3:TrackPointExtension>
        </extensions>
      </trkpt>
      <trkpt lat="22.6044363342225551605224609375" lon="113.8874740339815616607666015625">
        <ele>17.6000003814697265625</ele>
        <time>2026-08-23T12:28:41.000Z</time>
        <extensions>
          <ns3:TrackPointExtension>
            <ns3:atemp>31.0</ns3:atemp>
            <ns3:hr>123</ns3:hr>
            <ns3:cad>87</ns3:cad>
          </ns3:TrackPointExtension>
        </extensions>
      </trkpt>
      <trkpt lat="22.60442468337714672088623046875" lon="113.887456096708774566650390625">
        <ele>17.6000003814697265625</ele>
        <time>2026-08-23T12:28:42.000Z</time>
        <extensions>
          <ns3:TrackPointExtension>
            <ns3:atemp>31.0</ns3:atemp>
            <ns3:hr>124</ns3:hr>
            <ns3:cad>87</ns3:cad>
          </ns3:TrackPointExtension>
        </extensions>
      </trkpt>
      <trkpt lat="22.60441227816045284271240234375" lon="113.887436650693416595458984375">
        <ele>17.6000003814697265625</ele>
        <time>2026-08-23T12:28:43.000Z</time>
        <extensions>
          <ns3:TrackPointExtension>
            <ns3:atemp>31.0</ns3:atemp>
            <ns3:hr>124</ns3:hr>
            <ns3:cad>88</ns3:cad>
          </ns3:TrackPointExtension>
        </extensions>
      </trkpt>
      <trkpt lat="22.60440087877213954925537109375" lon="113.8874203898012638092041015625">
        <ele>17.6000003814697265625</ele>
        <time>2026-08-23T12:28:44.000Z</time>
        <extensions>
          <ns3:TrackPointExtension>
            <ns3:atemp>31.0</ns3:atemp>
            <ns3:hr>125</ns3:hr>
            <ns3:cad>88</ns3:cad>
          </ns3:TrackPointExtension>
        </extensions>
      </trkpt>
      <trkpt lat="22.60439149104058742523193359375" lon="113.887403793632984161376953125">
        <ele>17.6000003814697265625</ele>
        <time>2026-08-23T12:28:45.000Z</time>
        <extensions>
          <ns3:TrackPointExtension>
            <ns3:atemp>31.0</ns3:atemp>
            <ns3:hr>125</ns3:hr>
            <ns3:cad>88</ns3:cad>
          </ns3:TrackPointExtension>
        </extensions>
      </trkpt>
      <trkpt lat="22.6043779961764812469482421875" lon="113.8873962499201297760009765625">
        <ele>17.799999237060546875</ele>
        <time>2026-08-23T12:28:46.000Z</time>
        <extensions>
          <ns3:TrackPointExtension>
            <ns3:atemp>31.0</ns3:atemp>
            <ns3:hr>125</ns3:hr>
            <ns3:cad>89</ns3:cad>
          </ns3:TrackPointExtension>
        </extensions>
      </trkpt>
      <trkpt lat="22.604365758597850799560546875" lon="113.8873835094273090362548828125">
        <ele>17.6000003814697265625</ele>
        <time>2026-08-23T12:28:47.000Z</time>
        <extensions>
          <ns3:TrackPointExtension>
            <ns3:atemp>31.0</ns3:atemp>
            <ns3:hr>126</ns3:hr>
            <ns3:cad>89</ns3:cad>
          </ns3:TrackPointExtension>
        </extensions>
      </trkpt>
      <trkpt lat="22.6043515093624591827392578125" lon="113.88736951164901256561279296875">
        <ele>17.799999237060546875</ele>
        <time>2026-08-23T12:28:48.000Z</time>
        <extensions>
          <ns3:TrackPointExtension>
            <ns3:atemp>31.0</ns3:atemp>
            <ns3:hr>126</ns3:hr>
            <ns3:cad>89</ns3:cad>
          </ns3:TrackPointExtension>
        </extensions>
      </trkpt>
      <trkpt lat="22.6043280400335788726806640625" lon="113.8873607106506824493408203125">
        <ele>17.6000003814697265625</ele>
        <time>2026-08-23T12:28:49.000Z</time>
        <extensions>
          <ns3:TrackPointExtension>
            <ns3:atemp>31.0</ns3:atemp>
            <ns3:hr>126</ns3:hr>
            <ns3:cad>89</ns3:cad>
          </ns3:TrackPointExtension>
        </extensions>
      </trkpt>
      <trkpt lat="22.604306079447269439697265625" lon="113.88736012391746044158935546875">
        <ele>17.6000003814697265625</ele>
        <time>2026-08-23T12:28:50.000Z</time>
        <extensions>
          <ns3:TrackPointExtension>
            <ns3:atemp>31.0</ns3:atemp>
            <ns3:hr>126</ns3:hr>
            <ns3:cad>89</ns3:cad>
          </ns3:TrackPointExtension>
        </extensions>
      </trkpt>
      <trkpt lat="22.60428889654576778411865234375" lon="113.88737638480961322784423828125">
        <ele>17.799999237060546875</ele>
        <time>2026-08-23T12:28:51.000Z</time>
        <extensions>
          <ns3:TrackPointExtension>
            <ns3:atemp>31.0</ns3:atemp>
            <ns3:hr>127</ns3:hr>
            <ns3:cad>89</ns3:cad>
          </ns3:TrackPointExtension>
        </extensions>
      </trkpt>
      <trkpt lat="22.6042935065925121307373046875" lon="113.8874244131147861480712890625">
        <ele>17.799999237060546875</ele>
        <time>2026-08-23T12:28:52.000Z</time>
        <extensions>
          <ns3:TrackPointExtension>
            <ns3:atemp>31.0</ns3:atemp>
            <ns3:hr>127</ns3:hr>
            <ns3:cad>90</ns3:cad>
          </ns3:TrackPointExtension>
        </extensions>
      </trkpt>
      <trkpt lat="22.60430750437080860137939453125" lon="113.88744109310209751129150390625">
        <ele>17.799999237060546875</ele>
        <time>2026-08-23T12:28:53.000Z</time>
        <extensions>
          <ns3:TrackPointExtension>
            <ns3:atemp>31.0</ns3:atemp>
            <ns3:hr>127</ns3:hr>
            <ns3:cad>90</ns3:cad>
          </ns3:TrackPointExtension>
        </extensions>
      </trkpt>
      <trkpt lat="22.6043122820556163787841796875" lon="113.887439332902431488037109375">
        <ele>18</ele>
        <time>2026-08-23T12:28:54.000Z</time>
        <extensions>
          <ns3:TrackPointExtension>
            <ns3:atemp>31.0</ns3:atemp>
            <ns3:hr>127</ns3:hr>
            <ns3:cad>87</ns3:cad>
          </ns3:TrackPointExtension>
        </extensions>
      </trkpt>
      <trkpt lat="22.6043173111975193023681640625" lon="113.8874418474733829498291015625">
        <ele>18</ele>
        <time>2026-08-23T12:28:55.000Z</time>
        <extensions>
          <ns3:TrackPointExtension>
            <ns3:atemp>31.0</ns3:atemp>
            <ns3:hr>127</ns3:hr>
            <ns3:cad>86</ns3:cad>
          </ns3:TrackPointExtension>
        </extensions>
      </trkpt>
      <trkpt lat="22.60431890375912189483642578125" lon="113.88743388466536998748779296875">
        <ele>18</ele>
        <time>2026-08-23T12:28:56.000Z</time>
        <extensions>
          <ns3:TrackPointExtension>
            <ns3:atemp>31.0</ns3:atemp>
            <ns3:hr>127</ns3:hr>
            <ns3:cad>85</ns3:cad>
          </ns3:TrackPointExtension>
        </extensions>
      </trkpt>
      <trkpt lat="22.604326196014881134033203125" lon="113.8874250836670398712158203125">
        <ele>18</ele>
        <time>2026-08-23T12:28:57.000Z</time>
        <extensions>
          <ns3:TrackPointExtension>
            <ns3:atemp>31.0</ns3:atemp>
            <ns3:hr>127</ns3:hr>
            <ns3:cad>85</ns3:cad>
          </ns3:TrackPointExtension>
        </extensions>
      </trkpt>
      <trkpt lat="22.60461512021720409393310546875" lon="113.8876000978052616119384765625">
        <ele>17.3999996185302734375</ele>
        <time>2026-08-23T12:30:06.000Z</time>
        <extensions>
          <ns3:TrackPointExtension>
            <ns3:atemp>31.0</ns3:atemp>
            <ns3:hr>113</ns3:hr>
            <ns3:cad>0</ns3:cad>
          </ns3:TrackPointExtension>
        </extensions>
      </trkpt>
      <trkpt lat="22.6046381704509258270263671875" lon="113.88760688714683055877685546875">
        <ele>17.3999996185302734375</ele>
        <time>2026-08-23T12:30:07.000Z</time>
        <extensions>
          <ns3:TrackPointExtension>
            <ns3:atemp>31.0</ns3:atemp>
            <ns3:hr>113</ns3:hr>
            <ns3:cad>0</ns3:cad>
          </ns3:TrackPointExtension>
        </extensions>
      </trkpt>
      <trkpt lat="22.6046582870185375213623046875" lon="113.88762398622930049896240234375">
        <ele>17.200000762939453125</ele>
        <time>2026-08-23T12:30:08.000Z</time>
        <extensions>
          <ns3:TrackPointExtension>
            <ns3:atemp>31.0</ns3:atemp>
            <ns3:hr>112</ns3:hr>
            <ns3:cad>0</ns3:cad>
          </ns3:TrackPointExtension>
        </extensions>
      </trkpt>
      <trkpt lat="22.6046854443848133087158203125" lon="113.88765583746135234832763671875">
        <ele>17.200000762939453125</ele>
        <time>2026-08-23T12:30:09.000Z</time>
        <extensions>
          <ns3:TrackPointExtension>
            <ns3:atemp>31.0</ns3:atemp>
            <ns3:hr>112</ns3:hr>
            <ns3:cad>0</ns3:cad>
          </ns3:TrackPointExtension>
        </extensions>
      </trkpt>
      <trkpt lat="22.6046988554298877716064453125" lon="113.8876882754266262054443359375">
        <ele>17.200000762939453125</ele>
        <time>2026-08-23T12:30:10.000Z</time>
        <extensions>
          <ns3:TrackPointExtension>
            <ns3:atemp>31.0</ns3:atemp>
            <ns3:hr>112</ns3:hr>
            <ns3:cad>0</ns3:cad>
          </ns3:TrackPointExtension>
        </extensions>
      </trkpt>
      <trkpt lat="22.6047226600348949432373046875" lon="113.88771635480225086212158203125">
        <ele>17.200000762939453125</ele>
        <time>2026-08-23T12:30:11.000Z</time>
        <extensions>
          <ns3:TrackPointExtension>
            <ns3:atemp>31.0</ns3:atemp>
            <ns3:hr>112</ns3:hr>
            <ns3:cad>0</ns3:cad>
          </ns3:TrackPointExtension>
        </extensions>
      </trkpt>
      <trkpt lat="22.60475040413439273834228515625" lon="113.88773915357887744903564453125">
        <ele>17.200000762939453125</ele>
        <time>2026-08-23T12:30:12.000Z</time>
        <extensions>
          <ns3:TrackPointExtension>
            <ns3:atemp>31.0</ns3:atemp>
            <ns3:hr>114</ns3:hr>
            <ns3:cad>83</ns3:cad>
          </ns3:TrackPointExtension>
        </extensions>
      </trkpt>
      <trkpt lat="22.6047764718532562255859375" lon="113.88775927014648914337158203125">
        <ele>17.200000762939453125</ele>
        <time>2026-08-23T12:30:13.000Z</time>
        <extensions>
          <ns3:TrackPointExtension>
            <ns3:atemp>31.0</ns3:atemp>
            <ns3:hr>115</ns3:hr>
            <ns3:cad>86</ns3:cad>
          </ns3:TrackPointExtension>
        </extensions>
      </trkpt>
      <trkpt lat="22.60480371303856372833251953125" lon="113.88777804560959339141845703125">
        <ele>17</ele>
        <time>2026-08-23T12:30:14.000Z</time>
        <extensions>
          <ns3:TrackPointExtension>
            <ns3:atemp>31.0</ns3:atemp>
            <ns3:hr>116</ns3:hr>
            <ns3:cad>87</ns3:cad>
          </ns3:TrackPointExtension>
        </extensions>
      </trkpt>
      <trkpt lat="22.60483589954674243927001953125" lon="113.88777988962829113006591796875">
        <ele>17</ele>
        <time>2026-08-23T12:30:15.000Z</time>
        <extensions>
          <ns3:TrackPointExtension>
            <ns3:atemp>31.0</ns3:atemp>
            <ns3:hr>118</ns3:hr>
            <ns3:cad>87</ns3:cad>
          </ns3:TrackPointExtension>
        </extensions>
      </trkpt>
      <trkpt lat="22.60487294755876064300537109375" lon="113.88778022490441799163818359375">
        <ele>17</ele>
        <time>2026-08-23T12:30:16.000Z</time>
        <extensions>
          <ns3:TrackPointExtension>
            <ns3:atemp>31.0</ns3:atemp>
            <ns3:hr>119</ns3:hr>
            <ns3:cad>87</ns3:cad>
          </ns3:TrackPointExtension>
        </extensions>
      </trkpt>
      <trkpt lat="22.60490412823855876922607421875" lon="113.88777972199022769927978515625">
        <ele>17</ele>
        <time>2026-08-23T12:30:17.000Z</time>
        <extensions>
          <ns3:TrackPointExtension>
            <ns3:atemp>31.0</ns3:atemp>
            <ns3:hr>120</ns3:hr>
            <ns3:cad>88</ns3:cad>
          </ns3:TrackPointExtension>
        </extensions>
      </trkpt>
      <trkpt lat="22.60494855232536792755126953125" lon="113.887777291238307952880859375">
        <ele>17</ele>
        <time>2026-08-23T12:30:18.000Z</time>
        <extensions>
          <ns3:TrackPointExtension>
            <ns3:atemp>31.0</ns3:atemp>
            <ns3:hr>121</ns3:hr>
            <ns3:cad>88</ns3:cad>
          </ns3:TrackPointExtension>
        </extensions>
      </trkpt>
      <trkpt lat="22.6049801521003246307373046875" lon="113.88776932843029499053955078125">
        <ele>17</ele>
        <time>2026-08-23T12:30:19.000Z</time>
        <extensions>
          <ns3:TrackPointExtension>
            <ns3:atemp>31.0</ns3:atemp>
            <ns3:hr>122</ns3:hr>
            <ns3:cad>88</ns3:cad>
          </ns3:TrackPointExtension>
        </extensions>
      </trkpt>
      <trkpt lat="22.605022229254245758056640625" lon="113.88775893487036228179931640625">
        <ele>17</ele>
        <time>2026-08-23T12:30:20.000Z</time>
        <extensions>
          <ns3:TrackPointExtension>
            <ns3:atemp>31.0</ns3:atemp>
            <ns3:hr>123</ns3:hr>
            <ns3:cad>89</ns3:cad>
          </ns3:TrackPointExtension>
        </extensions>
      </trkpt>
      <trkpt lat="22.6050512306392192840576171875" lon="113.88774636201560497283935546875">
        <ele>17</ele>
        <time>2026-08-23T12:30:21.000Z</time>
        <extensions>
          <ns3:TrackPointExtension>
            <ns3:atemp>31.0</ns3:atemp>
            <ns3:hr>124</ns3:hr>
            <ns3:cad>88</ns3:cad>
          </ns3:TrackPointExtension>
        </extensions>
      </trkpt>
      <trkpt lat="22.6050928048789501190185546875" lon="113.88773747719824314117431640625">
        <ele>17</ele>
        <time>2026-08-23T12:30:22.000Z</time>
        <extensions>
          <ns3:TrackPointExtension>
            <ns3:atemp>31.0</ns3:atemp>
            <ns3:hr>126</ns3:hr>
            <ns3:cad>89</ns3:cad>
          </ns3:TrackPointExtension>
        </extensions>
      </trkpt>
      <trkpt lat="22.60512323118746280670166015625" lon="113.88772423379123210906982421875">
        <ele>16.799999237060546875</ele>
        <time>2026-08-23T12:30:23.000Z</time>
        <extensions>
          <ns3:TrackPointExtension>
            <ns3:atemp>31.0</ns3:atemp>
            <ns3:hr>128</ns3:hr>
            <ns3:cad>89</ns3:cad>
          </ns3:TrackPointExtension>
        </extensions>
      </trkpt>
      <trkpt lat="22.6051642186939716339111328125" lon="113.88771769590675830841064453125">
        <ele>17</ele>
        <time>2026-08-23T12:30:24.000Z</time>
        <extensions>
          <ns3:TrackPointExtension>
            <ns3:atemp>31.0</ns3:atemp>
            <ns3:hr>129</ns3:hr>
            <ns3:cad>89</ns3:cad>
          </ns3:TrackPointExtension>
        </extensions>
      </trkpt>
      <trkpt lat="22.60519556701183319091796875" lon="113.8877083919942378997802734375">
        <ele>17.200000762939453125</ele>
        <time>2026-08-23T12:30:25.000Z</time>
        <extensions>
          <ns3:TrackPointExtension>
            <ns3:atemp>31.0</ns3:atemp>
            <ns3:hr>131</ns3:hr>
            <ns3:cad>89</ns3:cad>
          </ns3:TrackPointExtension>
        </extensions>
      </trkpt>
      <trkpt lat="22.60523906908929347991943359375" lon="113.887702189385890960693359375">
        <ele>17.200000762939453125</ele>
        <time>2026-08-23T12:30:26.000Z</time>
        <extensions>
          <ns3:TrackPointExtension>
            <ns3:atemp>31.0</ns3:atemp>
            <ns3:hr>133</ns3:hr>
            <ns3:cad>89</ns3:cad>
          </ns3:TrackPointExtension>
        </extensions>
      </trkpt>
      <trkpt lat="22.6052651368081569671630859375" lon="113.8876865990459918975830078125">
        <ele>17.200000762939453125</ele>
        <time>2026-08-23T12:30:27.000Z</time>
        <extensions>
          <ns3:TrackPointExtension>
            <ns3:atemp>31.0</ns3:atemp>
            <ns3:hr>134</ns3:hr>
            <ns3:cad>89</ns3:cad>
          </ns3:TrackPointExtension>
        </extensions>
      </trkpt>
      <trkpt lat="22.60530821979045867919921875" lon="113.8876705057919025421142578125">
        <ele>17.200000762939453125</ele>
        <time>2026-08-23T12:30:28.000Z</time>
        <extensions>
          <ns3:TrackPointExtension>
            <ns3:atemp>31.0</ns3:atemp>
            <ns3:hr>136</ns3:hr>
            <ns3:cad>89</ns3:cad>
          </ns3:TrackPointExtension>
        </extensions>
      </trkpt>
      <trkpt lat="22.60533898137509822845458984375" lon="113.88765885494649410247802734375">
        <ele>17.200000762939453125</ele>
        <time>2026-08-23T12:30:29.000Z</time>
        <extensions>
          <ns3:TrackPointExtension>
            <ns3:atemp>31.0</ns3:atemp>
            <ns3:hr>137</ns3:hr>
            <ns3:cad>89</ns3:cad>
          </ns3:TrackPointExtension>
        </extensions>
      </trkpt>
      <trkpt lat="22.6053667254745960235595703125" lon="113.887656591832637786865234375">
        <ele>17</ele>
        <time>2026-08-23T12:30:30.000Z</time>
        <extensions>
          <ns3:TrackPointExtension>
            <ns3:atemp>31.0</ns3:atemp>
            <ns3:hr>138</ns3:hr>
            <ns3:cad>89</ns3:cad>
          </ns3:TrackPointExtension>
        </extensions>
      </trkpt>
      <trkpt lat="22.6053647138178348541259765625" lon="113.8876711763441562652587890625">
        <ele>17</ele>
        <time>2026-08-23T12:30:31.000Z</time>
        <extensions>
          <ns3:TrackPointExtension>
            <ns3:atemp>31.0</ns3:atemp>
            <ns3:hr>140</ns3:hr>
            <ns3:cad>89</ns3:cad>
          </ns3:TrackPointExtension>
        </extensions>
      </trkpt>
      <trkpt lat="22.60536094196140766143798828125" lon="113.8876748643815517425537109375">
        <ele>17</ele>
        <time>2026-08-23T12:30:32.000Z</time>
        <extensions>
          <ns3:TrackPointExtension>
            <ns3:atemp>31.0</ns3:atemp>
            <ns3:hr>141</ns3:hr>
            <ns3:cad>89</ns3:cad>
          </ns3:TrackPointExtension>
        </extensions>
      </trkpt>
      <trkpt lat="22.605343423783779144287109375" lon="113.88767930679023265838623046875">
        <ele>16.799999237060546875</ele>
        <time>2026-08-23T12:30:33.000Z</time>
        <extensions>
          <ns3:TrackPointExtension>
            <ns3:atemp>31.0</ns3:atemp>
            <ns3:hr>143</ns3:hr>
            <ns3:cad>89</ns3:cad>
          </ns3:TrackPointExtension>
        </extensions>
      </trkpt>
      <trkpt lat="22.60530897416174411773681640625" lon="113.88768416829407215118408203125">
        <ele>16.799999237060546875</ele>
        <time>2026-08-23T12:30:34.000Z</time>
        <extensions>
          <ns3:TrackPointExtension>
            <ns3:atemp>31.0</ns3:atemp>
            <ns3:hr>144</ns3:hr>
            <ns3:cad>86</ns3:cad>
          </ns3:TrackPointExtension>
        </extensions>
      </trkpt>
      <trkpt lat="22.60527980513870716094970703125" lon="113.88769925571978092193603515625">
        <ele>17</ele>
        <time>2026-08-23T12:30:35.000Z</time>
        <extensions>
          <ns3:TrackPointExtension>
            <ns3:atemp>31.0</ns3:atemp>
            <ns3:hr>144</ns3:hr>
            <ns3:cad>86</ns3:cad>
          </ns3:TrackPointExtension>
        </extensions>
      </trkpt>
      <trkpt lat="22.6052351295948028564453125" lon="113.8877100683748722076416015625">
        <ele>17</ele>
        <time>2026-08-23T12:30:36.000Z</time>
        <extensions>
          <ns3:TrackPointExtension>
            <ns3:atemp>31.0</ns3:atemp>
            <ns3:hr>144</ns3:hr>
            <ns3:cad>86</ns3:cad>
          </ns3:TrackPointExtension>
        </extensions>
      </trkpt>
      <trkpt lat="22.60519699193537235260009765625" lon="113.88772138394415378570556640625">
        <ele>17</ele>
        <time>2026-08-23T12:30:37.000Z</time>
        <extensions>
          <ns3:TrackPointExtension>
            <ns3:atemp>31.0</ns3:atemp>
            <ns3:hr>145</ns3:hr>
            <ns3:cad>86</ns3:cad>
          </ns3:TrackPointExtension>
        </extensions>
      </trkpt>
      <trkpt lat="22.605159692466259002685546875" lon="113.8877305202186107635498046875">
        <ele>17</ele>
        <time>2026-08-23T12:30:38.000Z</time>
        <extensions>
          <ns3:TrackPointExtension>
            <ns3:atemp>31.0</ns3:atemp>
            <ns3:hr>145</ns3:hr>
            <ns3:cad>86</ns3:cad>
          </ns3:TrackPointExtension>
        </extensions>
      </trkpt>
      <trkpt lat="22.60512339882552623748779296875" lon="113.88774166814982891082763671875">
        <ele>17</ele>
        <time>2026-08-23T12:30:39.000Z</time>
        <extensions>
          <ns3:TrackPointExtension>
            <ns3:atemp>31.0</ns3:atemp>
            <ns3:hr>146</ns3:hr>
            <ns3:cad>87</ns3:cad>
          </ns3:TrackPointExtension>
        </extensions>
      </trkpt>
      <trkpt lat="22.605091296136379241943359375" lon="113.88776564039289951324462890625">
        <ele>17.200000762939453125</ele>
        <time>2026-08-23T12:30:40.000Z</time>
        <extensions>
          <ns3:TrackPointExtension>
            <ns3:atemp>31.0</ns3:atemp>
            <ns3:hr>147</ns3:hr>
            <ns3:cad>87</ns3:cad>
          </ns3:TrackPointExtension>
        </extensions>
      </trkpt>
      <trkpt lat="22.60504930280148983001708984375" lon="113.8877789676189422607421875">
        <ele>17.200000762939453125</ele>
        <time>2026-08-23T12:30:41.000Z</time>
        <extensions>
          <ns3:TrackPointExtension>
            <ns3:atemp>31.0</ns3:atemp>
            <ns3:hr>149</ns3:hr>
            <ns3:cad>87</ns3:cad>
          </ns3:TrackPointExtension>
        </extensions>
      </trkpt>
      <trkpt lat="22.60501585900783538818359375" lon="113.88779573142528533935546875">
        <ele>17.3999996185302734375</ele>
        <time>2026-08-23T12:30:42.000Z</time>
        <extensions>
          <ns3:TrackPointExtension>
            <ns3:atemp>31.0</ns3:atemp>
            <ns3:hr>150</ns3:hr>
            <ns3:cad>88</ns3:cad>
          </ns3:TrackPointExtension>
        </extensions>
      </trkpt>
      <trkpt lat="22.60497805662453174591064453125" lon="113.88780511915683746337890625">
        <ele>17.3999996185302734375</ele>
        <time>2026-08-23T12:30:43.000Z</time>
        <extensions>
          <ns3:TrackPointExtension>
            <ns3:atemp>31.0</ns3:atemp>
            <ns3:hr>151</ns3:hr>
            <ns3:cad>87</ns3:cad>
          </ns3:TrackPointExtension>
        </extensions>
      </trkpt>
      <trkpt lat="22.60494905523955821990966796875" lon="113.88781073503196239471435546875">
        <ele>17.3999996185302734375</ele>
        <time>2026-08-23T12:30:44.000Z</time>
        <extensions>
          <ns3:TrackPointExtension>
            <ns3:atemp>31.0</ns3:atemp>
            <ns3:hr>152</ns3:hr>
            <ns3:cad>88</ns3:cad>
          </ns3:TrackPointExtension>
        </extensions>
      </trkpt>
      <trkpt lat="22.60490245185792446136474609375" lon="113.88781861402094364166259765625">
        <ele>17.200000762939453125</ele>
        <time>2026-08-23T12:30:45.000Z</time>
        <extensions>
          <ns3:TrackPointExtension>
            <ns3:atemp>31.0</ns3:atemp>
            <ns3:hr>152</ns3:hr>
            <ns3:cad>88</ns3:cad>
          </ns3:TrackPointExtension>
        </extensions>
      </trkpt>
      <trkpt lat="22.6048614643514156341552734375" lon="113.8878220506012439727783203125">
        <ele>17.200000762939453125</ele>
        <time>2026-08-23T12:30:46.000Z</time>
        <extensions>
          <ns3:TrackPointExtension>
            <ns3:atemp>31.0</ns3:atemp>
            <ns3:hr>153</ns3:hr>
            <ns3:cad>88</ns3:cad>
          </ns3:TrackPointExtension>
        </extensions>
      </trkpt>
      <trkpt lat="22.60480932891368865966796875" lon="113.88781844638288021087646484375">
        <ele>17.200000762939453125</ele>
        <time>2026-08-23T12:30:47.000Z</time>
        <extensions>
          <ns3:TrackPointExtension>
            <ns3:atemp>31.0</ns3:atemp>
            <ns3:hr>153</ns3:hr>
            <ns3:cad>88</ns3:cad>
          </ns3:TrackPointExtension>
        </extensions>
      </trkpt>
      <trkpt lat="22.6047712750732898712158203125" lon="113.88781459070742130279541015625">
        <ele>17.200000762939453125</ele>
        <time>2026-08-23T12:30:48.000Z</time>
        <extensions>
          <ns3:TrackPointExtension>
            <ns3:atemp>31.0</ns3:atemp>
            <ns3:hr>155</ns3:hr>
            <ns3:cad>88</ns3:cad>
          </ns3:TrackPointExtension>
        </extensions>
      </trkpt>
      <trkpt lat="22.60472928173840045928955078125" lon="113.88781174086034297943115234375">
        <ele>17.200000762939453125</ele>
        <time>2026-08-23T12:30:49.000Z</time>
        <extensions>
          <ns3:TrackPointExtension>
            <ns3:atemp>31.0</ns3:atemp>
            <ns3:hr>156</ns3:hr>
            <ns3:cad>88</ns3:cad>
          </ns3:TrackPointExtension>
        </extensions>
      </trkpt>
      <trkpt lat="22.6047062315046787261962890625" lon="113.8878173567354679107666015625">
        <ele>17.200000762939453125</ele>
        <time>2026-08-23T12:30:50.000Z</time>
        <extensions>
          <ns3:TrackPointExtension>
            <ns3:atemp>31.0</ns3:atemp>
            <ns3:hr>157</ns3:hr>
            <ns3:cad>88</ns3:cad>
          </ns3:TrackPointExtension>
        </extensions>
      </trkpt>
      <trkpt lat="22.6046877913177013397216796875" lon="113.88784325681626796722412109375">
        <ele>17.200000762939453125</ele>
        <time>2026-08-23T12:30:51.000Z</time>
        <extensions>
          <ns3:TrackPointExtension>
            <ns3:atemp>31.0</ns3:atemp>
            <ns3:hr>158</ns3:hr>
            <ns3:cad>88</ns3:cad>
          </ns3:TrackPointExtension>
        </extensions>
      </trkpt>
      <trkpt lat="22.60467111133038997650146484375" lon="113.8878642953932285308837890625">
        <ele>17.200000762939453125</ele>
        <time>2026-08-23T12:30:52.000Z</time>
        <extensions>
          <ns3:TrackPointExtension>
            <ns3:atemp>31.0</ns3:atemp>
            <ns3:hr>159</ns3:hr>
            <ns3:cad>88</ns3:cad>
          </ns3:TrackPointExtension>
        </extensions>
      </trkpt>
      <trkpt lat="22.60466583073139190673828125" lon="113.88787577860057353973388671875">
        <ele>17.200000762939453125</ele>
        <time>2026-08-23T12:30:53.000Z</time>
        <extensions>
          <ns3:TrackPointExtension>
            <ns3:atemp>31.0</ns3:atemp>
            <ns3:hr>159</ns3:hr>
            <ns3:cad>88</ns3:cad>
          </ns3:TrackPointExtension>
        </extensions>
      </trkpt>
      <trkpt lat="22.60465417988598346710205078125" lon="113.887879215180873870849609375">
        <ele>17.200000762939453125</ele>
        <time>2026-08-23T12:30:54.000Z</time>
        <extensions>
          <ns3:TrackPointExtension>
            <ns3:atemp>31.0</ns3:atemp>
            <ns3:hr>159</ns3:hr>
            <ns3:cad>88</ns3:cad>
          </ns3:TrackPointExtension>
        </extensions>
      </trkpt>
      <trkpt lat="22.604624591767787933349609375" lon="113.88802531175315380096435546875">
        <ele>11.6000003814697265625</ele>
        <time>2026-08-23T12:51:06.000Z</time>
        <extensions>
          <ns3:TrackPointExtension>
            <ns3:atemp>32.0</ns3:atemp>
            <ns3:hr>77</ns3:hr>
            <ns3:cad>0</ns3:cad>
          </ns3:TrackPointExtension>
        </extensions>
      </trkpt>
      <trkpt lat="22.60463456623256206512451171875" lon="113.8880671374499797821044921875">
        <ele>11.80000019073486328125</ele>
        <time>2026-08-23T12:51:07.000Z</time>
        <extensions>
          <ns3:TrackPointExtension>
            <ns3:atemp>32.0</ns3:atemp>
            <ns3:hr>78</ns3:hr>
            <ns3:cad>0</ns3:cad>
          </ns3:TrackPointExtension>
        </extensions>
      </trkpt>
      <trkpt lat="22.60462199337780475616455078125" lon="113.8881174288690090179443359375">
        <ele>11.80000019073486328125</ele>
        <time>2026-08-23T12:51:08.000Z</time>
        <extensions>
          <ns3:TrackPointExtension>
            <ns3:atemp>32.0</ns3:atemp>
            <ns3:hr>78</ns3:hr>
            <ns3:cad>0</ns3:cad>
          </ns3:TrackPointExtension>
        </extensions>
      </trkpt>
      <trkpt lat="22.6045942492783069610595703125" lon="113.888120613992214202880859375">
        <ele>12</ele>
        <time>2026-08-23T12:51:09.000Z</time>
        <extensions>
          <ns3:TrackPointExtension>
            <ns3:atemp>32.0</ns3:atemp>
            <ns3:hr>79</ns3:hr>
            <ns3:cad>0</ns3:cad>
          </ns3:TrackPointExtension>
        </extensions>
      </trkpt>
      <trkpt lat="22.60455988347530364990234375" lon="113.88814148493111133575439453125">
        <ele>12</ele>
        <time>2026-08-23T12:51:10.000Z</time>
        <extensions>
          <ns3:TrackPointExtension>
            <ns3:atemp>32.0</ns3:atemp>
            <ns3:hr>79</ns3:hr>
            <ns3:cad>0</ns3:cad>
          </ns3:TrackPointExtension>
        </extensions>
      </trkpt>
      <trkpt lat="22.6045429520308971405029296875" lon="113.88814735226333141326904296875">
        <ele>11.80000019073486328125</ele>
        <time>2026-08-23T12:51:11.000Z</time>
        <extensions>
          <ns3:TrackPointExtension>
            <ns3:atemp>32.0</ns3:atemp>
            <ns3:hr>80</ns3:hr>
            <ns3:cad>0</ns3:cad>
          </ns3:TrackPointExtension>
        </extensions>
      </trkpt>
      <trkpt lat="22.6045161299407482147216796875" lon="113.8881442509591579437255859375">
        <ele>11.80000019073486328125</ele>
        <time>2026-08-23T12:51:12.000Z</time>
        <extensions>
          <ns3:TrackPointExtension>
            <ns3:atemp>32.0</ns3:atemp>
            <ns3:hr>80</ns3:hr>
            <ns3:cad>0</ns3:cad>
          </ns3:TrackPointExtension>
        </extensions>
      </trkpt>
      <trkpt lat="22.6044862903654575347900390625" lon="113.88815137557685375213623046875">
        <ele>11.80000019073486328125</ele>
        <time>2026-08-23T12:51:13.000Z</time>
        <extensions>
          <ns3:TrackPointExtension>
            <ns3:atemp>32.0</ns3:atemp>
            <ns3:hr>81</ns3:hr>
            <ns3:cad>87</ns3:cad>
          </ns3:TrackPointExtension>
        </extensions>
      </trkpt>
      <trkpt lat="22.60445603169500827789306640625" lon="113.8881625235080718994140625">
        <ele>11.6000003814697265625</ele>
        <time>2026-08-23T12:51:14.000Z</time>
        <extensions>
          <ns3:TrackPointExtension>
            <ns3:atemp>32.0</ns3:atemp>
            <ns3:hr>82</ns3:hr>
            <ns3:cad>87</ns3:cad>
          </ns3:TrackPointExtension>
        </extensions>
      </trkpt>
      <trkpt lat="22.60442585684359073638916015625" lon="113.888179957866668701171875">
        <ele>11.6000003814697265625</ele>
        <time>2026-08-23T12:51:15.000Z</time>
        <extensions>
          <ns3:TrackPointExtension>
            <ns3:atemp>32.0</ns3:atemp>
            <ns3:hr>84</ns3:hr>
            <ns3:cad>87</ns3:cad>
          </ns3:TrackPointExtension>
        </extensions>
      </trkpt>
      <trkpt lat="22.60440020821988582611083984375" lon="113.8882012479007244110107421875">
        <ele>11.3999996185302734375</ele>
        <time>2026-08-23T12:51:16.000Z</time>
        <extensions>
          <ns3:TrackPointExtension>
            <ns3:atemp>31.0</ns3:atemp>
            <ns3:hr>86</ns3:hr>
            <ns3:cad>87</ns3:cad>
          </ns3:TrackPointExtension>
        </extensions>
      </trkpt>
      <trkpt lat="22.604366429150104522705078125" lon="113.888229243457317352294921875">
        <ele>9.3999996185302734375</ele>
        <time>2026-08-23T12:51:17.000Z</time>
        <extensions>
          <ns3:TrackPointExtension>
            <ns3:atemp>32.0</ns3:atemp>
            <ns3:hr>87</ns3:hr>
            <ns3:cad>87</ns3:cad>
          </ns3:TrackPointExtension>
        </extensions>
      </trkpt>
      <trkpt lat="22.60434991680085659027099609375" lon="113.888251371681690216064453125">
        <ele>8.19999980926513671875</ele>
        <time>2026-08-23T12:51:18.000Z</time>
        <extensions>
          <ns3:TrackPointExtension>
            <ns3:atemp>32.0</ns3:atemp>
            <ns3:hr>88</ns3:hr>
            <ns3:cad>87</ns3:cad>
          </ns3:TrackPointExtension>
        </extensions>
      </trkpt>
      <trkpt lat="22.6043364219367504119873046875" lon="113.88827995397150516510009765625">
        <ele>7.599999904632568359375</ele>
        <time>2026-08-23T12:51:19.000Z</time>
        <extensions>
          <ns3:TrackPointExtension>
            <ns3:atemp>31.0</ns3:atemp>
            <ns3:hr>89</ns3:hr>
            <ns3:cad>86</ns3:cad>
          </ns3:TrackPointExtension>
        </extensions>
      </trkpt>
      <trkpt lat="22.60433457791805267333984375" lon="113.8883055187761783599853515625">
        <ele>7.400000095367431640625</ele>
        <time>2026-08-23T12:51:20.000Z</time>
        <extensions>
          <ns3:TrackPointExtension>
            <ns3:atemp>31.0</ns3:atemp>
            <ns3:hr>90</ns3:hr>
            <ns3:cad>85</ns3:cad>
          </ns3:TrackPointExtension>
        </extensions>
      </trkpt>
      <trkpt lat="22.60433851741254329681396484375" lon="113.88832471333444118499755859375">
        <ele>6.599999904632568359375</ele>
        <time>2026-08-23T12:51:21.000Z</time>
        <extensions>
          <ns3:TrackPointExtension>
            <ns3:atemp>31.0</ns3:atemp>
            <ns3:hr>91</ns3:hr>
            <ns3:cad>85</ns3:cad>
          </ns3:TrackPointExtension>
        </extensions>
      </trkpt>
      <trkpt lat="22.60433885268867015838623046875" lon="113.88836276717483997344970703125">
        <ele>6.19999980926513671875</ele>
        <time>2026-08-23T12:51:22.000Z</time>
        <extensions>
          <ns3:TrackPointExtension>
            <ns3:atemp>31.0</ns3:atemp>
            <ns3:hr>93</ns3:hr>
            <ns3:cad>85</ns3:cad>
          </ns3:TrackPointExtension>
        </extensions>
      </trkpt>
      <trkpt lat="22.60433432646095752716064453125" lon="113.88838942162692546844482421875">
        <ele>5.599999904632568359375</ele>
        <time>2026-08-23T12:51:23.000Z</time>
        <extensions>
          <ns3:TrackPointExtension>
            <ns3:atemp>31.0</ns3:atemp>
            <ns3:hr>94</ns3:hr>
            <ns3:cad>85</ns3:cad>
          </ns3:TrackPointExtension>
        </extensions>
      </trkpt>
      <trkpt lat="22.60432728566229343414306640625" lon="113.8884295709431171417236328125">
        <ele>5.19999980926513671875</ele>
        <time>2026-08-23T12:51:24.000Z</time>
        <extensions>
          <ns3:TrackPointExtension>
            <ns3:atemp>31.0</ns3:atemp>
            <ns3:hr>95</ns3:hr>
            <ns3:cad>85</ns3:cad>
          </ns3:TrackPointExtension>
        </extensions>
      </trkpt>
      <trkpt lat="22.604318819940090179443359375" lon="113.888458572328090667724609375">
        <ele>4.400000095367431640625</ele>
        <time>2026-08-23T12:51:25.000Z</time>
        <extensions>
          <ns3:TrackPointExtension>
            <ns3:atemp>31.0</ns3:atemp>
            <ns3:hr>96</ns3:hr>
            <ns3:cad>85</ns3:cad>
          </ns3:TrackPointExtension>
        </extensions>
      </trkpt>
      <trkpt lat="22.60430951602756977081298828125" lon="113.8884870707988739013671875">
        <ele>3.599999904632568359375</ele>
        <time>2026-08-23T12:51:26.000Z</time>
        <extensions>
          <ns3:TrackPointExtension>
            <ns3:atemp>31.0</ns3:atemp>
            <ns3:hr>97</ns3:hr>
            <ns3:cad>85</ns3:cad>
          </ns3:TrackPointExtension>
        </extensions>
      </trkpt>
      <trkpt lat="22.60429929010570049285888671875" lon="113.8885123841464519500732421875">
        <ele>3.400000095367431640625</ele>
        <time>2026-08-23T12:51:27.000Z</time>
        <extensions>
          <ns3:TrackPointExtension>
            <ns3:atemp>31.0</ns3:atemp>
            <ns3:hr>99</ns3:hr>
            <ns3:cad>85</ns3:cad>
          </ns3:TrackPointExtension>
        </extensions>
      </trkpt>
      <trkpt lat="22.6042948476970195770263671875" lon="113.8885311596095561981201171875">
        <ele>3.2000000476837158203125</ele>
        <time>2026-08-23T12:51:28.000Z</time>
        <extensions>
          <ns3:TrackPointExtension>
            <ns3:atemp>31.0</ns3:atemp>
            <ns3:hr>100</ns3:hr>
            <ns3:cad>85</ns3:cad>
          </ns3:TrackPointExtension>
        </extensions>
      </trkpt>
      <trkpt lat="22.60428420267999172210693359375" lon="113.88856208883225917816162109375">
        <ele>3.400000095367431640625</ele>
        <time>2026-08-23T12:51:29.000Z</time>
        <extensions>
          <ns3:TrackPointExtension>
            <ns3:atemp>31.0</ns3:atemp>
            <ns3:hr>101</ns3:hr>
            <ns3:cad>85</ns3:cad>
          </ns3:TrackPointExtension>
        </extensions>
      </trkpt>
      <trkpt lat="22.6042750664055347442626953125" lon="113.88857332058250904083251953125">
        <ele>3.7999999523162841796875</ele>
        <time>2026-08-23T12:51:30.000Z</time>
        <extensions>
          <ns3:TrackPointExtension>
            <ns3:atemp>31.0</ns3:atemp>
            <ns3:hr>102</ns3:hr>
            <ns3:cad>85</ns3:cad>
          </ns3:TrackPointExtension>
        </extensions>
      </trkpt>
      <trkpt lat="22.60426173917949199676513671875" lon="113.8885811157524585723876953125">
        <ele>4</ele>
        <time>2026-08-23T12:51:31.000Z</time>
        <extensions>
          <ns3:TrackPointExtension>
            <ns3:atemp>31.0</ns3:atemp>
            <ns3:hr>103</ns3:hr>
            <ns3:cad>85</ns3:cad>
          </ns3:TrackPointExtension>
        </extensions>
      </trkpt>
      <trkpt lat="22.604249417781829833984375" lon="113.88859368860721588134765625">
        <ele>5.400000095367431640625</ele>
        <time>2026-08-23T12:51:32.000Z</time>
        <extensions>
          <ns3:TrackPointExtension>
            <ns3:atemp>31.0</ns3:atemp>
            <ns3:hr>104</ns3:hr>
            <ns3:cad>85</ns3:cad>
          </ns3:TrackPointExtension>
        </extensions>
      </trkpt>
      <trkpt lat="22.60423533618450164794921875" lon="113.88858698308467864990234375">
        <ele>6.599999904632568359375</ele>
        <time>2026-08-23T12:51:33.000Z</time>
        <extensions>
          <ns3:TrackPointExtension>
            <ns3:atemp>31.0</ns3:atemp>
            <ns3:hr>105</ns3:hr>
            <ns3:cad>84</ns3:cad>
          </ns3:TrackPointExtension>
        </extensions>
      </trkpt>
      <trkpt lat="22.6042167283594608306884765625" lon="113.8885782659053802490234375">
        <ele>7</ele>
        <time>2026-08-23T12:51:34.000Z</time>
        <extensions>
          <ns3:TrackPointExtension>
            <ns3:atemp>31.0</ns3:atemp>
            <ns3:hr>106</ns3:hr>
            <ns3:cad>84</ns3:cad>
          </ns3:TrackPointExtension>
        </extensions>
      </trkpt>
      <trkpt lat="22.6041862182319164276123046875" lon="113.8885680399835109710693359375">
        <ele>7</ele>
        <time>2026-08-23T12:51:35.000Z</time>
        <extensions>
          <ns3:TrackPointExtension>
            <ns3:atemp>31.0</ns3:atemp>
            <ns3:hr>106</ns3:hr>
            <ns3:cad>84</ns3:cad>
          </ns3:TrackPointExtension>
        </extensions>
      </trkpt>
      <trkpt lat="22.60415830649435520172119140625" lon="113.88857013545930385589599609375">
        <ele>7.19999980926513671875</ele>
        <time>2026-08-23T12:51:36.000Z</time>
        <extensions>
          <ns3:TrackPointExtension>
            <ns3:atemp>31.0</ns3:atemp>
            <ns3:hr>107</ns3:hr>
            <ns3:cad>84</ns3:cad>
          </ns3:TrackPointExtension>
        </extensions>
      </trkpt>
      <trkpt lat="22.60413131676614284515380859375" lon="113.88858287595212459564208984375">
        <ele>7.400000095367431640625</ele>
        <time>2026-08-23T12:51:37.000Z</time>
        <extensions>
          <ns3:TrackPointExtension>
            <ns3:atemp>31.0</ns3:atemp>
            <ns3:hr>107</ns3:hr>
            <ns3:cad>81</ns3:cad>
          </ns3:TrackPointExtension>
        </extensions>
      </trkpt>
      <trkpt lat="22.604119665920734405517578125" lon="113.888592012226581573486328125">
        <ele>7.599999904632568359375</ele>
        <time>2026-08-23T12:51:38.000Z</time>
        <extensions>
          <ns3:TrackPointExtension>
            <ns3:atemp>31.0</ns3:atemp>
            <ns3:hr>108</ns3:hr>
            <ns3:cad>79</ns3:cad>
          </ns3:TrackPointExtension>
        </extensions>
      </trkpt>
      <trkpt lat="22.60410533286631107330322265625" lon="113.88860651291906833648681640625">
        <ele>7.400000095367431640625</ele>
        <time>2026-08-23T12:51:39.000Z</time>
        <extensions>
          <ns3:TrackPointExtension>
            <ns3:atemp>31.0</ns3:atemp>
            <ns3:hr>110</ns3:hr>
            <ns3:cad>79</ns3:cad>
          </ns3:TrackPointExtension>
        </extensions>
      </trkpt>
      <trkpt lat="22.60408974252641201019287109375" lon="113.88862294144928455352783203125">
        <ele>7</ele>
        <time>2026-08-23T12:51:40.000Z</time>
        <extensions>
          <ns3:TrackPointExtension>
            <ns3:atemp>31.0</ns3:atemp>
            <ns3:hr>111</ns3:hr>
            <ns3:cad>81</ns3:cad>
          </ns3:TrackPointExtension>
        </extensions>
      </trkpt>
      <trkpt lat="22.6040732301771640777587890625" lon="113.88864154927432537078857421875">
        <ele>6.400000095367431640625</ele>
        <time>2026-08-23T12:51:41.000Z</time>
        <extensions>
          <ns3:TrackPointExtension>
            <ns3:atemp>31.0</ns3:atemp>
            <ns3:hr>112</ns3:hr>
            <ns3:cad>81</ns3:cad>
          </ns3:TrackPointExtension>
        </extensions>
      </trkpt>
      <trkpt lat="22.60406090877950191497802734375" lon="113.888657726347446441650390625">
        <ele>5.80000019073486328125</ele>
        <time>2026-08-23T12:51:42.000Z</time>
        <extensions>
          <ns3:TrackPointExtension>
            <ns3:atemp>31.0</ns3:atemp>
            <ns3:hr>112</ns3:hr>
            <ns3:cad>83</ns3:cad>
          </ns3:TrackPointExtension>
        </extensions>
      </trkpt>
      <trkpt lat="22.60405252687633037567138671875" lon="113.8886816985905170440673828125">
        <ele>5.599999904632568359375</ele>
        <time>2026-08-23T12:51:43.000Z</time>
        <extensions>
          <ns3:TrackPointExtension>
            <ns3:atemp>31.0</ns3:atemp>
            <ns3:hr>113</ns3:hr>
            <ns3:cad>83</ns3:cad>
          </ns3:TrackPointExtension>
        </extensions>
      </trkpt>
      <trkpt lat="22.60404431261122226715087890625" lon="113.88870106078684329986572265625">
        <ele>4.599999904632568359375</ele>
        <time>2026-08-23T12:51:44.000Z</time>
        <extensions>
          <ns3:TrackPointExtension>
            <ns3:atemp>31.0</ns3:atemp>
            <ns3:hr>113</ns3:hr>
            <ns3:cad>83</ns3:cad>
          </ns3:TrackPointExtension>
        </extensions>
      </trkpt>
      <trkpt lat="22.60403593070805072784423828125" lon="113.88872788287699222564697265625">
        <ele>4.19999980926513671875</ele>
        <time>2026-08-23T12:51:45.000Z</time>
        <extensions>
          <ns3:TrackPointExtension>
            <ns3:atemp>31.0</ns3:atemp>
            <ns3:hr>114</ns3:hr>
            <ns3:cad>83</ns3:cad>
          </ns3:TrackPointExtension>
        </extensions>
      </trkpt>
      <trkpt lat="22.60402075946331024169921875" lon="113.888753615319728851318359375">
        <ele>4</ele>
        <time>2026-08-23T12:51:46.000Z</time>
        <extensions>
          <ns3:TrackPointExtension>
            <ns3:atemp>31.0</ns3:atemp>
            <ns3:hr>114</ns3:hr>
            <ns3:cad>83</ns3:cad>
          </ns3:TrackPointExtension>
        </extensions>
      </trkpt>
      <trkpt lat="22.60401162318885326385498046875" lon="113.8887775875627994537353515625">
        <ele>3.7999999523162841796875</ele>
        <time>2026-08-23T12:51:47.000Z</time>
        <extensions>
          <ns3:TrackPointExtension>
            <ns3:atemp>31.0</ns3:atemp>
            <ns3:hr>114</ns3:hr>
            <ns3:cad>84</ns3:cad>
          </ns3:TrackPointExtension>
        </extensions>
      </trkpt>
      <trkpt lat="22.60399016551673412322998046875" lon="113.888807594776153564453125">
        <ele>4</ele>
        <time>2026-08-23T12:51:48.000Z</time>
        <extensions>
          <ns3:TrackPointExtension>
            <ns3:atemp>31.0</ns3:atemp>
            <ns3:hr>115</ns3:hr>
            <ns3:cad>84</ns3:cad>
          </ns3:TrackPointExtension>
        </extensions>
      </trkpt>
      <trkpt lat="22.6039766706526279449462890625" lon="113.888828717172145843505859375">
        <ele>4.19999980926513671875</ele>
        <time>2026-08-23T12:51:49.000Z</time>
        <extensions>
          <ns3:TrackPointExtension>
            <ns3:atemp>31.0</ns3:atemp>
            <ns3:hr>115</ns3:hr>
            <ns3:cad>84</ns3:cad>
          </ns3:TrackPointExtension>
        </extensions>
      </trkpt>
      <trkpt lat="22.6039555482566356658935546875" lon="113.88885579071938991546630859375">
        <ele>4.400000095367431640625</ele>
        <time>2026-08-23T12:51:50.000Z</time>
        <extensions>
          <ns3:TrackPointExtension>
            <ns3:atemp>31.0</ns3:atemp>
            <ns3:hr>116</ns3:hr>
            <ns3:cad>84</ns3:cad>
          </ns3:TrackPointExtension>
        </extensions>
      </trkpt>
      <trkpt lat="22.603947333991527557373046875" lon="113.88887657783925533294677734375">
        <ele>4.599999904632568359375</ele>
        <time>2026-08-23T12:51:51.000Z</time>
        <extensions>
          <ns3:TrackPointExtension>
            <ns3:atemp>31.0</ns3:atemp>
            <ns3:hr>117</ns3:hr>
            <ns3:cad>84</ns3:cad>
          </ns3:TrackPointExtension>
        </extensions>
      </trkpt>
      <trkpt lat="22.6039367727935314178466796875" lon="113.888897784054279327392578125">
        <ele>4.599999904632568359375</ele>
        <time>2026-08-23T12:51:52.000Z</time>
        <extensions>
          <ns3:TrackPointExtension>
            <ns3:atemp>31.0</ns3:atemp>
            <ns3:hr>118</ns3:hr>
            <ns3:cad>84</ns3:cad>
          </ns3:TrackPointExtension>
        </extensions>
      </trkpt>
      <trkpt lat="22.603919841349124908447265625" lon="113.88892536051571369171142578125">
        <ele>4.599999904632568359375</ele>
        <time>2026-08-23T12:51:53.000Z</time>
        <extensions>
          <ns3:TrackPointExtension>
            <ns3:atemp>31.0</ns3:atemp>
            <ns3:hr>118</ns3:hr>
            <ns3:cad>84</ns3:cad>
          </ns3:TrackPointExtension>
        </extensions>
      </trkpt>
      <trkpt lat="22.60390886105597019195556640625" lon="113.88894195668399333953857421875">
        <ele>4.400000095367431640625</ele>
        <time>2026-08-23T12:51:54.000Z</time>
        <extensions>
          <ns3:TrackPointExtension>
            <ns3:atemp>31.0</ns3:atemp>
            <ns3:hr>119</ns3:hr>
            <ns3:cad>84</ns3:cad>
          </ns3:TrackPointExtension>
        </extensions>
      </trkpt>
      <trkpt lat="22.6038992218673229217529296875" lon="113.8889686949551105499267578125">
        <ele>4</ele>
        <time>2026-08-23T12:51:55.000Z</time>
        <extensions>
          <ns3:TrackPointExtension>
            <ns3:atemp>31.0</ns3:atemp>
            <ns3:hr>119</ns3:hr>
            <ns3:cad>84</ns3:cad>
          </ns3:TrackPointExtension>
        </extensions>
      </trkpt>
      <trkpt lat="22.60389109142124652862548828125" lon="113.88899601995944976806640625">
        <ele>3.400000095367431640625</ele>
        <time>2026-08-23T12:51:56.000Z</time>
        <extensions>
          <ns3:TrackPointExtension>
            <ns3:atemp>31.0</ns3:atemp>
            <ns3:hr>119</ns3:hr>
            <ns3:cad>84</ns3:cad>
          </ns3:TrackPointExtension>
        </extensions>
      </trkpt>
      <trkpt lat="22.6038858108222484588623046875" lon="113.889015130698680877685546875">
        <ele>2.7999999523162841796875</ele>
        <time>2026-08-23T12:51:57.000Z</time>
        <extensions>
          <ns3:TrackPointExtension>
            <ns3:atemp>31.0</ns3:atemp>
            <ns3:hr>120</ns3:hr>
            <ns3:cad>83</ns3:cad>
          </ns3:TrackPointExtension>
        </extensions>
      </trkpt>
      <trkpt lat="22.6038752496242523193359375" lon="113.889045976102352142333984375">
        <ele>2</ele>
        <time>2026-08-23T12:51:58.000Z</time>
        <extensions>
          <ns3:TrackPointExtension>
            <ns3:atemp>31.0</ns3:atemp>
            <ns3:hr>120</ns3:hr>
            <ns3:cad>83</ns3:cad>
          </ns3:TrackPointExtension>
        </extensions>
      </trkpt>
      <trkpt lat="22.603865526616573333740234375" lon="113.88907221145927906036376953125">
        <ele>1.39999997615814208984375</ele>
        <time>2026-08-23T12:51:59.000Z</time>
        <extensions>
          <ns3:TrackPointExtension>
            <ns3:atemp>31.0</ns3:atemp>
            <ns3:hr>120</ns3:hr>
            <ns3:cad>83</ns3:cad>
          </ns3:TrackPointExtension>
        </extensions>
      </trkpt>
      <trkpt lat="22.60386326350271701812744140625" lon="113.88908897526562213897705078125">
        <ele>0.4000000059604644775390625</ele>
        <time>2026-08-23T12:52:00.000Z</time>
        <extensions>
          <ns3:TrackPointExtension>
            <ns3:atemp>31.0</ns3:atemp>
            <ns3:hr>120</ns3:hr>
            <ns3:cad>83</ns3:cad>
          </ns3:TrackPointExtension>
        </extensions>
      </trkpt>
      <trkpt lat="22.60385035537183284759521484375" lon="113.889118395745754241943359375">
        <ele>0.20000000298023223876953125</ele>
        <time>2026-08-23T12:52:01.000Z</time>
        <extensions>
          <ns3:TrackPointExtension>
            <ns3:atemp>31.0</ns3:atemp>
            <ns3:hr>121</ns3:hr>
            <ns3:cad>83</ns3:cad>
          </ns3:TrackPointExtension>
        </extensions>
      </trkpt>
      <trkpt lat="22.6038376986980438232421875" lon="113.889139853417873382568359375">
        <ele>0</ele>
        <time>2026-08-23T12:52:02.000Z</time>
        <extensions>
          <ns3:TrackPointExtension>
            <ns3:atemp>31.0</ns3:atemp>
            <ns3:hr>121</ns3:hr>
            <ns3:cad>83</ns3:cad>
          </ns3:TrackPointExtension>
        </extensions>
      </trkpt>
      <trkpt lat="22.60382604785263538360595703125" lon="113.889159299433231353759765625">
        <ele>0.4000000059604644775390625</ele>
        <time>2026-08-23T12:52:03.000Z</time>
        <extensions>
          <ns3:TrackPointExtension>
            <ns3:atemp>31.0</ns3:atemp>
            <ns3:hr>121</ns3:hr>
            <ns3:cad>79</ns3:cad>
          </ns3:TrackPointExtension>
        </extensions>
      </trkpt>
      <trkpt lat="22.60380811057984828948974609375" lon="113.8891826011240482330322265625">
        <ele>0.800000011920928955078125</ele>
        <time>2026-08-23T12:52:04.000Z</time>
        <extensions>
          <ns3:TrackPointExtension>
            <ns3:atemp>31.0</ns3:atemp>
            <ns3:hr>121</ns3:hr>
            <ns3:cad>79</ns3:cad>
          </ns3:TrackPointExtension>
        </extensions>
      </trkpt>
      <trkpt lat="22.603793442249298095703125" lon="113.889202214777469635009765625">
        <ele>1.60000002384185791015625</ele>
        <time>2026-08-23T12:52:05.000Z</time>
        <extensions>
          <ns3:TrackPointExtension>
            <ns3:atemp>31.0</ns3:atemp>
            <ns3:hr>121</ns3:hr>
            <ns3:cad>80</ns3:cad>
          </ns3:TrackPointExtension>
        </extensions>
      </trkpt>
      <trkpt lat="22.6037812046706676483154296875" lon="113.88922266662120819091796875">
        <ele>1.7999999523162841796875</ele>
        <time>2026-08-23T12:52:06.000Z</time>
        <extensions>
          <ns3:TrackPointExtension>
            <ns3:atemp>31.0</ns3:atemp>
            <ns3:hr>121</ns3:hr>
            <ns3:cad>80</ns3:cad>
          </ns3:TrackPointExtension>
        </extensions>
      </trkpt>
      <trkpt lat="22.60376184247434139251708984375" lon="113.889243789017200469970703125">
        <ele>2.400000095367431640625</ele>
        <time>2026-08-23T12:52:07.000Z</time>
        <extensions>
          <ns3:TrackPointExtension>
            <ns3:atemp>31.0</ns3:atemp>
            <ns3:hr>122</ns3:hr>
            <ns3:cad>81</ns3:cad>
          </ns3:TrackPointExtension>
        </extensions>
      </trkpt>
      <trkpt lat="22.603747509419918060302734375" lon="113.88926013372838497161865234375">
        <ele>2.599999904632568359375</ele>
        <time>2026-08-23T12:52:08.000Z</time>
        <extensions>
          <ns3:TrackPointExtension>
            <ns3:atemp>31.0</ns3:atemp>
            <ns3:hr>122</ns3:hr>
            <ns3:cad>81</ns3:cad>
          </ns3:TrackPointExtension>
        </extensions>
      </trkpt>
      <trkpt lat="22.60372295044362545013427734375" lon="113.889281339943408966064453125">
        <ele>2.599999904632568359375</ele>
        <time>2026-08-23T12:52:09.000Z</time>
        <extensions>
          <ns3:TrackPointExtension>
            <ns3:atemp>31.0</ns3:atemp>
            <ns3:hr>122</ns3:hr>
            <ns3:cad>81</ns3:cad>
          </ns3:TrackPointExtension>
        </extensions>
      </trkpt>
      <trkpt lat="22.60370920412242412567138671875" lon="113.88929617591202259063720703125">
        <ele>2.7999999523162841796875</ele>
        <time>2026-08-23T12:52:10.000Z</time>
        <extensions>
          <ns3:TrackPointExtension>
            <ns3:atemp>31.0</ns3:atemp>
            <ns3:hr>122</ns3:hr>
            <ns3:cad>81</ns3:cad>
          </ns3:TrackPointExtension>
        </extensions>
      </trkpt>
      <trkpt lat="22.60370048694312572479248046875" lon="113.88931092806160449981689453125">
        <ele>2.7999999523162841796875</ele>
        <time>2026-08-23T12:52:11.000Z</time>
        <extensions>
          <ns3:TrackPointExtension>
            <ns3:atemp>31.0</ns3:atemp>
            <ns3:hr>122</ns3:hr>
            <ns3:cad>81</ns3:cad>
          </ns3:TrackPointExtension>
        </extensions>
      </trkpt>
      <trkpt lat="22.60368548333644866943359375" lon="113.88933758251368999481201171875">
        <ele>2.2000000476837158203125</ele>
        <time>2026-08-23T12:52:12.000Z</time>
        <extensions>
          <ns3:TrackPointExtension>
            <ns3:atemp>31.0</ns3:atemp>
            <ns3:hr>123</ns3:hr>
            <ns3:cad>82</ns3:cad>
          </ns3:TrackPointExtension>
        </extensions>
      </trkpt>
      <trkpt lat="22.60367550887167453765869140625" lon="113.8893576152622699737548828125">
        <ele>2.599999904632568359375</ele>
        <time>2026-08-23T12:52:13.000Z</time>
        <extensions>
          <ns3:TrackPointExtension>
            <ns3:atemp>30.0</ns3:atemp>
            <ns3:hr>123</ns3:hr>
            <ns3:cad>83</ns3:cad>
          </ns3:TrackPointExtension>
        </extensions>
      </trkpt>
      <trkpt lat="22.6036625169217586517333984375" lon="113.8893784023821353912353515625">
        <ele>3</ele>
        <time>2026-08-23T12:52:14.000Z</time>
        <extensions>
          <ns3:TrackPointExtension>
            <ns3:atemp>30.0</ns3:atemp>
            <ns3:hr>123</ns3:hr>
            <ns3:cad>83</ns3:cad>
          </ns3:TrackPointExtension>
        </extensions>
      </trkpt>
      <trkpt lat="22.60364390909671783447265625" lon="113.8894005306065082550048828125">
        <ele>3.599999904632568359375</ele>
        <time>2026-08-23T12:52:15.000Z</time>
        <extensions>
          <ns3:TrackPointExtension>
            <ns3:atemp>30.0</ns3:atemp>
            <ns3:hr>123</ns3:hr>
            <ns3:cad>82</ns3:cad>
          </ns3:TrackPointExtension>
        </extensions>
      </trkpt>
      <trkpt lat="22.603626139461994171142578125" lon="113.88941838406026363372802734375">
        <ele>3.7999999523162841796875</ele>
        <time>2026-08-23T12:52:16.000Z</time>
        <extensions>
          <ns3:TrackPointExtension>
            <ns3:atemp>31.0</ns3:atemp>
            <ns3:hr>124</ns3:hr>
            <ns3:cad>80</ns3:cad>
          </ns3:TrackPointExtension>
        </extensions>
      </trkpt>
      <trkpt lat="22.60359420441091060638427734375" lon="113.88943246565759181976318359375">
        <ele>3.7999999523162841796875</ele>
        <time>2026-08-23T12:52:17.000Z</time>
        <extensions>
          <ns3:TrackPointExtension>
            <ns3:atemp>31.0</ns3:atemp>
            <ns3:hr>125</ns3:hr>
            <ns3:cad>80</ns3:cad>
          </ns3:TrackPointExtension>
        </extensions>
      </trkpt>
      <trkpt lat="22.6035686396062374114990234375" lon="113.88944839127361774444580078125">
        <ele>4</ele>
        <time>2026-08-23T12:52:18.000Z</time>
        <extensions>
          <ns3:TrackPointExtension>
            <ns3:atemp>30.0</ns3:atemp>
            <ns3:hr>125</ns3:hr>
            <ns3:cad>82</ns3:cad>
          </ns3:TrackPointExtension>
        </extensions>
      </trkpt>
      <trkpt lat="22.60354869067668914794921875" lon="113.88946138322353363037109375">
        <ele>3.599999904632568359375</ele>
        <time>2026-08-23T12:52:19.000Z</time>
        <extensions>
          <ns3:TrackPointExtension>
            <ns3:atemp>30.0</ns3:atemp>
            <ns3:hr>126</ns3:hr>
            <ns3:cad>82</ns3:cad>
          </ns3:TrackPointExtension>
        </extensions>
      </trkpt>
      <trkpt lat="22.60352790355682373046875" lon="113.88948258943855762481689453125">
        <ele>3</ele>
        <time>2026-08-23T12:52:20.000Z</time>
        <extensions>
          <ns3:TrackPointExtension>
            <ns3:atemp>30.0</ns3:atemp>
            <ns3:hr>126</ns3:hr>
            <ns3:cad>82</ns3:cad>
          </ns3:TrackPointExtension>
        </extensions>
      </trkpt>
      <trkpt lat="22.6035103015601634979248046875" lon="113.8895027898252010345458984375">
        <ele>2.2000000476837158203125</ele>
        <time>2026-08-23T12:52:21.000Z</time>
        <extensions>
          <ns3:TrackPointExtension>
            <ns3:atemp>30.0</ns3:atemp>
            <ns3:hr>127</ns3:hr>
            <ns3:cad>82</ns3:cad>
          </ns3:TrackPointExtension>
        </extensions>
      </trkpt>
      <trkpt lat="22.60350384749472141265869140625" lon="113.88951879926025867462158203125">
        <ele>1.60000002384185791015625</ele>
        <time>2026-08-23T12:52:22.000Z</time>
        <extensions>
          <ns3:TrackPointExtension>
            <ns3:atemp>30.0</ns3:atemp>
            <ns3:hr>127</ns3:hr>
            <ns3:cad>82</ns3:cad>
          </ns3:TrackPointExtension>
        </extensions>
      </trkpt>
      <trkpt lat="22.6034878380596637725830078125" lon="113.8895440287888050079345703125">
        <ele>0.800000011920928955078125</ele>
        <time>2026-08-23T12:52:23.000Z</time>
        <extensions>
          <ns3:TrackPointExtension>
            <ns3:atemp>30.0</ns3:atemp>
            <ns3:hr>127</ns3:hr>
            <ns3:cad>82</ns3:cad>
          </ns3:TrackPointExtension>
        </extensions>
      </trkpt>
      <trkpt lat="22.60347551666200160980224609375" lon="113.88956171460449695587158203125">
        <ele>0.20000000298023223876953125</ele>
        <time>2026-08-23T12:52:24.000Z</time>
        <extensions>
          <ns3:TrackPointExtension>
            <ns3:atemp>30.0</ns3:atemp>
            <ns3:hr>128</ns3:hr>
            <ns3:cad>79</ns3:cad>
          </ns3:TrackPointExtension>
        </extensions>
      </trkpt>
      <trkpt lat="22.6034633629024028778076171875" lon="113.8895792327821254730224609375">
        <ele>0.20000000298023223876953125</ele>
        <time>2026-08-23T12:52:25.000Z</time>
        <extensions>
          <ns3:TrackPointExtension>
            <ns3:atemp>30.0</ns3:atemp>
            <ns3:hr>128</ns3:hr>
            <ns3:cad>78</ns3:cad>
          </ns3:TrackPointExtension>
        </extensions>
      </trkpt>
      <trkpt lat="22.60345322079956531524658203125" lon="113.8896040432155132293701171875">
        <ele>0.4000000059604644775390625</ele>
        <time>2026-08-23T12:52:26.000Z</time>
        <extensions>
          <ns3:TrackPointExtension>
            <ns3:atemp>30.0</ns3:atemp>
            <ns3:hr>127</ns3:hr>
            <ns3:cad>78</ns3:cad>
          </ns3:TrackPointExtension>
        </extensions>
      </trkpt>
      <trkpt lat="22.60343964211642742156982421875" lon="113.8896244950592517852783203125">
        <ele>0.4000000059604644775390625</ele>
        <time>2026-08-23T12:52:27.000Z</time>
        <extensions>
          <ns3:TrackPointExtension>
            <ns3:atemp>30.0</ns3:atemp>
            <ns3:hr>127</ns3:hr>
            <ns3:cad>79</ns3:cad>
          </ns3:TrackPointExtension>
        </extensions>
      </trkpt>
      <trkpt lat="22.603427655994892120361328125" lon="113.8896442763507366180419921875">
        <ele>0.60000002384185791015625</ele>
        <time>2026-08-23T12:52:28.000Z</time>
        <extensions>
          <ns3:TrackPointExtension>
            <ns3:atemp>30.0</ns3:atemp>
            <ns3:hr>127</ns3:hr>
            <ns3:cad>79</ns3:cad>
          </ns3:TrackPointExtension>
        </extensions>
      </trkpt>
      <trkpt lat="22.60341231711208820343017578125" lon="113.8896610401570796966552734375">
        <ele>1</ele>
        <time>2026-08-23T12:52:29.000Z</time>
        <extensions>
          <ns3:TrackPointExtension>
            <ns3:atemp>30.0</ns3:atemp>
            <ns3:hr>127</ns3:hr>
            <ns3:cad>79</ns3:cad>
          </ns3:TrackPointExtension>
        </extensions>
      </trkpt>
      <trkpt lat="22.60339572094380855560302734375" lon="113.8896761275827884674072265625">
        <ele>1.2000000476837158203125</ele>
        <time>2026-08-23T12:52:30.000Z</time>
        <extensions>
          <ns3:TrackPointExtension>
            <ns3:atemp>30.0</ns3:atemp>
            <ns3:hr>127</ns3:hr>
            <ns3:cad>79</ns3:cad>
          </ns3:TrackPointExtension>
        </extensions>
      </trkpt>
      <trkpt lat="22.60336923412978649139404296875" lon="113.88968274928629398345947265625">
        <ele>2</ele>
        <time>2026-08-23T12:52:31.000Z</time>
        <extensions>
          <ns3:TrackPointExtension>
            <ns3:atemp>30.0</ns3:atemp>
            <ns3:hr>127</ns3:hr>
            <ns3:cad>79</ns3:cad>
          </ns3:TrackPointExtension>
        </extensions>
      </trkpt>
      <trkpt lat="22.60334677062928676605224609375" lon="113.88969532214105129241943359375">
        <ele>2.2000000476837158203125</ele>
        <time>2026-08-23T12:52:32.000Z</time>
        <extensions>
          <ns3:TrackPointExtension>
            <ns3:atemp>30.0</ns3:atemp>
            <ns3:hr>127</ns3:hr>
            <ns3:cad>81</ns3:cad>
          </ns3:TrackPointExtension>
        </extensions>
      </trkpt>
      <trkpt lat="22.603329755365848541259765625" lon="113.8897056318819522857666015625">
        <ele>3</ele>
        <time>2026-08-23T12:52:33.000Z</time>
        <extensions>
          <ns3:TrackPointExtension>
            <ns3:atemp>30.0</ns3:atemp>
            <ns3:hr>127</ns3:hr>
            <ns3:cad>82</ns3:cad>
          </ns3:TrackPointExtension>
        </extensions>
      </trkpt>
      <trkpt lat="22.60330368764698505401611328125" lon="113.8897220604121685028076171875">
        <ele>3.400000095367431640625</ele>
        <time>2026-08-23T12:52:34.000Z</time>
        <extensions>
          <ns3:TrackPointExtension>
            <ns3:atemp>30.0</ns3:atemp>
            <ns3:hr>127</ns3:hr>
            <ns3:cad>82</ns3:cad>
          </ns3:TrackPointExtension>
        </extensions>
      </trkpt>
      <trkpt lat="22.603287510573863983154296875" lon="113.8897398300468921661376953125">
        <ele>3.7999999523162841796875</ele>
        <time>2026-08-23T12:52:35.000Z</time>
        <extensions>
          <ns3:TrackPointExtension>
            <ns3:atemp>30.0</ns3:atemp>
            <ns3:hr>127</ns3:hr>
            <ns3:cad>83</ns3:cad>
          </ns3:TrackPointExtension>
        </extensions>
      </trkpt>
      <trkpt lat="22.6032725907862186431884765625" lon="113.88975114561617374420166015625">
        <ele>3.400000095367431640625</ele>
        <time>2026-08-23T12:52:36.000Z</time>
        <extensions>
          <ns3:TrackPointExtension>
            <ns3:atemp>30.0</ns3:atemp>
            <ns3:hr>127</ns3:hr>
            <ns3:cad>84</ns3:cad>
          </ns3:TrackPointExtension>
        </extensions>
      </trkpt>
      <trkpt lat="22.60325322858989238739013671875" lon="113.88976958580315113067626953125">
        <ele>3.2000000476837158203125</ele>
        <time>2026-08-23T12:52:37.000Z</time>
        <extensions>
          <ns3:TrackPointExtension>
            <ns3:atemp>30.0</ns3:atemp>
            <ns3:hr>127</ns3:hr>
            <ns3:cad>84</ns3:cad>
          </ns3:TrackPointExtension>
        </extensions>
      </trkpt>
      <trkpt lat="22.6032422482967376708984375" lon="113.88979255221784114837646484375">
        <ele>2.7999999523162841796875</ele>
        <time>2026-08-23T12:52:38.000Z</time>
        <extensions>
          <ns3:TrackPointExtension>
            <ns3:atemp>30.0</ns3:atemp>
            <ns3:hr>127</ns3:hr>
            <ns3:cad>82</ns3:cad>
          </ns3:TrackPointExtension>
        </extensions>
      </trkpt>
      <trkpt lat="22.60323042981326580047607421875" lon="113.889812417328357696533203125">
        <ele>2.599999904632568359375</ele>
        <time>2026-08-23T12:52:39.000Z</time>
        <extensions>
          <ns3:TrackPointExtension>
            <ns3:atemp>30.0</ns3:atemp>
            <ns3:hr>128</ns3:hr>
            <ns3:cad>81</ns3:cad>
          </ns3:TrackPointExtension>
        </extensions>
      </trkpt>
      <trkpt lat="22.603214420378208160400390625" lon="113.889829181134700775146484375">
        <ele>3.2000000476837158203125</ele>
        <time>2026-08-23T12:52:40.000Z</time>
        <extensions>
          <ns3:TrackPointExtension>
            <ns3:atemp>30.0</ns3:atemp>
            <ns3:hr>128</ns3:hr>
            <ns3:cad>81</ns3:cad>
          </ns3:TrackPointExtension>
        </extensions>
      </trkpt>
      <trkpt lat="22.6031998358666896820068359375" lon="113.8898454420268535614013671875">
        <ele>3.599999904632568359375</ele>
        <time>2026-08-23T12:52:41.000Z</time>
        <extensions>
          <ns3:TrackPointExtension>
            <ns3:atemp>30.0</ns3:atemp>
            <ns3:hr>129</ns3:hr>
            <ns3:cad>81</ns3:cad>
          </ns3:TrackPointExtension>
        </extensions>
      </trkpt>
      <trkpt lat="22.60317075066268444061279296875" lon="113.88986782170832157135009765625">
        <ele>4</ele>
        <time>2026-08-23T12:52:42.000Z</time>
        <extensions>
          <ns3:TrackPointExtension>
            <ns3:atemp>30.0</ns3:atemp>
            <ns3:hr>130</ns3:hr>
            <ns3:cad>83</ns3:cad>
          </ns3:TrackPointExtension>
        </extensions>
      </trkpt>
      <trkpt lat="22.60314778424799442291259765625" lon="113.88989011757075786590576171875">
        <ele>3.7999999523162841796875</ele>
        <time>2026-08-23T12:52:43.000Z</time>
        <extensions>
          <ns3:TrackPointExtension>
            <ns3:atemp>30.0</ns3:atemp>
            <ns3:hr>130</ns3:hr>
            <ns3:cad>83</ns3:cad>
          </ns3:TrackPointExtension>
        </extensions>
      </trkpt>
      <trkpt lat="22.6031295955181121826171875" lon="113.8899088092148303985595703125">
        <ele>4</ele>
        <time>2026-08-23T12:52:44.000Z</time>
        <extensions>
          <ns3:TrackPointExtension>
            <ns3:atemp>30.0</ns3:atemp>
            <ns3:hr>131</ns3:hr>
            <ns3:cad>84</ns3:cad>
          </ns3:TrackPointExtension>
        </extensions>
      </trkpt>
      <trkpt lat="22.6031062938272953033447265625" lon="113.8899309374392032623291015625">
        <ele>4</ele>
        <time>2026-08-23T12:52:45.000Z</time>
        <extensions>
          <ns3:TrackPointExtension>
            <ns3:atemp>30.0</ns3:atemp>
            <ns3:hr>132</ns3:hr>
            <ns3:cad>84</ns3:cad>
          </ns3:TrackPointExtension>
        </extensions>
      </trkpt>
      <trkpt lat="22.60309698991477489471435546875" lon="113.88994962908327579498291015625">
        <ele>3.599999904632568359375</ele>
        <time>2026-08-23T12:52:46.000Z</time>
        <extensions>
          <ns3:TrackPointExtension>
            <ns3:atemp>30.0</ns3:atemp>
            <ns3:hr>132</ns3:hr>
            <ns3:cad>83</ns3:cad>
          </ns3:TrackPointExtension>
        </extensions>
      </trkpt>
      <trkpt lat="22.6030821539461612701416015625" lon="113.88997779227793216705322265625">
        <ele>3.400000095367431640625</ele>
        <time>2026-08-23T12:52:47.000Z</time>
        <extensions>
          <ns3:TrackPointExtension>
            <ns3:atemp>30.0</ns3:atemp>
            <ns3:hr>133</ns3:hr>
            <ns3:cad>82</ns3:cad>
          </ns3:TrackPointExtension>
        </extensions>
      </trkpt>
      <trkpt lat="22.6030719280242919921875" lon="113.8899973221123218536376953125">
        <ele>3.400000095367431640625</ele>
        <time>2026-08-23T12:52:48.000Z</time>
        <extensions>
          <ns3:TrackPointExtension>
            <ns3:atemp>30.0</ns3:atemp>
            <ns3:hr>133</ns3:hr>
            <ns3:cad>82</ns3:cad>
          </ns3:TrackPointExtension>
        </extensions>
      </trkpt>
      <trkpt lat="22.6030596904456615447998046875" lon="113.89001953415572643280029296875">
        <ele>3.400000095367431640625</ele>
        <time>2026-08-23T12:52:49.000Z</time>
        <extensions>
          <ns3:TrackPointExtension>
            <ns3:atemp>30.0</ns3:atemp>
            <ns3:hr>134</ns3:hr>
            <ns3:cad>83</ns3:cad>
          </ns3:TrackPointExtension>
        </extensions>
      </trkpt>
      <trkpt lat="22.60304770432412624359130859375" lon="113.89004082418978214263916015625">
        <ele>3.599999904632568359375</ele>
        <time>2026-08-23T12:52:50.000Z</time>
        <extensions>
          <ns3:TrackPointExtension>
            <ns3:atemp>30.0</ns3:atemp>
            <ns3:hr>134</ns3:hr>
            <ns3:cad>83</ns3:cad>
          </ns3:TrackPointExtension>
        </extensions>
      </trkpt>
      <trkpt lat="22.60303965769708156585693359375" lon="113.89006429351866245269775390625">
        <ele>4</ele>
        <time>2026-08-23T12:52:51.000Z</time>
        <extensions>
          <ns3:TrackPointExtension>
            <ns3:atemp>30.0</ns3:atemp>
            <ns3:hr>135</ns3:hr>
            <ns3:cad>83</ns3:cad>
          </ns3:TrackPointExtension>
        </extensions>
      </trkpt>
      <trkpt lat="22.60302674956619739532470703125" lon="113.890090025961399078369140625">
        <ele>4.599999904632568359375</ele>
        <time>2026-08-23T12:52:52.000Z</time>
        <extensions>
          <ns3:TrackPointExtension>
            <ns3:atemp>30.0</ns3:atemp>
            <ns3:hr>135</ns3:hr>
            <ns3:cad>84</ns3:cad>
          </ns3:TrackPointExtension>
        </extensions>
      </trkpt>
      <trkpt lat="22.6030169427394866943359375" lon="113.8901136629283428192138671875">
        <ele>5.400000095367431640625</ele>
        <time>2026-08-23T12:52:53.000Z</time>
        <extensions>
          <ns3:TrackPointExtension>
            <ns3:atemp>30.0</ns3:atemp>
            <ns3:hr>136</ns3:hr>
            <ns3:cad>85</ns3:cad>
          </ns3:TrackPointExtension>
        </extensions>
      </trkpt>
      <trkpt lat="22.6030063815414905548095703125" lon="113.8901419937610626220703125">
        <ele>5.19999980926513671875</ele>
        <time>2026-08-23T12:52:54.000Z</time>
        <extensions>
          <ns3:TrackPointExtension>
            <ns3:atemp>30.0</ns3:atemp>
            <ns3:hr>137</ns3:hr>
            <ns3:cad>85</ns3:cad>
          </ns3:TrackPointExtension>
        </extensions>
      </trkpt>
      <trkpt lat="22.60299171321094036102294921875" lon="113.8901652954518795013427734375">
        <ele>5.19999980926513671875</ele>
        <time>2026-08-23T12:52:55.000Z</time>
        <extensions>
          <ns3:TrackPointExtension>
            <ns3:atemp>30.0</ns3:atemp>
            <ns3:hr>138</ns3:hr>
            <ns3:cad>85</ns3:cad>
          </ns3:TrackPointExtension>
        </extensions>
      </trkpt>
      <trkpt lat="22.60298115201294422149658203125" lon="113.890190608799457550048828125">
        <ele>4.80000019073486328125</ele>
        <time>2026-08-23T12:52:56.000Z</time>
        <extensions>
          <ns3:TrackPointExtension>
            <ns3:atemp>30.0</ns3:atemp>
            <ns3:hr>139</ns3:hr>
            <ns3:cad>85</ns3:cad>
          </ns3:TrackPointExtension>
        </extensions>
      </trkpt>
      <trkpt lat="22.6029651425778865814208984375" lon="113.8902105577290058135986328125">
        <ele>4</ele>
        <time>2026-08-23T12:52:57.000Z</time>
        <extensions>
          <ns3:TrackPointExtension>
            <ns3:atemp>30.0</ns3:atemp>
            <ns3:hr>139</ns3:hr>
            <ns3:cad>85</ns3:cad>
          </ns3:TrackPointExtension>
        </extensions>
      </trkpt>
      <trkpt lat="22.60295315645635128021240234375" lon="113.89022908173501491546630859375">
        <ele>3.400000095367431640625</ele>
        <time>2026-08-23T12:52:58.000Z</time>
        <extensions>
          <ns3:TrackPointExtension>
            <ns3:atemp>30.0</ns3:atemp>
            <ns3:hr>139</ns3:hr>
            <ns3:cad>85</ns3:cad>
          </ns3:TrackPointExtension>
        </extensions>
      </trkpt>
      <trkpt lat="22.60292901657521724700927734375" lon="113.8902491144835948944091796875">
        <ele>2.2000000476837158203125</ele>
        <time>2026-08-23T12:52:59.000Z</time>
        <extensions>
          <ns3:TrackPointExtension>
            <ns3:atemp>30.0</ns3:atemp>
            <ns3:hr>139</ns3:hr>
            <ns3:cad>85</ns3:cad>
          </ns3:TrackPointExtension>
        </extensions>
      </trkpt>
      <trkpt lat="22.6029141806066036224365234375" lon="113.890267051756381988525390625">
        <ele>2</ele>
        <time>2026-08-23T12:53:00.000Z</time>
        <extensions>
          <ns3:TrackPointExtension>
            <ns3:atemp>30.0</ns3:atemp>
            <ns3:hr>139</ns3:hr>
            <ns3:cad>85</ns3:cad>
          </ns3:TrackPointExtension>
        </extensions>
      </trkpt>
      <trkpt lat="22.6028897054493427276611328125" lon="113.89029613696038722991943359375">
        <ele>1.7999999523162841796875</ele>
        <time>2026-08-23T12:53:01.000Z</time>
        <extensions>
          <ns3:TrackPointExtension>
            <ns3:atemp>30.0</ns3:atemp>
            <ns3:hr>140</ns3:hr>
            <ns3:cad>85</ns3:cad>
          </ns3:TrackPointExtension>
        </extensions>
      </trkpt>
      <trkpt lat="22.6028732769191265106201171875" lon="113.890324048697948455810546875">
        <ele>1.60000002384185791015625</ele>
        <time>2026-08-23T12:53:02.000Z</time>
        <extensions>
          <ns3:TrackPointExtension>
            <ns3:atemp>30.0</ns3:atemp>
            <ns3:hr>139</ns3:hr>
            <ns3:cad>85</ns3:cad>
          </ns3:TrackPointExtension>
        </extensions>
      </trkpt>
      <trkpt lat="22.60285860858857631683349609375" lon="113.89034994877874851226806640625">
        <ele>1.60000002384185791015625</ele>
        <time>2026-08-23T12:53:03.000Z</time>
        <extensions>
          <ns3:TrackPointExtension>
            <ns3:atemp>30.0</ns3:atemp>
            <ns3:hr>139</ns3:hr>
            <ns3:cad>85</ns3:cad>
          </ns3:TrackPointExtension>
        </extensions>
      </trkpt>
      <trkpt lat="22.6028360612690448760986328125" lon="113.8903887569904327392578125">
        <ele>2</ele>
        <time>2026-08-23T12:53:04.000Z</time>
        <extensions>
          <ns3:TrackPointExtension>
            <ns3:atemp>30.0</ns3:atemp>
            <ns3:hr>139</ns3:hr>
            <ns3:cad>85</ns3:cad>
          </ns3:TrackPointExtension>
        </extensions>
      </trkpt>
      <trkpt lat="22.6028189621865749359130859375" lon="113.8904157467186450958251953125">
        <ele>2.2000000476837158203125</ele>
        <time>2026-08-23T12:53:05.000Z</time>
        <extensions>
          <ns3:TrackPointExtension>
            <ns3:atemp>30.0</ns3:atemp>
            <ns3:hr>140</ns3:hr>
            <ns3:cad>42</ns3:cad>
          </ns3:TrackPointExtension>
        </extensions>
      </trkpt>
      <trkpt lat="22.60280705988407135009765625" lon="113.89043175615370273590087890625">
        <ele>2.2000000476837158203125</ele>
        <time>2026-08-23T12:53:06.000Z</time>
        <extensions>
          <ns3:TrackPointExtension>
            <ns3:atemp>30.0</ns3:atemp>
            <ns3:hr>139</ns3:hr>
            <ns3:cad>42</ns3:cad>
          </ns3:TrackPointExtension>
        </extensions>
      </trkpt>
      <trkpt lat="22.60278602130711078643798828125" lon="113.89045019634068012237548828125">
        <ele>2.2000000476837158203125</ele>
        <time>2026-08-23T12:53:07.000Z</time>
        <extensions>
          <ns3:TrackPointExtension>
            <ns3:atemp>30.0</ns3:atemp>
            <ns3:hr>139</ns3:hr>
            <ns3:cad>42</ns3:cad>
          </ns3:TrackPointExtension>
        </extensions>
      </trkpt>
      <trkpt lat="22.60277797468006610870361328125" lon="113.89047282747924327850341796875">
        <ele>1.60000002384185791015625</ele>
        <time>2026-08-23T12:53:08.000Z</time>
        <extensions>
          <ns3:TrackPointExtension>
            <ns3:atemp>30.0</ns3:atemp>
            <ns3:hr>140</ns3:hr>
            <ns3:cad>42</ns3:cad>
          </ns3:TrackPointExtension>
        </extensions>
      </trkpt>
      <trkpt lat="22.60277395136654376983642578125" lon="113.89049160294234752655029296875">
        <ele>1.39999997615814208984375</ele>
        <time>2026-08-23T12:53:09.000Z</time>
        <extensions>
          <ns3:TrackPointExtension>
            <ns3:atemp>30.0</ns3:atemp>
            <ns3:hr>139</ns3:hr>
            <ns3:cad>79</ns3:cad>
          </ns3:TrackPointExtension>
        </extensions>
      </trkpt>
      <trkpt lat="22.60276992805302143096923828125" lon="113.89052446000277996063232421875">
        <ele>1.39999997615814208984375</ele>
        <time>2026-08-23T12:53:10.000Z</time>
        <extensions>
          <ns3:TrackPointExtension>
            <ns3:atemp>30.0</ns3:atemp>
            <ns3:hr>139</ns3:hr>
            <ns3:cad>79</ns3:cad>
          </ns3:TrackPointExtension>
        </extensions>
      </trkpt>
      <trkpt lat="22.60277646593749523162841796875" lon="113.89054633677005767822265625">
        <ele>1.39999997615814208984375</ele>
        <time>2026-08-23T12:53:11.000Z</time>
        <extensions>
          <ns3:TrackPointExtension>
            <ns3:atemp>30.0</ns3:atemp>
            <ns3:hr>139</ns3:hr>
            <ns3:cad>79</ns3:cad>
          </ns3:TrackPointExtension>
        </extensions>
      </trkpt>
      <trkpt lat="22.602782584726810455322265625" lon="113.8905686326324939727783203125">
        <ele>1.2000000476837158203125</ele>
        <time>2026-08-23T12:53:12.000Z</time>
        <extensions>
          <ns3:TrackPointExtension>
            <ns3:atemp>30.0</ns3:atemp>
            <ns3:hr>139</ns3:hr>
            <ns3:cad>81</ns3:cad>
          </ns3:TrackPointExtension>
        </extensions>
      </trkpt>
      <trkpt lat="22.60277512483298778533935546875" lon="113.89059201814234256744384765625">
        <ele>3</ele>
        <time>2026-08-23T12:53:13.000Z</time>
        <extensions>
          <ns3:TrackPointExtension>
            <ns3:atemp>30.0</ns3:atemp>
            <ns3:hr>139</ns3:hr>
            <ns3:cad>81</ns3:cad>
          </ns3:TrackPointExtension>
        </extensions>
      </trkpt>
      <trkpt lat="22.60277009569108486175537109375" lon="113.890607692301273345947265625">
        <ele>3.599999904632568359375</ele>
        <time>2026-08-23T12:53:14.000Z</time>
        <extensions>
          <ns3:TrackPointExtension>
            <ns3:atemp>30.0</ns3:atemp>
            <ns3:hr>139</ns3:hr>
            <ns3:cad>80</ns3:cad>
          </ns3:TrackPointExtension>
        </extensions>
      </trkpt>
      <trkpt lat="22.60276615619659423828125" lon="113.89062772504985332489013671875">
        <ele>4</ele>
        <time>2026-08-23T12:53:15.000Z</time>
        <extensions>
          <ns3:TrackPointExtension>
            <ns3:atemp>30.0</ns3:atemp>
            <ns3:hr>139</ns3:hr>
            <ns3:cad>80</ns3:cad>
          </ns3:TrackPointExtension>
        </extensions>
      </trkpt>
      <trkpt lat="22.60277328081429004669189453125" lon="113.89065630733966827392578125">
        <ele>4.400000095367431640625</ele>
        <time>2026-08-23T12:53:16.000Z</time>
        <extensions>
          <ns3:TrackPointExtension>
            <ns3:atemp>30.0</ns3:atemp>
            <ns3:hr>139</ns3:hr>
            <ns3:cad>81</ns3:cad>
          </ns3:TrackPointExtension>
        </extensions>
      </trkpt>
      <trkpt lat="22.60279071517288684844970703125" lon="113.8906752504408359527587890625">
        <ele>4.80000019073486328125</ele>
        <time>2026-08-23T12:53:17.000Z</time>
        <extensions>
          <ns3:TrackPointExtension>
            <ns3:atemp>30.0</ns3:atemp>
            <ns3:hr>138</ns3:hr>
            <ns3:cad>81</ns3:cad>
          </ns3:TrackPointExtension>
        </extensions>
      </trkpt>
      <trkpt lat="22.60281334631145000457763671875" lon="113.89069519937038421630859375">
        <ele>5.400000095367431640625</ele>
        <time>2026-08-23T12:53:18.000Z</time>
        <extensions>
          <ns3:TrackPointExtension>
            <ns3:atemp>30.0</ns3:atemp>
            <ns3:hr>139</ns3:hr>
            <ns3:cad>80</ns3:cad>
          </ns3:TrackPointExtension>
        </extensions>
      </trkpt>
      <trkpt lat="22.60283564217388629913330078125" lon="113.89071824960410594940185546875">
        <ele>5.400000095367431640625</ele>
        <time>2026-08-23T12:53:19.000Z</time>
        <extensions>
          <ns3:TrackPointExtension>
            <ns3:atemp>30.0</ns3:atemp>
            <ns3:hr>139</ns3:hr>
            <ns3:cad>79</ns3:cad>
          </ns3:TrackPointExtension>
        </extensions>
      </trkpt>
      <trkpt lat="22.602847628295421600341796875" lon="113.89073266647756099700927734375">
        <ele>5.19999980926513671875</ele>
        <time>2026-08-23T12:53:20.000Z</time>
        <extensions>
          <ns3:TrackPointExtension>
            <ns3:atemp>30.0</ns3:atemp>
            <ns3:hr>139</ns3:hr>
            <ns3:cad>79</ns3:cad>
          </ns3:TrackPointExtension>
        </extensions>
      </trkpt>
      <trkpt lat="22.60287134908139705657958984375" lon="113.890754543244838714599609375">
        <ele>5</ele>
        <time>2026-08-23T12:53:21.000Z</time>
        <extensions>
          <ns3:TrackPointExtension>
            <ns3:atemp>30.0</ns3:atemp>
            <ns3:hr>140</ns3:hr>
            <ns3:cad>79</ns3:cad>
          </ns3:TrackPointExtension>
        </extensions>
      </trkpt>
      <trkpt lat="22.60288995690643787384033203125" lon="113.89076602645218372344970703125">
        <ele>5</ele>
        <time>2026-08-23T12:53:22.000Z</time>
        <extensions>
          <ns3:TrackPointExtension>
            <ns3:atemp>30.0</ns3:atemp>
            <ns3:hr>140</ns3:hr>
            <ns3:cad>80</ns3:cad>
          </ns3:TrackPointExtension>
        </extensions>
      </trkpt>
      <trkpt lat="22.602912001311779022216796875" lon="113.89077809639275074005126953125">
        <ele>5.400000095367431640625</ele>
        <time>2026-08-23T12:53:23.000Z</time>
        <extensions>
          <ns3:TrackPointExtension>
            <ns3:atemp>30.0</ns3:atemp>
            <ns3:hr>140</ns3:hr>
            <ns3:cad>82</ns3:cad>
          </ns3:TrackPointExtension>
        </extensions>
      </trkpt>
      <trkpt lat="22.6029366441071033477783203125" lon="113.89079335145652294158935546875">
        <ele>5.599999904632568359375</ele>
        <time>2026-08-23T12:53:24.000Z</time>
        <extensions>
          <ns3:TrackPointExtension>
            <ns3:atemp>30.0</ns3:atemp>
            <ns3:hr>140</ns3:hr>
            <ns3:cad>83</ns3:cad>
          </ns3:TrackPointExtension>
        </extensions>
      </trkpt>
      <trkpt lat="22.60295181535184383392333984375" lon="113.8908046670258045196533203125">
        <ele>6</ele>
        <time>2026-08-23T12:53:25.000Z</time>
        <extensions>
          <ns3:TrackPointExtension>
            <ns3:atemp>30.0</ns3:atemp>
            <ns3:hr>141</ns3:hr>
            <ns3:cad>83</ns3:cad>
          </ns3:TrackPointExtension>
        </extensions>
      </trkpt>
      <trkpt lat="22.602977715432643890380859375" lon="113.89082738198339939117431640625">
        <ele>6.19999980926513671875</ele>
        <time>2026-08-23T12:53:26.000Z</time>
        <extensions>
          <ns3:TrackPointExtension>
            <ns3:atemp>30.0</ns3:atemp>
            <ns3:hr>141</ns3:hr>
            <ns3:cad>83</ns3:cad>
          </ns3:TrackPointExtension>
        </extensions>
      </trkpt>
      <trkpt lat="22.6029889471828937530517578125" lon="113.89084649272263050079345703125">
        <ele>6</ele>
        <time>2026-08-23T12:53:27.000Z</time>
        <extensions>
          <ns3:TrackPointExtension>
            <ns3:atemp>30.0</ns3:atemp>
            <ns3:hr>142</ns3:hr>
            <ns3:cad>83</ns3:cad>
          </ns3:TrackPointExtension>
        </extensions>
      </trkpt>
      <trkpt lat="22.602991797029972076416015625" lon="113.89086912386119365692138671875">
        <ele>5.80000019073486328125</ele>
        <time>2026-08-23T12:53:28.000Z</time>
        <extensions>
          <ns3:TrackPointExtension>
            <ns3:atemp>30.0</ns3:atemp>
            <ns3:hr>142</ns3:hr>
            <ns3:cad>83</ns3:cad>
          </ns3:TrackPointExtension>
        </extensions>
      </trkpt>
      <trkpt lat="22.60298936627805233001708984375" lon="113.89090164564549922943115234375">
        <ele>5.80000019073486328125</ele>
        <time>2026-08-23T12:53:29.000Z</time>
        <extensions>
          <ns3:TrackPointExtension>
            <ns3:atemp>30.0</ns3:atemp>
            <ns3:hr>143</ns3:hr>
            <ns3:cad>83</ns3:cad>
          </ns3:TrackPointExtension>
        </extensions>
      </trkpt>
      <trkpt lat="22.6029872708022594451904296875" lon="113.89091706834733486175537109375">
        <ele>5.80000019073486328125</ele>
        <time>2026-08-23T12:53:30.000Z</time>
        <extensions>
          <ns3:TrackPointExtension>
            <ns3:atemp>29.0</ns3:atemp>
            <ns3:hr>143</ns3:hr>
            <ns3:cad>83</ns3:cad>
          </ns3:TrackPointExtension>
        </extensions>
      </trkpt>
      <trkpt lat="22.60299305431544780731201171875" lon="113.89093659818172454833984375">
        <ele>6</ele>
        <time>2026-08-23T12:53:31.000Z</time>
        <extensions>
          <ns3:TrackPointExtension>
            <ns3:atemp>30.0</ns3:atemp>
            <ns3:hr>144</ns3:hr>
            <ns3:cad>83</ns3:cad>
          </ns3:TrackPointExtension>
        </extensions>
      </trkpt>
      <trkpt lat="22.60299623943865299224853515625" lon="113.8909573853015899658203125">
        <ele>6.19999980926513671875</ele>
        <time>2026-08-23T12:53:32.000Z</time>
        <extensions>
          <ns3:TrackPointExtension>
            <ns3:atemp>30.0</ns3:atemp>
            <ns3:hr>144</ns3:hr>
            <ns3:cad>83</ns3:cad>
          </ns3:TrackPointExtension>
        </extensions>
      </trkpt>
      <trkpt lat="22.60299221612513065338134765625" lon="113.890975154936313629150390625">
        <ele>6.19999980926513671875</ele>
        <time>2026-08-23T12:53:33.000Z</time>
        <extensions>
          <ns3:TrackPointExtension>
            <ns3:atemp>30.0</ns3:atemp>
            <ns3:hr>145</ns3:hr>
            <ns3:cad>82</ns3:cad>
          </ns3:TrackPointExtension>
        </extensions>
      </trkpt>
      <trkpt lat="22.60298140347003936767578125" lon="113.89099166728556156158447265625">
        <ele>6.400000095367431640625</ele>
        <time>2026-08-23T12:53:34.000Z</time>
        <extensions>
          <ns3:TrackPointExtension>
            <ns3:atemp>30.0</ns3:atemp>
            <ns3:hr>145</ns3:hr>
            <ns3:cad>81</ns3:cad>
          </ns3:TrackPointExtension>
        </extensions>
      </trkpt>
      <trkpt lat="22.6029705069959163665771484375" lon="113.89101228676736354827880859375">
        <ele>6.599999904632568359375</ele>
        <time>2026-08-23T12:53:35.000Z</time>
        <extensions>
          <ns3:TrackPointExtension>
            <ns3:atemp>30.0</ns3:atemp>
            <ns3:hr>146</ns3:hr>
            <ns3:cad>80</ns3:cad>
          </ns3:TrackPointExtension>
        </extensions>
      </trkpt>
      <trkpt lat="22.60295734740793704986572265625" lon="113.89103374443948268890380859375">
        <ele>6.599999904632568359375</ele>
        <time>2026-08-23T12:53:36.000Z</time>
        <extensions>
          <ns3:TrackPointExtension>
            <ns3:atemp>30.0</ns3:atemp>
            <ns3:hr>147</ns3:hr>
            <ns3:cad>80</ns3:cad>
          </ns3:TrackPointExtension>
        </extensions>
      </trkpt>
      <trkpt lat="22.60294251143932342529296875" lon="113.89105972833931446075439453125">
        <ele>7.19999980926513671875</ele>
        <time>2026-08-23T12:53:37.000Z</time>
        <extensions>
          <ns3:TrackPointExtension>
            <ns3:atemp>30.0</ns3:atemp>
            <ns3:hr>148</ns3:hr>
            <ns3:cad>80</ns3:cad>
          </ns3:TrackPointExtension>
        </extensions>
      </trkpt>
      <trkpt lat="22.60292910039424896240234375" lon="113.8910852931439876556396484375">
        <ele>8</ele>
        <time>2026-08-23T12:53:38.000Z</time>
        <extensions>
          <ns3:TrackPointExtension>
            <ns3:atemp>30.0</ns3:atemp>
            <ns3:hr>149</ns3:hr>
            <ns3:cad>81</ns3:cad>
          </ns3:TrackPointExtension>
        </extensions>
      </trkpt>
      <trkpt lat="22.6029215566813945770263671875" lon="113.8911121152341365814208984375">
        <ele>8.6000003814697265625</ele>
        <time>2026-08-23T12:53:39.000Z</time>
        <extensions>
          <ns3:TrackPointExtension>
            <ns3:atemp>29.0</ns3:atemp>
            <ns3:hr>149</ns3:hr>
            <ns3:cad>82</ns3:cad>
          </ns3:TrackPointExtension>
        </extensions>
      </trkpt>
      <trkpt lat="22.60290496051311492919921875" lon="113.89113642275333404541015625">
        <ele>9.19999980926513671875</ele>
        <time>2026-08-23T12:53:40.000Z</time>
        <extensions>
          <ns3:TrackPointExtension>
            <ns3:atemp>30.0</ns3:atemp>
            <ns3:hr>150</ns3:hr>
            <ns3:cad>82</ns3:cad>
          </ns3:TrackPointExtension>
        </extensions>
      </trkpt>
      <trkpt lat="22.60289364494383335113525390625" lon="113.89115880243480205535888671875">
        <ele>9.19999980926513671875</ele>
        <time>2026-08-23T12:53:41.000Z</time>
        <extensions>
          <ns3:TrackPointExtension>
            <ns3:atemp>30.0</ns3:atemp>
            <ns3:hr>150</ns3:hr>
            <ns3:cad>83</ns3:cad>
          </ns3:TrackPointExtension>
        </extensions>
      </trkpt>
      <trkpt lat="22.60288207791745662689208984375" lon="113.89118478633463382720947265625">
        <ele>9.3999996185302734375</ele>
        <time>2026-08-23T12:53:42.000Z</time>
        <extensions>
          <ns3:TrackPointExtension>
            <ns3:atemp>30.0</ns3:atemp>
            <ns3:hr>151</ns3:hr>
            <ns3:cad>83</ns3:cad>
          </ns3:TrackPointExtension>
        </extensions>
      </trkpt>
      <trkpt lat="22.60287084616720676422119140625" lon="113.89120507054030895233154296875">
        <ele>9.80000019073486328125</ele>
        <time>2026-08-23T12:53:43.000Z</time>
        <extensions>
          <ns3:TrackPointExtension>
            <ns3:atemp>29.0</ns3:atemp>
            <ns3:hr>152</ns3:hr>
            <ns3:cad>83</ns3:cad>
          </ns3:TrackPointExtension>
        </extensions>
      </trkpt>
      <trkpt lat="22.60286212898790836334228515625" lon="113.891231305897235870361328125">
        <ele>10</ele>
        <time>2026-08-23T12:53:44.000Z</time>
        <extensions>
          <ns3:TrackPointExtension>
            <ns3:atemp>30.0</ns3:atemp>
            <ns3:hr>153</ns3:hr>
            <ns3:cad>84</ns3:cad>
          </ns3:TrackPointExtension>
        </extensions>
      </trkpt>
      <trkpt lat="22.60285131633281707763671875" lon="113.8912604749202728271484375">
        <ele>10.19999980926513671875</ele>
        <time>2026-08-23T12:53:45.000Z</time>
        <extensions>
          <ns3:TrackPointExtension>
            <ns3:atemp>29.0</ns3:atemp>
            <ns3:hr>154</ns3:hr>
            <ns3:cad>84</ns3:cad>
          </ns3:TrackPointExtension>
        </extensions>
      </trkpt>
      <trkpt lat="22.60283899493515491485595703125" lon="113.89128687791526317596435546875">
        <ele>10.3999996185302734375</ele>
        <time>2026-08-23T12:53:46.000Z</time>
        <extensions>
          <ns3:TrackPointExtension>
            <ns3:atemp>30.0</ns3:atemp>
            <ns3:hr>154</ns3:hr>
            <ns3:cad>84</ns3:cad>
          </ns3:TrackPointExtension>
        </extensions>
      </trkpt>
      <trkpt lat="22.60282524861395359039306640625" lon="113.89131219126284122467041015625">
        <ele>11.19999980926513671875</ele>
        <time>2026-08-23T12:53:47.000Z</time>
        <extensions>
          <ns3:TrackPointExtension>
            <ns3:atemp>29.0</ns3:atemp>
            <ns3:hr>155</ns3:hr>
            <ns3:cad>84</ns3:cad>
          </ns3:TrackPointExtension>
        </extensions>
      </trkpt>
      <trkpt lat="22.60281586088240146636962890625" lon="113.89133616350591182708740234375">
        <ele>11.6000003814697265625</ele>
        <time>2026-08-23T12:53:48.000Z</time>
        <extensions>
          <ns3:TrackPointExtension>
            <ns3:atemp>29.0</ns3:atemp>
            <ns3:hr>155</ns3:hr>
            <ns3:cad>84</ns3:cad>
          </ns3:TrackPointExtension>
        </extensions>
      </trkpt>
      <trkpt lat="22.602804042398929595947265625" lon="113.89136047102510929107666015625">
        <ele>11.80000019073486328125</ele>
        <time>2026-08-23T12:53:49.000Z</time>
        <extensions>
          <ns3:TrackPointExtension>
            <ns3:atemp>29.0</ns3:atemp>
            <ns3:hr>156</ns3:hr>
            <ns3:cad>84</ns3:cad>
          </ns3:TrackPointExtension>
        </extensions>
      </trkpt>
      <trkpt lat="22.6027874462306499481201171875" lon="113.8913870416581630706787109375">
        <ele>12</ele>
        <time>2026-08-23T12:53:50.000Z</time>
        <extensions>
          <ns3:TrackPointExtension>
            <ns3:atemp>29.0</ns3:atemp>
            <ns3:hr>157</ns3:hr>
            <ns3:cad>84</ns3:cad>
          </ns3:TrackPointExtension>
        </extensions>
      </trkpt>
      <trkpt lat="22.6027770526707172393798828125" lon="113.89140975661575794219970703125">
        <ele>12.3999996185302734375</ele>
        <time>2026-08-23T12:53:51.000Z</time>
        <extensions>
          <ns3:TrackPointExtension>
            <ns3:atemp>29.0</ns3:atemp>
            <ns3:hr>157</ns3:hr>
            <ns3:cad>84</ns3:cad>
          </ns3:TrackPointExtension>
        </extensions>
      </trkpt>
      <trkpt lat="22.60276540182530879974365234375" lon="113.891432471573352813720703125">
        <ele>12.3999996185302734375</ele>
        <time>2026-08-23T12:53:52.000Z</time>
        <extensions>
          <ns3:TrackPointExtension>
            <ns3:atemp>29.0</ns3:atemp>
            <ns3:hr>158</ns3:hr>
            <ns3:cad>84</ns3:cad>
          </ns3:TrackPointExtension>
        </extensions>
      </trkpt>
      <trkpt lat="22.60275232605636119842529296875" lon="113.8914520852267742156982421875">
        <ele>11.80000019073486328125</ele>
        <time>2026-08-23T12:53:53.000Z</time>
        <extensions>
          <ns3:TrackPointExtension>
            <ns3:atemp>29.0</ns3:atemp>
            <ns3:hr>158</ns3:hr>
            <ns3:cad>84</ns3:cad>
          </ns3:TrackPointExtension>
        </extensions>
      </trkpt>
      <trkpt lat="22.60273790918290615081787109375" lon="113.89147195033729076385498046875">
        <ele>10.80000019073486328125</ele>
        <time>2026-08-23T12:53:54.000Z</time>
        <extensions>
          <ns3:TrackPointExtension>
            <ns3:atemp>29.0</ns3:atemp>
            <ns3:hr>158</ns3:hr>
            <ns3:cad>84</ns3:cad>
          </ns3:TrackPointExtension>
        </extensions>
      </trkpt>
      <trkpt lat="22.60272667743265628814697265625" lon="113.89149609021842479705810546875">
        <ele>10.80000019073486328125</ele>
        <time>2026-08-23T12:53:55.000Z</time>
        <extensions>
          <ns3:TrackPointExtension>
            <ns3:atemp>29.0</ns3:atemp>
            <ns3:hr>158</ns3:hr>
            <ns3:cad>84</ns3:cad>
          </ns3:TrackPointExtension>
        </extensions>
      </trkpt>
      <trkpt lat="22.6027126796543598175048828125" lon="113.8915208168327808380126953125">
        <ele>10.3999996185302734375</ele>
        <time>2026-08-23T12:53:56.000Z</time>
        <extensions>
          <ns3:TrackPointExtension>
            <ns3:atemp>29.0</ns3:atemp>
            <ns3:hr>159</ns3:hr>
            <ns3:cad>84</ns3:cad>
          </ns3:TrackPointExtension>
        </extensions>
      </trkpt>
      <trkpt lat="22.60269264690577983856201171875" lon="113.89155761338770389556884765625">
        <ele>10</ele>
        <time>2026-08-23T12:53:57.000Z</time>
        <extensions>
          <ns3:TrackPointExtension>
            <ns3:atemp>29.0</ns3:atemp>
            <ns3:hr>159</ns3:hr>
            <ns3:cad>84</ns3:cad>
          </ns3:TrackPointExtension>
        </extensions>
      </trkpt>
      <trkpt lat="22.60268191806972026824951171875" lon="113.8915898837149143218994140625">
        <ele>9.6000003814697265625</ele>
        <time>2026-08-23T12:53:58.000Z</time>
        <extensions>
          <ns3:TrackPointExtension>
            <ns3:atemp>29.0</ns3:atemp>
            <ns3:hr>158</ns3:hr>
            <ns3:cad>85</ns3:cad>
          </ns3:TrackPointExtension>
        </extensions>
      </trkpt>
      <trkpt lat="22.602666579186916351318359375" lon="113.89162198640406131744384765625">
        <ele>9.3999996185302734375</ele>
        <time>2026-08-23T12:53:59.000Z</time>
        <extensions>
          <ns3:TrackPointExtension>
            <ns3:atemp>29.0</ns3:atemp>
            <ns3:hr>158</ns3:hr>
            <ns3:cad>84</ns3:cad>
          </ns3:TrackPointExtension>
        </extensions>
      </trkpt>
      <trkpt lat="22.60265710763633251190185546875" lon="113.891644366085529327392578125">
        <ele>9.3999996185302734375</ele>
        <time>2026-08-23T12:54:00.000Z</time>
        <extensions>
          <ns3:TrackPointExtension>
            <ns3:atemp>29.0</ns3:atemp>
            <ns3:hr>158</ns3:hr>
            <ns3:cad>85</ns3:cad>
          </ns3:TrackPointExtension>
        </extensions>
      </trkpt>
      <trkpt lat="22.602641098201274871826171875" lon="113.891673199832439422607421875">
        <ele>9.3999996185302734375</ele>
        <time>2026-08-23T12:54:01.000Z</time>
        <extensions>
          <ns3:TrackPointExtension>
            <ns3:atemp>29.0</ns3:atemp>
            <ns3:hr>158</ns3:hr>
            <ns3:cad>85</ns3:cad>
          </ns3:TrackPointExtension>
        </extensions>
      </trkpt>
      <trkpt lat="22.6026332192122936248779296875" lon="113.89169759117066860198974609375">
        <ele>9.19999980926513671875</ele>
        <time>2026-08-23T12:54:02.000Z</time>
        <extensions>
          <ns3:TrackPointExtension>
            <ns3:atemp>29.0</ns3:atemp>
            <ns3:hr>158</ns3:hr>
            <ns3:cad>86</ns3:cad>
          </ns3:TrackPointExtension>
        </extensions>
      </trkpt>
      <trkpt lat="22.60262190364301204681396484375" lon="113.891725838184356689453125">
        <ele>9.19999980926513671875</ele>
        <time>2026-08-23T12:54:03.000Z</time>
        <extensions>
          <ns3:TrackPointExtension>
            <ns3:atemp>29.0</ns3:atemp>
            <ns3:hr>157</ns3:hr>
            <ns3:cad>86</ns3:cad>
          </ns3:TrackPointExtension>
        </extensions>
      </trkpt>
      <trkpt lat="22.6026107557117938995361328125" lon="113.89175592921674251556396484375">
        <ele>9.3999996185302734375</ele>
        <time>2026-08-23T12:54:04.000Z</time>
        <extensions>
          <ns3:TrackPointExtension>
            <ns3:atemp>29.0</ns3:atemp>
            <ns3:hr>157</ns3:hr>
            <ns3:cad>86</ns3:cad>
          </ns3:TrackPointExtension>
        </extensions>
      </trkpt>
      <trkpt lat="22.60259918868541717529296875" lon="113.89178375713527202606201171875">
        <ele>9.3999996185302734375</ele>
        <time>2026-08-23T12:54:05.000Z</time>
        <extensions>
          <ns3:TrackPointExtension>
            <ns3:atemp>29.0</ns3:atemp>
            <ns3:hr>157</ns3:hr>
            <ns3:cad>86</ns3:cad>
          </ns3:TrackPointExtension>
        </extensions>
      </trkpt>
      <trkpt lat="22.6025832630693912506103515625" lon="113.891811333596706390380859375">
        <ele>9.3999996185302734375</ele>
        <time>2026-08-23T12:54:06.000Z</time>
        <extensions>
          <ns3:TrackPointExtension>
            <ns3:atemp>29.0</ns3:atemp>
            <ns3:hr>157</ns3:hr>
            <ns3:cad>86</ns3:cad>
          </ns3:TrackPointExtension>
        </extensions>
      </trkpt>
      <trkpt lat="22.60257211513817310333251953125" lon="113.89182935468852519989013671875">
        <ele>9.19999980926513671875</ele>
        <time>2026-08-23T12:54:07.000Z</time>
        <extensions>
          <ns3:TrackPointExtension>
            <ns3:atemp>29.0</ns3:atemp>
            <ns3:hr>158</ns3:hr>
            <ns3:cad>85</ns3:cad>
          </ns3:TrackPointExtension>
        </extensions>
      </trkpt>
      <trkpt lat="22.6025582849979400634765625" lon="113.89184846542775630950927734375">
        <ele>9.6000003814697265625</ele>
        <time>2026-08-23T12:54:08.000Z</time>
        <extensions>
          <ns3:TrackPointExtension>
            <ns3:atemp>29.0</ns3:atemp>
            <ns3:hr>160</ns3:hr>
            <ns3:cad>85</ns3:cad>
          </ns3:TrackPointExtension>
        </extensions>
      </trkpt>
      <trkpt lat="22.60255099274218082427978515625" lon="113.89187009073793888092041015625">
        <ele>10.3999996185302734375</ele>
        <time>2026-08-23T12:54:09.000Z</time>
        <extensions>
          <ns3:TrackPointExtension>
            <ns3:atemp>29.0</ns3:atemp>
            <ns3:hr>162</ns3:hr>
            <ns3:cad>86</ns3:cad>
          </ns3:TrackPointExtension>
        </extensions>
      </trkpt>
      <trkpt lat="22.60253758169710636138916015625" lon="113.89189003966748714447021484375">
        <ele>10.80000019073486328125</ele>
        <time>2026-08-23T12:54:10.000Z</time>
        <extensions>
          <ns3:TrackPointExtension>
            <ns3:atemp>29.0</ns3:atemp>
            <ns3:hr>164</ns3:hr>
            <ns3:cad>86</ns3:cad>
          </ns3:TrackPointExtension>
        </extensions>
      </trkpt>
      <trkpt lat="22.602527104318141937255859375" lon="113.89191619120538234710693359375">
        <ele>11</ele>
        <time>2026-08-23T12:54:11.000Z</time>
        <extensions>
          <ns3:TrackPointExtension>
            <ns3:atemp>29.0</ns3:atemp>
            <ns3:hr>165</ns3:hr>
            <ns3:cad>86</ns3:cad>
          </ns3:TrackPointExtension>
        </extensions>
      </trkpt>
      <trkpt lat="22.6025219075381755828857421875" lon="113.89193697832524776458740234375">
        <ele>11.80000019073486328125</ele>
        <time>2026-08-23T12:54:12.000Z</time>
        <extensions>
          <ns3:TrackPointExtension>
            <ns3:atemp>29.0</ns3:atemp>
            <ns3:hr>166</ns3:hr>
            <ns3:cad>86</ns3:cad>
          </ns3:TrackPointExtension>
        </extensions>
      </trkpt>
      <trkpt lat="22.60250355117022991180419921875" lon="113.891968913376331329345703125">
        <ele>11.80000019073486328125</ele>
        <time>2026-08-23T12:54:13.000Z</time>
        <extensions>
          <ns3:TrackPointExtension>
            <ns3:atemp>29.0</ns3:atemp>
            <ns3:hr>166</ns3:hr>
            <ns3:cad>86</ns3:cad>
          </ns3:TrackPointExtension>
        </extensions>
      </trkpt>
      <trkpt lat="22.60249064303934574127197265625" lon="113.89199447818100452423095703125">
        <ele>11</ele>
        <time>2026-08-23T12:54:14.000Z</time>
        <extensions>
          <ns3:TrackPointExtension>
            <ns3:atemp>29.0</ns3:atemp>
            <ns3:hr>167</ns3:hr>
            <ns3:cad>86</ns3:cad>
          </ns3:TrackPointExtension>
        </extensions>
      </trkpt>
      <trkpt lat="22.6024766452610492706298828125" lon="113.892023228108882904052734375">
        <ele>10.80000019073486328125</ele>
        <time>2026-08-23T12:54:15.000Z</time>
        <extensions>
          <ns3:TrackPointExtension>
            <ns3:atemp>29.0</ns3:atemp>
            <ns3:hr>167</ns3:hr>
            <ns3:cad>85</ns3:cad>
          </ns3:TrackPointExtension>
        </extensions>
      </trkpt>
      <trkpt lat="22.602463401854038238525390625" lon="113.8920495472848415374755859375">
        <ele>10.3999996185302734375</ele>
        <time>2026-08-23T12:54:16.000Z</time>
        <extensions>
          <ns3:TrackPointExtension>
            <ns3:atemp>29.0</ns3:atemp>
            <ns3:hr>167</ns3:hr>
            <ns3:cad>85</ns3:cad>
          </ns3:TrackPointExtension>
        </extensions>
      </trkpt>
      <trkpt lat="22.60245191864669322967529296875" lon="113.89207326807081699371337890625">
        <ele>9.6000003814697265625</ele>
        <time>2026-08-23T12:54:17.000Z</time>
        <extensions>
          <ns3:TrackPointExtension>
            <ns3:atemp>29.0</ns3:atemp>
            <ns3:hr>167</ns3:hr>
            <ns3:cad>85</ns3:cad>
          </ns3:TrackPointExtension>
        </extensions>
      </trkpt>
      <trkpt lat="22.602436244487762451171875" lon="113.89209908433258533477783203125">
        <ele>9.6000003814697265625</ele>
        <time>2026-08-23T12:54:18.000Z</time>
        <extensions>
          <ns3:TrackPointExtension>
            <ns3:atemp>29.0</ns3:atemp>
            <ns3:hr>167</ns3:hr>
            <ns3:cad>85</ns3:cad>
          </ns3:TrackPointExtension>
        </extensions>
      </trkpt>
      <trkpt lat="22.6024203188717365264892578125" lon="113.8921199552714824676513671875">
        <ele>9.6000003814697265625</ele>
        <time>2026-08-23T12:54:19.000Z</time>
        <extensions>
          <ns3:TrackPointExtension>
            <ns3:atemp>29.0</ns3:atemp>
            <ns3:hr>167</ns3:hr>
            <ns3:cad>85</ns3:cad>
          </ns3:TrackPointExtension>
        </extensions>
      </trkpt>
      <trkpt lat="22.60240782983601093292236328125" lon="113.89214359223842620849609375">
        <ele>9.6000003814697265625</ele>
        <time>2026-08-23T12:54:20.000Z</time>
        <extensions>
          <ns3:TrackPointExtension>
            <ns3:atemp>29.0</ns3:atemp>
            <ns3:hr>167</ns3:hr>
            <ns3:cad>84</ns3:cad>
          </ns3:TrackPointExtension>
        </extensions>
      </trkpt>
      <trkpt lat="22.60239668190479278564453125" lon="113.892170079052448272705078125">
        <ele>9.6000003814697265625</ele>
        <time>2026-08-23T12:54:21.000Z</time>
        <extensions>
          <ns3:TrackPointExtension>
            <ns3:atemp>29.0</ns3:atemp>
            <ns3:hr>167</ns3:hr>
            <ns3:cad>84</ns3:cad>
          </ns3:TrackPointExtension>
        </extensions>
      </trkpt>
      <trkpt lat="22.60238922201097011566162109375" lon="113.89218726195394992828369140625">
        <ele>9.6000003814697265625</ele>
        <time>2026-08-23T12:54:22.000Z</time>
        <extensions>
          <ns3:TrackPointExtension>
            <ns3:atemp>29.0</ns3:atemp>
            <ns3:hr>167</ns3:hr>
            <ns3:cad>85</ns3:cad>
          </ns3:TrackPointExtension>
        </extensions>
      </trkpt>
      <trkpt lat="22.60237614624202251434326171875" lon="113.8922195322811603546142578125">
        <ele>9.6000003814697265625</ele>
        <time>2026-08-23T12:54:23.000Z</time>
        <extensions>
          <ns3:TrackPointExtension>
            <ns3:atemp>29.0</ns3:atemp>
            <ns3:hr>167</ns3:hr>
            <ns3:cad>85</ns3:cad>
          </ns3:TrackPointExtension>
        </extensions>
      </trkpt>
      <trkpt lat="22.60236642323434352874755859375" lon="113.89224124141037464141845703125">
        <ele>9.6000003814697265625</ele>
        <time>2026-08-23T12:54:24.000Z</time>
        <extensions>
          <ns3:TrackPointExtension>
            <ns3:atemp>29.0</ns3:atemp>
            <ns3:hr>166</ns3:hr>
            <ns3:cad>85</ns3:cad>
          </ns3:TrackPointExtension>
        </extensions>
      </trkpt>
      <trkpt lat="22.6023576222360134124755859375" lon="113.892265297472476959228515625">
        <ele>9.80000019073486328125</ele>
        <time>2026-08-23T12:54:25.000Z</time>
        <extensions>
          <ns3:TrackPointExtension>
            <ns3:atemp>29.0</ns3:atemp>
            <ns3:hr>166</ns3:hr>
            <ns3:cad>84</ns3:cad>
          </ns3:TrackPointExtension>
        </extensions>
      </trkpt>
      <trkpt lat="22.60234446264803409576416015625" lon="113.89228843152523040771484375">
        <ele>11</ele>
        <time>2026-08-23T12:54:26.000Z</time>
        <extensions>
          <ns3:TrackPointExtension>
            <ns3:atemp>29.0</ns3:atemp>
            <ns3:hr>166</ns3:hr>
            <ns3:cad>83</ns3:cad>
          </ns3:TrackPointExtension>
        </extensions>
      </trkpt>
      <trkpt lat="22.602335326373577117919921875" lon="113.8923063687980175018310546875">
        <ele>11.3999996185302734375</ele>
        <time>2026-08-23T12:54:27.000Z</time>
        <extensions>
          <ns3:TrackPointExtension>
            <ns3:atemp>29.0</ns3:atemp>
            <ns3:hr>166</ns3:hr>
            <ns3:cad>82</ns3:cad>
          </ns3:TrackPointExtension>
        </extensions>
      </trkpt>
      <trkpt lat="22.602326609194278717041015625" lon="113.8923274911940097808837890625">
        <ele>11.3999996185302734375</ele>
        <time>2026-08-23T12:54:28.000Z</time>
        <extensions>
          <ns3:TrackPointExtension>
            <ns3:atemp>29.0</ns3:atemp>
            <ns3:hr>166</ns3:hr>
            <ns3:cad>82</ns3:cad>
          </ns3:TrackPointExtension>
        </extensions>
      </trkpt>
      <trkpt lat="22.6023209095001220703125" lon="113.89235355891287326812744140625">
        <ele>11.6000003814697265625</ele>
        <time>2026-08-23T12:54:29.000Z</time>
        <extensions>
          <ns3:TrackPointExtension>
            <ns3:atemp>29.0</ns3:atemp>
            <ns3:hr>165</ns3:hr>
            <ns3:cad>82</ns3:cad>
          </ns3:TrackPointExtension>
        </extensions>
      </trkpt>
      <trkpt lat="22.60231294669210910797119140625" lon="113.8923771120607852935791015625">
        <ele>11.3999996185302734375</ele>
        <time>2026-08-23T12:54:30.000Z</time>
        <extensions>
          <ns3:TrackPointExtension>
            <ns3:atemp>29.0</ns3:atemp>
            <ns3:hr>165</ns3:hr>
            <ns3:cad>82</ns3:cad>
          </ns3:TrackPointExtension>
        </extensions>
      </trkpt>
      <trkpt lat="22.6023019663989543914794921875" lon="113.892407119274139404296875">
        <ele>11.19999980926513671875</ele>
        <time>2026-08-23T12:54:31.000Z</time>
        <extensions>
          <ns3:TrackPointExtension>
            <ns3:atemp>29.0</ns3:atemp>
            <ns3:hr>165</ns3:hr>
            <ns3:cad>83</ns3:cad>
          </ns3:TrackPointExtension>
        </extensions>
      </trkpt>
      <trkpt lat="22.6022919081151485443115234375" lon="113.892432264983654022216796875">
        <ele>10.80000019073486328125</ele>
        <time>2026-08-23T12:54:32.000Z</time>
        <extensions>
          <ns3:TrackPointExtension>
            <ns3:atemp>29.0</ns3:atemp>
            <ns3:hr>165</ns3:hr>
            <ns3:cad>84</ns3:cad>
          </ns3:TrackPointExtension>
        </extensions>
      </trkpt>
      <trkpt lat="22.60227975435554981231689453125" lon="113.89246922917664051055908203125">
        <ele>10</ele>
        <time>2026-08-23T12:54:33.000Z</time>
        <extensions>
          <ns3:TrackPointExtension>
            <ns3:atemp>29.0</ns3:atemp>
            <ns3:hr>165</ns3:hr>
            <ns3:cad>84</ns3:cad>
          </ns3:TrackPointExtension>
        </extensions>
      </trkpt>
      <trkpt lat="22.602266259491443634033203125" lon="113.892495967447757720947265625">
        <ele>9.6000003814697265625</ele>
        <time>2026-08-23T12:54:34.000Z</time>
        <extensions>
          <ns3:TrackPointExtension>
            <ns3:atemp>29.0</ns3:atemp>
            <ns3:hr>164</ns3:hr>
            <ns3:cad>83</ns3:cad>
          </ns3:TrackPointExtension>
        </extensions>
      </trkpt>
      <trkpt lat="22.60225460864603519439697265625" lon="113.89252203516662120819091796875">
        <ele>9.3999996185302734375</ele>
        <time>2026-08-23T12:54:35.000Z</time>
        <extensions>
          <ns3:TrackPointExtension>
            <ns3:atemp>29.0</ns3:atemp>
            <ns3:hr>164</ns3:hr>
            <ns3:cad>83</ns3:cad>
          </ns3:TrackPointExtension>
        </extensions>
      </trkpt>
      <trkpt lat="22.60223306715488433837890625" lon="113.8925487734377384185791015625">
        <ele>9.3999996185302734375</ele>
        <time>2026-08-23T12:54:36.000Z</time>
        <extensions>
          <ns3:TrackPointExtension>
            <ns3:atemp>29.0</ns3:atemp>
            <ns3:hr>164</ns3:hr>
            <ns3:cad>83</ns3:cad>
          </ns3:TrackPointExtension>
        </extensions>
      </trkpt>
      <trkpt lat="22.6022168062627315521240234375" lon="113.89256444759666919708251953125">
        <ele>9.19999980926513671875</ele>
        <time>2026-08-23T12:54:37.000Z</time>
        <extensions>
          <ns3:TrackPointExtension>
            <ns3:atemp>29.0</ns3:atemp>
            <ns3:hr>164</ns3:hr>
            <ns3:cad>84</ns3:cad>
          </ns3:TrackPointExtension>
        </extensions>
      </trkpt>
      <trkpt lat="22.60219325311481952667236328125" lon="113.8925863243639469146728515625">
        <ele>8.80000019073486328125</ele>
        <time>2026-08-23T12:54:38.000Z</time>
        <extensions>
          <ns3:TrackPointExtension>
            <ns3:atemp>29.0</ns3:atemp>
            <ns3:hr>164</ns3:hr>
            <ns3:cad>84</ns3:cad>
          </ns3:TrackPointExtension>
        </extensions>
      </trkpt>
      <trkpt lat="22.60217565111815929412841796875" lon="113.89260015450417995452880859375">
        <ele>8.3999996185302734375</ele>
        <time>2026-08-23T12:54:39.000Z</time>
        <extensions>
          <ns3:TrackPointExtension>
            <ns3:atemp>29.0</ns3:atemp>
            <ns3:hr>164</ns3:hr>
            <ns3:cad>84</ns3:cad>
          </ns3:TrackPointExtension>
        </extensions>
      </trkpt>
      <trkpt lat="22.60216123424470424652099609375" lon="113.8926091231405735015869140625">
        <ele>8</ele>
        <time>2026-08-23T12:54:40.000Z</time>
        <extensions>
          <ns3:TrackPointExtension>
            <ns3:atemp>29.0</ns3:atemp>
            <ns3:hr>164</ns3:hr>
            <ns3:cad>84</ns3:cad>
          </ns3:TrackPointExtension>
        </extensions>
      </trkpt>
      <trkpt lat="22.602141536772251129150390625" lon="113.892610631883144378662109375">
        <ele>7.80000019073486328125</ele>
        <time>2026-08-23T12:54:41.000Z</time>
        <extensions>
          <ns3:TrackPointExtension>
            <ns3:atemp>29.0</ns3:atemp>
            <ns3:hr>163</ns3:hr>
            <ns3:cad>84</ns3:cad>
          </ns3:TrackPointExtension>
        </extensions>
      </trkpt>
      <trkpt lat="22.6021360047161579132080078125" lon="113.892612643539905548095703125">
        <ele>7.599999904632568359375</ele>
        <time>2026-08-23T12:54:42.000Z</time>
        <extensions>
          <ns3:TrackPointExtension>
            <ns3:atemp>29.0</ns3:atemp>
            <ns3:hr>163</ns3:hr>
            <ns3:cad>84</ns3:cad>
          </ns3:TrackPointExtension>
        </extensions>
      </trkpt>
      <trkpt lat="22.60213139466941356658935546875" lon="113.89262370765209197998046875">
        <ele>7.400000095367431640625</ele>
        <time>2026-08-23T12:54:43.000Z</time>
        <extensions>
          <ns3:TrackPointExtension>
            <ns3:atemp>29.0</ns3:atemp>
            <ns3:hr>163</ns3:hr>
            <ns3:cad>84</ns3:cad>
          </ns3:TrackPointExtension>
        </extensions>
      </trkpt>
      <trkpt lat="22.60214162059128284454345703125" lon="113.892643153667449951171875">
        <ele>7</ele>
        <time>2026-08-23T12:54:44.000Z</time>
        <extensions>
          <ns3:TrackPointExtension>
            <ns3:atemp>29.0</ns3:atemp>
            <ns3:hr>163</ns3:hr>
            <ns3:cad>83</ns3:cad>
          </ns3:TrackPointExtension>
        </extensions>
      </trkpt>
      <trkpt lat="22.6021427102386951446533203125" lon="113.89267039485275745391845703125">
        <ele>6</ele>
        <time>2026-08-23T12:54:45.000Z</time>
        <extensions>
          <ns3:TrackPointExtension>
            <ns3:atemp>29.0</ns3:atemp>
            <ns3:hr>162</ns3:hr>
            <ns3:cad>83</ns3:cad>
          </ns3:TrackPointExtension>
        </extensions>
      </trkpt>
      <trkpt lat="22.60213843546807765960693359375" lon="113.89269788749516010284423828125">
        <ele>6.599999904632568359375</ele>
        <time>2026-08-23T12:54:46.000Z</time>
        <extensions>
          <ns3:TrackPointExtension>
            <ns3:atemp>29.0</ns3:atemp>
            <ns3:hr>162</ns3:hr>
            <ns3:cad>82</ns3:cad>
          </ns3:TrackPointExtension>
        </extensions>
      </trkpt>
      <trkpt lat="22.6021403633058071136474609375" lon="113.892727307975292205810546875">
        <ele>7.19999980926513671875</ele>
        <time>2026-08-23T12:54:47.000Z</time>
        <extensions>
          <ns3:TrackPointExtension>
            <ns3:atemp>29.0</ns3:atemp>
            <ns3:hr>162</ns3:hr>
            <ns3:cad>82</ns3:cad>
          </ns3:TrackPointExtension>
        </extensions>
      </trkpt>
      <trkpt lat="22.60214723646640777587890625" lon="113.892755471169948577880859375">
        <ele>7.599999904632568359375</ele>
        <time>2026-08-23T12:54:48.000Z</time>
        <extensions>
          <ns3:TrackPointExtension>
            <ns3:atemp>29.0</ns3:atemp>
            <ns3:hr>162</ns3:hr>
            <ns3:cad>82</ns3:cad>
          </ns3:TrackPointExtension>
        </extensions>
      </trkpt>
      <trkpt lat="22.6021507568657398223876953125" lon="113.8927866518497467041015625">
        <ele>7.80000019073486328125</ele>
        <time>2026-08-23T12:54:49.000Z</time>
        <extensions>
          <ns3:TrackPointExtension>
            <ns3:atemp>29.0</ns3:atemp>
            <ns3:hr>162</ns3:hr>
            <ns3:cad>82</ns3:cad>
          </ns3:TrackPointExtension>
        </extensions>
      </trkpt>
      <trkpt lat="22.6021554507315158843994140625" lon="113.89280475676059722900390625">
        <ele>9.19999980926513671875</ele>
        <time>2026-08-23T12:54:50.000Z</time>
        <extensions>
          <ns3:TrackPointExtension>
            <ns3:atemp>29.0</ns3:atemp>
            <ns3:hr>161</ns3:hr>
            <ns3:cad>82</ns3:cad>
          </ns3:TrackPointExtension>
        </extensions>
      </trkpt>
      <trkpt lat="22.60215352289378643035888671875" lon="113.89283216558396816253662109375">
        <ele>9.6000003814697265625</ele>
        <time>2026-08-23T12:54:51.000Z</time>
        <extensions>
          <ns3:TrackPointExtension>
            <ns3:atemp>29.0</ns3:atemp>
            <ns3:hr>161</ns3:hr>
            <ns3:cad>80</ns3:cad>
          </ns3:TrackPointExtension>
        </extensions>
      </trkpt>
      <trkpt lat="22.6021474041044712066650390625" lon="113.8928615860641002655029296875">
        <ele>9.80000019073486328125</ele>
        <time>2026-08-23T12:54:52.000Z</time>
        <extensions>
          <ns3:TrackPointExtension>
            <ns3:atemp>29.0</ns3:atemp>
            <ns3:hr>161</ns3:hr>
            <ns3:cad>80</ns3:cad>
          </ns3:TrackPointExtension>
        </extensions>
      </trkpt>
      <trkpt lat="22.602139525115489959716796875" lon="113.89288497157394886016845703125">
        <ele>10.19999980926513671875</ele>
        <time>2026-08-23T12:54:53.000Z</time>
        <extensions>
          <ns3:TrackPointExtension>
            <ns3:atemp>29.0</ns3:atemp>
            <ns3:hr>161</ns3:hr>
            <ns3:cad>80</ns3:cad>
          </ns3:TrackPointExtension>
        </extensions>
      </trkpt>
      <trkpt lat="22.60212586261332035064697265625" lon="113.8929185830056667327880859375">
        <ele>10.3999996185302734375</ele>
        <time>2026-08-23T12:54:54.000Z</time>
        <extensions>
          <ns3:TrackPointExtension>
            <ns3:atemp>29.0</ns3:atemp>
            <ns3:hr>161</ns3:hr>
            <ns3:cad>81</ns3:cad>
          </ns3:TrackPointExtension>
        </extensions>
      </trkpt>
      <trkpt lat="22.602123431861400604248046875" lon="113.892945237457752227783203125">
        <ele>10</ele>
        <time>2026-08-23T12:54:55.000Z</time>
        <extensions>
          <ns3:TrackPointExtension>
            <ns3:atemp>29.0</ns3:atemp>
            <ns3:hr>161</ns3:hr>
            <ns3:cad>82</ns3:cad>
          </ns3:TrackPointExtension>
        </extensions>
      </trkpt>
      <trkpt lat="22.60211764834821224212646484375" lon="113.89297331683337688446044921875">
        <ele>10.19999980926513671875</ele>
        <time>2026-08-23T12:54:56.000Z</time>
        <extensions>
          <ns3:TrackPointExtension>
            <ns3:atemp>29.0</ns3:atemp>
            <ns3:hr>160</ns3:hr>
            <ns3:cad>83</ns3:cad>
          </ns3:TrackPointExtension>
        </extensions>
      </trkpt>
      <trkpt lat="22.60211077518761157989501953125" lon="113.89300181530416011810302734375">
        <ele>10.19999980926513671875</ele>
        <time>2026-08-23T12:54:57.000Z</time>
        <extensions>
          <ns3:TrackPointExtension>
            <ns3:atemp>29.0</ns3:atemp>
            <ns3:hr>161</ns3:hr>
            <ns3:cad>83</ns3:cad>
          </ns3:TrackPointExtension>
        </extensions>
      </trkpt>
      <trkpt lat="22.60210557840764522552490234375" lon="113.893029056489467620849609375">
        <ele>9.80000019073486328125</ele>
        <time>2026-08-23T12:54:58.000Z</time>
        <extensions>
          <ns3:TrackPointExtension>
            <ns3:atemp>29.0</ns3:atemp>
            <ns3:hr>161</ns3:hr>
            <ns3:cad>82</ns3:cad>
          </ns3:TrackPointExtension>
        </extensions>
      </trkpt>
      <trkpt lat="22.60209627449512481689453125" lon="113.89306224882602691650390625">
        <ele>9.3999996185302734375</ele>
        <time>2026-08-23T12:54:59.000Z</time>
        <extensions>
          <ns3:TrackPointExtension>
            <ns3:atemp>29.0</ns3:atemp>
            <ns3:hr>160</ns3:hr>
            <ns3:cad>82</ns3:cad>
          </ns3:TrackPointExtension>
        </extensions>
      </trkpt>
      <trkpt lat="22.60208982042968273162841796875" lon="113.89308932237327098846435546875">
        <ele>9</ele>
        <time>2026-08-23T12:55:00.000Z</time>
        <extensions>
          <ns3:TrackPointExtension>
            <ns3:atemp>29.0</ns3:atemp>
            <ns3:hr>160</ns3:hr>
            <ns3:cad>83</ns3:cad>
          </ns3:TrackPointExtension>
        </extensions>
      </trkpt>
      <trkpt lat="22.60207749903202056884765625" lon="113.8931207545101642608642578125">
        <ele>8.6000003814697265625</ele>
        <time>2026-08-23T12:55:01.000Z</time>
        <extensions>
          <ns3:TrackPointExtension>
            <ns3:atemp>29.0</ns3:atemp>
            <ns3:hr>160</ns3:hr>
            <ns3:cad>84</ns3:cad>
          </ns3:TrackPointExtension>
        </extensions>
      </trkpt>
      <trkpt lat="22.60207355953752994537353515625" lon="113.89314933679997920989990234375">
        <ele>8.3999996185302734375</ele>
        <time>2026-08-23T12:55:02.000Z</time>
        <extensions>
          <ns3:TrackPointExtension>
            <ns3:atemp>29.0</ns3:atemp>
            <ns3:hr>160</ns3:hr>
            <ns3:cad>85</ns3:cad>
          </ns3:TrackPointExtension>
        </extensions>
      </trkpt>
      <trkpt lat="22.6020672731101512908935546875" lon="113.89317716471850872039794921875">
        <ele>8</ele>
        <time>2026-08-23T12:55:03.000Z</time>
        <extensions>
          <ns3:TrackPointExtension>
            <ns3:atemp>29.0</ns3:atemp>
            <ns3:hr>160</ns3:hr>
            <ns3:cad>85</ns3:cad>
          </ns3:TrackPointExtension>
        </extensions>
      </trkpt>
      <trkpt lat="22.602057047188282012939453125" lon="113.89320801012217998504638671875">
        <ele>7.80000019073486328125</ele>
        <time>2026-08-23T12:55:04.000Z</time>
        <extensions>
          <ns3:TrackPointExtension>
            <ns3:atemp>29.0</ns3:atemp>
            <ns3:hr>160</ns3:hr>
            <ns3:cad>85</ns3:cad>
          </ns3:TrackPointExtension>
        </extensions>
      </trkpt>
      <trkpt lat="22.6020555384457111358642578125" lon="113.89323122799396514892578125">
        <ele>7.400000095367431640625</ele>
        <time>2026-08-23T12:55:05.000Z</time>
        <extensions>
          <ns3:TrackPointExtension>
            <ns3:atemp>29.0</ns3:atemp>
            <ns3:hr>160</ns3:hr>
            <ns3:cad>85</ns3:cad>
          </ns3:TrackPointExtension>
        </extensions>
      </trkpt>
      <trkpt lat="22.60204791091382503509521484375" lon="113.89326232485473155975341796875">
        <ele>7.19999980926513671875</ele>
        <time>2026-08-23T12:55:06.000Z</time>
        <extensions>
          <ns3:TrackPointExtension>
            <ns3:atemp>29.0</ns3:atemp>
            <ns3:hr>159</ns3:hr>
            <ns3:cad>85</ns3:cad>
          </ns3:TrackPointExtension>
        </extensions>
      </trkpt>
      <trkpt lat="22.60204187594354152679443359375" lon="113.89328797347843647003173828125">
        <ele>7.19999980926513671875</ele>
        <time>2026-08-23T12:55:07.000Z</time>
        <extensions>
          <ns3:TrackPointExtension>
            <ns3:atemp>29.0</ns3:atemp>
            <ns3:hr>159</ns3:hr>
            <ns3:cad>85</ns3:cad>
          </ns3:TrackPointExtension>
        </extensions>
      </trkpt>
      <trkpt lat="22.60204053483903408050537109375" lon="113.89331596903502941131591796875">
        <ele>7.19999980926513671875</ele>
        <time>2026-08-23T12:55:08.000Z</time>
        <extensions>
          <ns3:TrackPointExtension>
            <ns3:atemp>29.0</ns3:atemp>
            <ns3:hr>158</ns3:hr>
            <ns3:cad>85</ns3:cad>
          </ns3:TrackPointExtension>
        </extensions>
      </trkpt>
      <trkpt lat="22.6020347513258457183837890625" lon="113.89334597624838352203369140625">
        <ele>7.19999980926513671875</ele>
        <time>2026-08-23T12:55:09.000Z</time>
        <extensions>
          <ns3:TrackPointExtension>
            <ns3:atemp>29.0</ns3:atemp>
            <ns3:hr>158</ns3:hr>
            <ns3:cad>85</ns3:cad>
          </ns3:TrackPointExtension>
        </extensions>
      </trkpt>
      <trkpt lat="22.602030895650386810302734375" lon="113.89337279833853244781494140625">
        <ele>8.19999980926513671875</ele>
        <time>2026-08-23T12:55:10.000Z</time>
        <extensions>
          <ns3:TrackPointExtension>
            <ns3:atemp>29.0</ns3:atemp>
            <ns3:hr>158</ns3:hr>
            <ns3:cad>85</ns3:cad>
          </ns3:TrackPointExtension>
        </extensions>
      </trkpt>
      <trkpt lat="22.60202880017459392547607421875" lon="113.89340649358928203582763671875">
        <ele>9.6000003814697265625</ele>
        <time>2026-08-23T12:55:11.000Z</time>
        <extensions>
          <ns3:TrackPointExtension>
            <ns3:atemp>29.0</ns3:atemp>
            <ns3:hr>157</ns3:hr>
            <ns3:cad>85</ns3:cad>
          </ns3:TrackPointExtension>
        </extensions>
      </trkpt>
      <trkpt lat="22.60202326811850070953369140625" lon="113.893430046737194061279296875">
        <ele>10.19999980926513671875</ele>
        <time>2026-08-23T12:55:12.000Z</time>
        <extensions>
          <ns3:TrackPointExtension>
            <ns3:atemp>29.0</ns3:atemp>
            <ns3:hr>157</ns3:hr>
            <ns3:cad>85</ns3:cad>
          </ns3:TrackPointExtension>
        </extensions>
      </trkpt>
      <trkpt lat="22.6020163111388683319091796875" lon="113.8934563659131526947021484375">
        <ele>10.6000003814697265625</ele>
        <time>2026-08-23T12:55:13.000Z</time>
        <extensions>
          <ns3:TrackPointExtension>
            <ns3:atemp>29.0</ns3:atemp>
            <ns3:hr>157</ns3:hr>
            <ns3:cad>85</ns3:cad>
          </ns3:TrackPointExtension>
        </extensions>
      </trkpt>
      <trkpt lat="22.60201035998761653900146484375" lon="113.89347991906106472015380859375">
        <ele>10.80000019073486328125</ele>
        <time>2026-08-23T12:55:14.000Z</time>
        <extensions>
          <ns3:TrackPointExtension>
            <ns3:atemp>29.0</ns3:atemp>
            <ns3:hr>157</ns3:hr>
            <ns3:cad>85</ns3:cad>
          </ns3:TrackPointExtension>
        </extensions>
      </trkpt>
      <trkpt lat="22.602008096873760223388671875" lon="113.89350355602800846099853515625">
        <ele>11</ele>
        <time>2026-08-23T12:55:15.000Z</time>
        <extensions>
          <ns3:TrackPointExtension>
            <ns3:atemp>29.0</ns3:atemp>
            <ns3:hr>157</ns3:hr>
            <ns3:cad>86</ns3:cad>
          </ns3:TrackPointExtension>
        </extensions>
      </trkpt>
    </trkseg>
  </trk>
</gpx>
